<harm><nodes><node id="194046775629978204985298004981414630895" name="h0"><host_values><risk>1.0</risk><cost>1.0</cost><impact>1.0</impact><probability>1.0</probability></host_values><ignorable>False</ignorable><vulnerabilities><or><vulnerability id="257148822930109813541633602793698927566" name="k8"><vulner_values><risk>7.5</risk><cost>0.0</cost><impact>6.4</impact><probability>0.75</probability></vulner_values></vulnerability></or></vulnerabilities></node><node id="276432463395281377327582761473856011040" name="h23"><host_values><risk>1.0</risk><cost>1.0</cost><impact>1.0</impact><probability>1.0</probability></host_values><ignorable>False</ignorable><vulnerabilities><or><vulnerability id="270635006148892471641111427876948198654" name="v11"><vulner_values><risk>8.5</risk><cost>0.0</cost><impact>8.4</impact><probability>0.85</probability></vulner_values></vulnerability></or></vulnerabilities></node><node id="73825825010433838464795434537495975421" name="h95"><host_values><risk>1.0</risk><cost>1.0</cost><impact>1.0</impact><probability>1.0</probability></host_values><ignorable>False</ignorable><vulnerabilities><or><vulnerability id="213074586831544550852526109745403233871" name="v11"><vulner_values><risk>8.5</risk><cost>0.0</cost><impact>8.4</impact><probability>0.85</probability></vulner_values></vulnerability></or></vulnerabilities></node><node id="20428464787506164265867208717324770858" name="h1"><host_values><risk>1.0</risk><cost>1.0</cost><impact>1.0</impact><probability>1.0</probability></host_values><ignorable>False</ignorable><vulnerabilities><or><vulnerability id="143628021932214998398742221236809193534" name="k8"><vulner_values><risk>7.5</risk><cost>0.0</cost><impact>6.4</impact><probability>0.75</probability></vulner_values></vulnerability></or></vulnerabilities></node><node id="227484366828877177778089243753446915595" name="h12"><host_values><risk>1.0</risk><cost>1.0</cost><impact>1.0</impact><probability>1.0</probability></host_values><ignorable>False</ignorable><vulnerabilities><or><vulnerability id="132867116858955215209898002739499720331" name="v10"><vulner_values><risk>9.0</risk><cost>0.0</cost><impact>9.4</impact><probability>0.9</probability></vulner_values></vulnerability></or></vulnerabilities></node><node id="108327870137881062051055584666014032465" name="h37"><host_values><risk>1.0</risk><cost>1.0</cost><impact>1.0</impact><probability>1.0</probability></host_values><ignorable>False</ignorable><vulnerabilities><or><vulnerability id="309615226802231308519133082280921718077" name="v11"><vulner_values><risk>8.5</risk><cost>0.0</cost><impact>8.4</impact><probability>0.85</probability></vulner_values></vulnerability></or></vulnerabilities></node><node id="9207952365683596832846366757145337498" name="h47"><host_values><risk>1.0</risk><cost>1.0</cost><impact>1.0</impact><probability>1.0</probability></host_values><ignorable>False</ignorable><vulnerabilities><or><vulnerability id="293838209003281871289721796827664270782" name="k8"><vulner_values><risk>7.5</risk><cost>0.0</cost><impact>6.4</impact><probability>0.75</probability></vulner_values></vulnerability></or></vulnerabilities></node><node id="330046395355379132999118336643880397525" name="h3"><host_values><risk>1.0</risk><cost>1.0</cost><impact>1.0</impact><probability>1.0</probability></host_values><ignorable>False</ignorable><vulnerabilities><or><vulnerability id="182238001535978512283187174873187022134" name="v2"><vulner_values><risk>4.3</risk><cost>0.0</cost><impact>2.9</impact><probability>0.43</probability></vulner_values></vulnerability></or></vulnerabilities></node><node id="116545206962994608970850705173560669704" name="h92"><host_values><risk>1.0</risk><cost>1.0</cost><impact>1.0</impact><probability>1.0</probability></host_values><ignorable>False</ignorable><vulnerabilities><or><vulnerability id="72827555261262158378104530680902622521" name="v2"><vulner_values><risk>4.3</risk><cost>0.0</cost><impact>2.9</impact><probability>0.43</probability></vulner_values></vulnerability></or></vulnerabilities></node><node id="125501888756470583223903922756456792838" name="h96"><host_values><risk>1.0</risk><cost>1.0</cost><impact>1.0</impact><probability>1.0</probability></host_values><ignorable>False</ignorable><vulnerabilities><or><vulnerability id="110973713757162770917939955388363643194" name="v9"><vulner_values><risk>7.3</risk><cost>0.0</cost><impact>7.9</impact><probability>0.73</probability></vulner_values></vulnerability></or></vulnerabilities></node><node id="244375013305060549639228863702588977372" name="h6"><host_values><risk>1.0</risk><cost>1.0</cost><impact>1.0</impact><probability>1.0</probability></host_values><ignorable>False</ignorable><vulnerabilities><or><vulnerability id="164484106863371457832793431622943856399" name="v12"><vulner_values><risk>10.0</risk><cost>0.0</cost><impact>10.0</impact><probability>1.0</probability></vulner_values></vulnerability></or></vulnerabilities></node><node id="114146455760621875323079274337590548875" name="h48"><host_values><risk>1.0</risk><cost>1.0</cost><impact>1.0</impact><probability>1.0</probability></host_values><ignorable>False</ignorable><vulnerabilities><or><vulnerability id="156085843445621616070410732172623420610" name="v4"><vulner_values><risk>4.3</risk><cost>0.0</cost><impact>2.9</impact><probability>0.43</probability></vulner_values></vulnerability></or></vulnerabilities></node><node id="266913177990675501879530834262279342946" name="h59"><host_values><risk>1.0</risk><cost>1.0</cost><impact>1.0</impact><probability>1.0</probability></host_values><ignorable>False</ignorable><vulnerabilities><or><vulnerability id="152906032081890711386569142958276141069" name="v3"><vulner_values><risk>9.3</risk><cost>0.0</cost><impact>10.0</impact><probability>0.93</probability></vulner_values></vulnerability><vulnerability id="202179472047643281855633077242401200018" name="nd7"><vulner_values><risk>7.5</risk><cost>0.0</cost><impact>6.4</impact><probability>0.75</probability></vulner_values></vulnerability></or></vulnerabilities></node><node id="6627601651588348028512063279281927190" name="h7"><host_values><risk>1.0</risk><cost>1.0</cost><impact>1.0</impact><probability>1.0</probability></host_values><ignorable>False</ignorable><vulnerabilities><or><vulnerability id="290918506826216908865681745836782683720" name="v12"><vulner_values><risk>10.0</risk><cost>0.0</cost><impact>10.0</impact><probability>1.0</probability></vulner_values></vulnerability></or></vulnerabilities></node><node id="103495391971723934372712052822904022389" name="h5"><host_values><risk>1.0</risk><cost>1.0</cost><impact>1.0</impact><probability>1.0</probability></host_values><ignorable>False</ignorable><vulnerabilities><or><vulnerability id="126006823478178913553246035417052441951" name="v12"><vulner_values><risk>10.0</risk><cost>0.0</cost><impact>10.0</impact><probability>1.0</probability></vulner_values></vulnerability></or></vulnerabilities></node><node id="276551903147607190792006158213632303473" name="h15"><host_values><risk>1.0</risk><cost>1.0</cost><impact>1.0</impact><probability>1.0</probability></host_values><ignorable>False</ignorable><vulnerabilities><or><vulnerability id="301999621175242327555327378915499599775" name="v10"><vulner_values><risk>9.0</risk><cost>0.0</cost><impact>9.4</impact><probability>0.9</probability></vulner_values></vulnerability></or></vulnerabilities></node><node id="271234528951061846027248006123775759476" name="h13"><host_values><risk>1.0</risk><cost>1.0</cost><impact>1.0</impact><probability>1.0</probability></host_values><ignorable>False</ignorable><vulnerabilities><or><vulnerability id="263195141187001226979285181725374201684" name="v11"><vulner_values><risk>8.5</risk><cost>0.0</cost><impact>8.4</impact><probability>0.85</probability></vulner_values></vulnerability></or></vulnerabilities></node><node id="110149624996149591788859547631778822082" name="h45"><host_values><risk>1.0</risk><cost>1.0</cost><impact>1.0</impact><probability>1.0</probability></host_values><ignorable>False</ignorable><vulnerabilities><or><vulnerability id="195334224891553695183770625859216703016" name="v5"><vulner_values><risk>7.2</risk><cost>0.0</cost><impact>10.0</impact><probability>0.72</probability></vulner_values></vulnerability></or></vulnerabilities></node><node id="172935815131073174575707331537405819320" name="h66"><host_values><risk>1.0</risk><cost>1.0</cost><impact>1.0</impact><probability>1.0</probability></host_values><ignorable>False</ignorable><vulnerabilities><or><vulnerability id="334247035479786386438703801878848696900" name="v9"><vulner_values><risk>7.3</risk><cost>0.0</cost><impact>7.9</impact><probability>0.73</probability></vulner_values></vulnerability></or></vulnerabilities></node><node id="89192409980871737534215140718992954305" name="h103"><host_values><risk>1.0</risk><cost>1.0</cost><impact>1.0</impact><probability>1.0</probability></host_values><ignorable>False</ignorable><vulnerabilities><or><vulnerability id="181689225601640577555624564278690931912" name="v2"><vulner_values><risk>4.3</risk><cost>0.0</cost><impact>2.9</impact><probability>0.43</probability></vulner_values></vulnerability></or></vulnerabilities></node><node id="97510215646044920978288959239444905336" name="h119"><host_values><risk>1.0</risk><cost>1.0</cost><impact>1.0</impact><probability>1.0</probability></host_values><ignorable>False</ignorable><vulnerabilities><or><vulnerability id="255796361753620004865426135457424305354" name="v11"><vulner_values><risk>8.5</risk><cost>0.0</cost><impact>8.4</impact><probability>0.85</probability></vulner_values></vulnerability></or></vulnerabilities></node><node id="267609308117917925290148897379969419418" name="h22"><host_values><risk>1.0</risk><cost>1.0</cost><impact>1.0</impact><probability>1.0</probability></host_values><ignorable>False</ignorable><vulnerabilities><or><vulnerability id="334299584948573933215075280915885700260" name="v10"><vulner_values><risk>9.0</risk><cost>0.0</cost><impact>9.4</impact><probability>0.9</probability></vulner_values></vulnerability></or></vulnerabilities></node><node id="196122916875185298374738213154809558390" name="h85"><host_values><risk>1.0</risk><cost>1.0</cost><impact>1.0</impact><probability>1.0</probability></host_values><ignorable>False</ignorable><vulnerabilities><or><vulnerability id="24904694679889724015738681941150856894" name="v4"><vulner_values><risk>4.3</risk><cost>0.0</cost><impact>2.9</impact><probability>0.43</probability></vulner_values></vulnerability></or></vulnerabilities></node><node id="197077501026622163400027698131388625634" name="h18"><host_values><risk>1.0</risk><cost>1.0</cost><impact>1.0</impact><probability>1.0</probability></host_values><ignorable>False</ignorable><vulnerabilities><or><vulnerability id="304132789864323434234523772696134465567" name="v4"><vulner_values><risk>4.3</risk><cost>0.0</cost><impact>2.9</impact><probability>0.43</probability></vulner_values></vulnerability></or></vulnerabilities></node><node id="42779327534683728978169922206692555319" name="h67"><host_values><risk>1.0</risk><cost>1.0</cost><impact>1.0</impact><probability>1.0</probability></host_values><ignorable>False</ignorable><vulnerabilities><or><vulnerability id="197946526771314581010776945718976682852" name="v10"><vulner_values><risk>9.0</risk><cost>0.0</cost><impact>9.4</impact><probability>0.9</probability></vulner_values></vulnerability></or></vulnerabilities></node><node id="205108245594799742724020384647682230762" name="h19"><host_values><risk>1.0</risk><cost>1.0</cost><impact>1.0</impact><probability>1.0</probability></host_values><ignorable>False</ignorable><vulnerabilities><or><vulnerability id="217704907414856615132818850842244568696" name="v12"><vulner_values><risk>10.0</risk><cost>0.0</cost><impact>10.0</impact><probability>1.0</probability></vulner_values></vulnerability></or></vulnerabilities></node><node id="326182346566226585275758965466986468285" name="h25"><host_values><risk>1.0</risk><cost>1.0</cost><impact>1.0</impact><probability>1.0</probability></host_values><ignorable>False</ignorable><vulnerabilities><or><vulnerability id="84235699270367603391860540623992331475" name="v3"><vulner_values><risk>9.3</risk><cost>0.0</cost><impact>10.0</impact><probability>0.93</probability></vulner_values></vulnerability></or></vulnerabilities></node><node id="244277661253387747396845854828131510530" name="h61"><host_values><risk>1.0</risk><cost>1.0</cost><impact>1.0</impact><probability>1.0</probability></host_values><ignorable>False</ignorable><vulnerabilities><or><vulnerability id="125995041340502981927547679480887129760" name="v10"><vulner_values><risk>9.0</risk><cost>0.0</cost><impact>9.4</impact><probability>0.9</probability></vulner_values></vulnerability></or></vulnerabilities></node><node id="22460659466533687753217201701330912579" name="h76"><host_values><risk>1.0</risk><cost>1.0</cost><impact>1.0</impact><probability>1.0</probability></host_values><ignorable>False</ignorable><vulnerabilities><or><vulnerability id="44412281996222694561416206255918597134" name="v5"><vulner_values><risk>7.2</risk><cost>0.0</cost><impact>10.0</impact><probability>0.72</probability></vulner_values></vulnerability></or></vulnerabilities></node><node id="102567790638109692804485358215545343016" name="h20"><host_values><risk>1.0</risk><cost>1.0</cost><impact>1.0</impact><probability>1.0</probability></host_values><ignorable>False</ignorable><vulnerabilities><or><vulnerability id="32756442491019218434360420238246327109" name="v6"><vulner_values><risk>9.3</risk><cost>0.0</cost><impact>10.0</impact><probability>0.93</probability></vulner_values></vulnerability></or></vulnerabilities></node><node id="113634346619078308021914646234698949857" name="h52"><host_values><risk>1.0</risk><cost>1.0</cost><impact>1.0</impact><probability>1.0</probability></host_values><ignorable>False</ignorable><vulnerabilities><or><vulnerability id="320079179049707505098515941169580830573" name="v9"><vulner_values><risk>7.3</risk><cost>0.0</cost><impact>7.9</impact><probability>0.73</probability></vulner_values></vulnerability></or></vulnerabilities></node><node id="152423386985359982590969719206826802925" name="h133"><host_values><risk>1.0</risk><cost>1.0</cost><impact>1.0</impact><probability>1.0</probability></host_values><ignorable>False</ignorable><vulnerabilities><or><vulnerability id="687207874659672975055760672147934557" name="v2"><vulner_values><risk>4.3</risk><cost>0.0</cost><impact>2.9</impact><probability>0.43</probability></vulner_values></vulnerability></or></vulnerabilities></node><node id="325948181620906879125821962493789861804" name="h28"><host_values><risk>1.0</risk><cost>1.0</cost><impact>1.0</impact><probability>1.0</probability></host_values><ignorable>False</ignorable><vulnerabilities><or><vulnerability id="44116490768904358985663823296188163845" name="v12"><vulner_values><risk>10.0</risk><cost>0.0</cost><impact>10.0</impact><probability>1.0</probability></vulner_values></vulnerability></or></vulnerabilities></node><node id="160949013020618312819197379664199866707" name="h84"><host_values><risk>1.0</risk><cost>1.0</cost><impact>1.0</impact><probability>1.0</probability></host_values><ignorable>False</ignorable><vulnerabilities><or><vulnerability id="331360984339732693413396288098454193569" name="v4"><vulner_values><risk>4.3</risk><cost>0.0</cost><impact>2.9</impact><probability>0.43</probability></vulner_values></vulnerability></or></vulnerabilities></node><node id="6950479986562462080127365044633846909" name="h24"><host_values><risk>1.0</risk><cost>1.0</cost><impact>1.0</impact><probability>1.0</probability></host_values><ignorable>False</ignorable><vulnerabilities><or><vulnerability id="126724938897570400788226892325177202642" name="v6"><vulner_values><risk>9.3</risk><cost>0.0</cost><impact>10.0</impact><probability>0.93</probability></vulner_values></vulnerability></or></vulnerabilities></node><node id="89025822305097159059175336147854433311" name="h91"><host_values><risk>1.0</risk><cost>1.0</cost><impact>1.0</impact><probability>1.0</probability></host_values><ignorable>False</ignorable><vulnerabilities><or><vulnerability id="209020245221482919514403656987427210651" name="v12"><vulner_values><risk>10.0</risk><cost>0.0</cost><impact>10.0</impact><probability>1.0</probability></vulner_values></vulnerability></or></vulnerabilities></node><node id="105353587858709175292534519898545869180" name="h14"><host_values><risk>1.0</risk><cost>1.0</cost><impact>1.0</impact><probability>1.0</probability></host_values><ignorable>False</ignorable><vulnerabilities><or><vulnerability id="160390985266762516382043502412679518406" name="v6"><vulner_values><risk>9.3</risk><cost>0.0</cost><impact>10.0</impact><probability>0.93</probability></vulner_values></vulnerability></or></vulnerabilities></node><node id="65070564935752463623126338775459824647" name="h26"><host_values><risk>1.0</risk><cost>1.0</cost><impact>1.0</impact><probability>1.0</probability></host_values><ignorable>False</ignorable><vulnerabilities><or><vulnerability id="149886138626169929413675858379317775518" name="v11"><vulner_values><risk>8.5</risk><cost>0.0</cost><impact>8.4</impact><probability>0.85</probability></vulner_values></vulnerability></or></vulnerabilities></node><node id="63492205600237548914185158379018499414" name="h40"><host_values><risk>1.0</risk><cost>1.0</cost><impact>1.0</impact><probability>1.0</probability></host_values><ignorable>False</ignorable><vulnerabilities><or><vulnerability id="132152564932149609114419478484077122550" name="v12"><vulner_values><risk>10.0</risk><cost>0.0</cost><impact>10.0</impact><probability>1.0</probability></vulner_values></vulnerability></or></vulnerabilities></node><node id="76847409789842283953221742478687300357" name="h74"><host_values><risk>1.0</risk><cost>1.0</cost><impact>1.0</impact><probability>1.0</probability></host_values><ignorable>False</ignorable><vulnerabilities><or><vulnerability id="35720652350322243875657256929719051374" name="v9"><vulner_values><risk>7.3</risk><cost>0.0</cost><impact>7.9</impact><probability>0.73</probability></vulner_values></vulnerability></or></vulnerabilities></node><node id="182730447170091891368521857528996430407" name="h29"><host_values><risk>1.0</risk><cost>1.0</cost><impact>1.0</impact><probability>1.0</probability></host_values><ignorable>False</ignorable><vulnerabilities><or><vulnerability id="84735863755033258130838203115779735631" name="v11"><vulner_values><risk>8.5</risk><cost>0.0</cost><impact>8.4</impact><probability>0.85</probability></vulner_values></vulnerability></or></vulnerabilities></node><node id="37436610658671727862046901633669399053" name="h86"><host_values><risk>1.0</risk><cost>1.0</cost><impact>1.0</impact><probability>1.0</probability></host_values><ignorable>False</ignorable><vulnerabilities><or><vulnerability id="239978419137528789894720146502137998726" name="v5"><vulner_values><risk>7.2</risk><cost>0.0</cost><impact>10.0</impact><probability>0.72</probability></vulner_values></vulnerability></or></vulnerabilities></node><node id="48943615830917341687494725588758188908" name="h98"><host_values><risk>1.0</risk><cost>1.0</cost><impact>1.0</impact><probability>1.0</probability></host_values><ignorable>False</ignorable><vulnerabilities><or><vulnerability id="128960227322659653697549720105406279787" name="v4"><vulner_values><risk>4.3</risk><cost>0.0</cost><impact>2.9</impact><probability>0.43</probability></vulner_values></vulnerability></or></vulnerabilities></node><node id="66815319530139743549456618972827851998" name="h33"><host_values><risk>1.0</risk><cost>1.0</cost><impact>1.0</impact><probability>1.0</probability></host_values><ignorable>False</ignorable><vulnerabilities><or><vulnerability id="162113441776272060502524878230450362554" name="k8"><vulner_values><risk>7.5</risk><cost>0.0</cost><impact>6.4</impact><probability>0.75</probability></vulner_values></vulnerability></or></vulnerabilities></node><node id="334123147562812945118803314764388687883" name="h89"><host_values><risk>1.0</risk><cost>1.0</cost><impact>1.0</impact><probability>1.0</probability></host_values><ignorable>False</ignorable><vulnerabilities><or><vulnerability id="27735872170778766834337447818475532373" name="v3"><vulner_values><risk>9.3</risk><cost>0.0</cost><impact>10.0</impact><probability>0.93</probability></vulner_values></vulnerability></or></vulnerabilities></node><node id="252460207889641364792936223613148427222" name="h34"><host_values><risk>1.0</risk><cost>1.0</cost><impact>1.0</impact><probability>1.0</probability></host_values><ignorable>False</ignorable><vulnerabilities><or><vulnerability id="142572044954016636097575194668692442170" name="v9"><vulner_values><risk>7.3</risk><cost>0.0</cost><impact>7.9</impact><probability>0.73</probability></vulner_values></vulnerability></or></vulnerabilities></node><node id="158179455810082111205861583812892748293" name="h65"><host_values><risk>1.0</risk><cost>1.0</cost><impact>1.0</impact><probability>1.0</probability></host_values><ignorable>False</ignorable><vulnerabilities><or><vulnerability id="2941137062338146789471789048614983568" name="k8"><vulner_values><risk>7.5</risk><cost>0.0</cost><impact>6.4</impact><probability>0.75</probability></vulner_values></vulnerability></or></vulnerabilities></node><node id="274315724235568873920059694114060435394" name="h101"><host_values><risk>1.0</risk><cost>1.0</cost><impact>1.0</impact><probability>1.0</probability></host_values><ignorable>False</ignorable><vulnerabilities><or><vulnerability id="40159867970097880494666918621525602337" name="v3"><vulner_values><risk>9.3</risk><cost>0.0</cost><impact>10.0</impact><probability>0.93</probability></vulner_values></vulnerability></or></vulnerabilities></node><node id="241808011356330907533870042162548183753" name="h35"><host_values><risk>1.0</risk><cost>1.0</cost><impact>1.0</impact><probability>1.0</probability></host_values><ignorable>False</ignorable><vulnerabilities><or><vulnerability id="323981888081973458349048828131838170937" name="v4"><vulner_values><risk>4.3</risk><cost>0.0</cost><impact>2.9</impact><probability>0.43</probability></vulner_values></vulnerability></or></vulnerabilities></node><node id="77094408023116152251979166249928160723" name="h62"><host_values><risk>1.0</risk><cost>1.0</cost><impact>1.0</impact><probability>1.0</probability></host_values><ignorable>False</ignorable><vulnerabilities><or><vulnerability id="172304825132683320606589161519751852696" name="k8"><vulner_values><risk>7.5</risk><cost>0.0</cost><impact>6.4</impact><probability>0.75</probability></vulner_values></vulnerability></or></vulnerabilities></node><node id="253532257015140117931445697845270803661" name="h36"><host_values><risk>1.0</risk><cost>1.0</cost><impact>1.0</impact><probability>1.0</probability></host_values><ignorable>False</ignorable><vulnerabilities><or><vulnerability id="1474624887848315923910064139140531885" name="v6"><vulner_values><risk>9.3</risk><cost>0.0</cost><impact>10.0</impact><probability>0.93</probability></vulner_values></vulnerability></or></vulnerabilities></node><node id="223184519556494486571413892470255371719" name="h38"><host_values><risk>1.0</risk><cost>1.0</cost><impact>1.0</impact><probability>1.0</probability></host_values><ignorable>False</ignorable><vulnerabilities><or><vulnerability id="215467261749132881935614689982162688503" name="v11"><vulner_values><risk>8.5</risk><cost>0.0</cost><impact>8.4</impact><probability>0.85</probability></vulner_values></vulnerability></or></vulnerabilities></node><node id="129732503975039496338852427447193600781" name="h39"><host_values><risk>1.0</risk><cost>1.0</cost><impact>1.0</impact><probability>1.0</probability></host_values><ignorable>False</ignorable><vulnerabilities><or><vulnerability id="212570851820442226060042337688852682210" name="v4"><vulner_values><risk>4.3</risk><cost>0.0</cost><impact>2.9</impact><probability>0.43</probability></vulner_values></vulnerability></or></vulnerabilities></node><node id="46950920940051120369982575881009825142" name="h115"><host_values><risk>1.0</risk><cost>1.0</cost><impact>1.0</impact><probability>1.0</probability></host_values><ignorable>False</ignorable><vulnerabilities><or><vulnerability id="16479723010446428398850268572047970654" name="k8"><vulner_values><risk>7.5</risk><cost>0.0</cost><impact>6.4</impact><probability>0.75</probability></vulner_values></vulnerability></or></vulnerabilities></node><node id="115148125093478622022065493873036651354" name="h55"><host_values><risk>1.0</risk><cost>1.0</cost><impact>1.0</impact><probability>1.0</probability></host_values><ignorable>False</ignorable><vulnerabilities><or><vulnerability id="37187221342877316741902143006681747024" name="v11"><vulner_values><risk>8.5</risk><cost>0.0</cost><impact>8.4</impact><probability>0.85</probability></vulner_values></vulnerability></or></vulnerabilities></node><node id="63348404995100237764830533062942062653" name="h41"><host_values><risk>1.0</risk><cost>1.0</cost><impact>1.0</impact><probability>1.0</probability></host_values><ignorable>False</ignorable><vulnerabilities><or><vulnerability id="52649578096381425676757465421540247723" name="v2"><vulner_values><risk>4.3</risk><cost>0.0</cost><impact>2.9</impact><probability>0.43</probability></vulner_values></vulnerability></or></vulnerabilities></node><node id="209544409207255999301292010017518654104" name="h42"><host_values><risk>1.0</risk><cost>1.0</cost><impact>1.0</impact><probability>1.0</probability></host_values><ignorable>False</ignorable><vulnerabilities><or><vulnerability id="262488757159561855438045181324758904432" name="v12"><vulner_values><risk>10.0</risk><cost>0.0</cost><impact>10.0</impact><probability>1.0</probability></vulner_values></vulnerability></or></vulnerabilities></node><node id="126604869815325538428001578200248685906" name="h44"><host_values><risk>1.0</risk><cost>1.0</cost><impact>1.0</impact><probability>1.0</probability></host_values><ignorable>False</ignorable><vulnerabilities><or><vulnerability id="339935832257768596901330031217109050445" name="v2"><vulner_values><risk>4.3</risk><cost>0.0</cost><impact>2.9</impact><probability>0.43</probability></vulner_values></vulnerability></or></vulnerabilities></node><node id="222834810142593731453082067574691843821" name="h110"><host_values><risk>1.0</risk><cost>1.0</cost><impact>1.0</impact><probability>1.0</probability></host_values><ignorable>False</ignorable><vulnerabilities><or><vulnerability id="60439535537706163552104346846828781045" name="v9"><vulner_values><risk>7.3</risk><cost>0.0</cost><impact>7.9</impact><probability>0.73</probability></vulner_values></vulnerability></or></vulnerabilities></node><node id="165662375642410969760026117373637536382" name="h16"><host_values><risk>1.0</risk><cost>1.0</cost><impact>1.0</impact><probability>1.0</probability></host_values><ignorable>False</ignorable><vulnerabilities><or><vulnerability id="215643634680346437445542035720751182532" name="v10"><vulner_values><risk>9.0</risk><cost>0.0</cost><impact>9.4</impact><probability>0.9</probability></vulner_values></vulnerability></or></vulnerabilities></node><node id="331383179108520041480653896837041913272" name="h72"><host_values><risk>1.0</risk><cost>1.0</cost><impact>1.0</impact><probability>1.0</probability></host_values><ignorable>False</ignorable><vulnerabilities><or><vulnerability id="160433916757829999532616843521193354126" name="v2"><vulner_values><risk>4.3</risk><cost>0.0</cost><impact>2.9</impact><probability>0.43</probability></vulner_values></vulnerability></or></vulnerabilities></node><node id="214183686258673807105353959800103552439" name="h73"><host_values><risk>1.0</risk><cost>1.0</cost><impact>1.0</impact><probability>1.0</probability></host_values><ignorable>False</ignorable><vulnerabilities><or><vulnerability id="34761054887261365597023140750939592567" name="v4"><vulner_values><risk>4.3</risk><cost>0.0</cost><impact>2.9</impact><probability>0.43</probability></vulner_values></vulnerability></or></vulnerabilities></node><node id="246558453954424464899932649057224504284" name="hDB3"><host_values><risk>1.0</risk><cost>1.0</cost><impact>1.0</impact><probability>1.0</probability></host_values><ignorable>False</ignorable><vulnerabilities><or><vulnerability id="73654552243923057103745455182446371865" name="k8"><vulner_values><risk>7.5</risk><cost>0.0</cost><impact>6.4</impact><probability>0.75</probability></vulner_values></vulnerability><vulnerability id="63837281358859378448916388937323383089" name="v11"><vulner_values><risk>8.5</risk><cost>0.0</cost><impact>8.4</impact><probability>0.85</probability></vulner_values></vulnerability></or></vulnerabilities></node><node id="196967070366799204528997465163355741837" name="h80"><host_values><risk>1.0</risk><cost>1.0</cost><impact>1.0</impact><probability>1.0</probability></host_values><ignorable>False</ignorable><vulnerabilities><or><vulnerability id="323759470589494824760013370557778936089" name="v11"><vulner_values><risk>8.5</risk><cost>0.0</cost><impact>8.4</impact><probability>0.85</probability></vulner_values></vulnerability></or></vulnerabilities></node><node id="178345569603067818538327356164787635919" name="h130"><host_values><risk>1.0</risk><cost>1.0</cost><impact>1.0</impact><probability>1.0</probability></host_values><ignorable>False</ignorable><vulnerabilities><or><vulnerability id="21454180914035386575653110403591355739" name="v2"><vulner_values><risk>4.3</risk><cost>0.0</cost><impact>2.9</impact><probability>0.43</probability></vulner_values></vulnerability></or></vulnerabilities></node><node id="22354207280213403795760689201924874442" name="h49"><host_values><risk>1.0</risk><cost>1.0</cost><impact>1.0</impact><probability>1.0</probability></host_values><ignorable>False</ignorable><vulnerabilities><or><vulnerability id="323225130596085416333921644021754765232" name="v12"><vulner_values><risk>10.0</risk><cost>0.0</cost><impact>10.0</impact><probability>1.0</probability></vulner_values></vulnerability></or></vulnerabilities></node><node id="98036447450599104188932612350878736121" name="h121"><host_values><risk>1.0</risk><cost>1.0</cost><impact>1.0</impact><probability>1.0</probability></host_values><ignorable>False</ignorable><vulnerabilities><or><vulnerability id="320600593986180457187462577785787054302" name="v12"><vulner_values><risk>10.0</risk><cost>0.0</cost><impact>10.0</impact><probability>1.0</probability></vulner_values></vulnerability></or></vulnerabilities></node><node id="212550953124012203619807851185332654226" name="h50"><host_values><risk>1.0</risk><cost>1.0</cost><impact>1.0</impact><probability>1.0</probability></host_values><ignorable>False</ignorable><vulnerabilities><or><vulnerability id="228768699707597658511125143465931414689" name="v2"><vulner_values><risk>4.3</risk><cost>0.0</cost><impact>2.9</impact><probability>0.43</probability></vulner_values></vulnerability></or></vulnerabilities></node><node id="274643259109716597788525285729375413293" name="h51"><host_values><risk>1.0</risk><cost>1.0</cost><impact>1.0</impact><probability>1.0</probability></host_values><ignorable>False</ignorable><vulnerabilities><or><vulnerability id="322561477604936750978406387022315956113" name="v6"><vulner_values><risk>9.3</risk><cost>0.0</cost><impact>10.0</impact><probability>0.93</probability></vulner_values></vulnerability></or></vulnerabilities></node><node id="64107741011262862162556288628972676730" name="h58"><host_values><risk>1.0</risk><cost>1.0</cost><impact>1.0</impact><probability>1.0</probability></host_values><ignorable>False</ignorable><vulnerabilities><or><vulnerability id="32068527189593353894139408461924343380" name="v12"><vulner_values><risk>10.0</risk><cost>0.0</cost><impact>10.0</impact><probability>1.0</probability></vulner_values></vulnerability></or></vulnerabilities></node><node id="132128419142678853772761549064717434330" name="h105"><host_values><risk>1.0</risk><cost>1.0</cost><impact>1.0</impact><probability>1.0</probability></host_values><ignorable>False</ignorable><vulnerabilities><or><vulnerability id="39261684773570953784825604191400377140" name="v3"><vulner_values><risk>9.3</risk><cost>0.0</cost><impact>10.0</impact><probability>0.93</probability></vulner_values></vulnerability></or></vulnerabilities></node><node id="232882607248287079462048657361751364913" name="h118"><host_values><risk>1.0</risk><cost>1.0</cost><impact>1.0</impact><probability>1.0</probability></host_values><ignorable>False</ignorable><vulnerabilities><or><vulnerability id="178563137245412022276870104326430170200" name="v5"><vulner_values><risk>7.2</risk><cost>0.0</cost><impact>10.0</impact><probability>0.72</probability></vulner_values></vulnerability></or></vulnerabilities></node><node id="290408352476339763735717605062713516909" name="h81"><host_values><risk>1.0</risk><cost>1.0</cost><impact>1.0</impact><probability>1.0</probability></host_values><ignorable>False</ignorable><vulnerabilities><or><vulnerability id="333316902577271453743868446729676103638" name="v5"><vulner_values><risk>7.2</risk><cost>0.0</cost><impact>10.0</impact><probability>0.72</probability></vulner_values></vulnerability></or></vulnerabilities></node><node id="172874568568162819216958041729877135370" name="h53"><host_values><risk>1.0</risk><cost>1.0</cost><impact>1.0</impact><probability>1.0</probability></host_values><ignorable>False</ignorable><vulnerabilities><or><vulnerability id="21539872942000391078123645232625779712" name="v12"><vulner_values><risk>10.0</risk><cost>0.0</cost><impact>10.0</impact><probability>1.0</probability></vulner_values></vulnerability></or></vulnerabilities></node><node id="86589418478281396899350877094588207902" name="h78"><host_values><risk>1.0</risk><cost>1.0</cost><impact>1.0</impact><probability>1.0</probability></host_values><ignorable>False</ignorable><vulnerabilities><or><vulnerability id="152129393002056388377953321578977825617" name="v9"><vulner_values><risk>7.3</risk><cost>0.0</cost><impact>7.9</impact><probability>0.73</probability></vulner_values></vulnerability></or></vulnerabilities></node><node id="254443671166474234488201563647221021033" name="h54"><host_values><risk>1.0</risk><cost>1.0</cost><impact>1.0</impact><probability>1.0</probability></host_values><ignorable>False</ignorable><vulnerabilities><or><vulnerability id="261042140450376927339893721879427185381" name="v12"><vulner_values><risk>10.0</risk><cost>0.0</cost><impact>10.0</impact><probability>1.0</probability></vulner_values></vulnerability></or></vulnerabilities></node><node id="209908166206794822416684696218438033940" name="h56"><host_values><risk>1.0</risk><cost>1.0</cost><impact>1.0</impact><probability>1.0</probability></host_values><ignorable>False</ignorable><vulnerabilities><or><vulnerability id="94037703872215313691904054499897718480" name="v11"><vulner_values><risk>8.5</risk><cost>0.0</cost><impact>8.4</impact><probability>0.85</probability></vulner_values></vulnerability></or></vulnerabilities></node><node id="74887490864556722935287072337237303633" name="h60"><host_values><risk>1.0</risk><cost>1.0</cost><impact>1.0</impact><probability>1.0</probability></host_values><ignorable>False</ignorable><vulnerabilities><or><vulnerability id="58407180846334303481167706987237151741" name="v11"><vulner_values><risk>8.5</risk><cost>0.0</cost><impact>8.4</impact><probability>0.85</probability></vulner_values></vulnerability></or></vulnerabilities></node><node id="166484921883798386196008638363600225576" name="h112"><host_values><risk>1.0</risk><cost>1.0</cost><impact>1.0</impact><probability>1.0</probability></host_values><ignorable>False</ignorable><vulnerabilities><or><vulnerability id="335973434253612129339098006144007521555" name="v11"><vulner_values><risk>8.5</risk><cost>0.0</cost><impact>8.4</impact><probability>0.85</probability></vulner_values></vulnerability></or></vulnerabilities></node><node id="103429785819052505060558816111827122327" name="h127"><host_values><risk>1.0</risk><cost>1.0</cost><impact>1.0</impact><probability>1.0</probability></host_values><ignorable>False</ignorable><vulnerabilities><or><vulnerability id="252823192857544919048565988655049111281" name="v2"><vulner_values><risk>4.3</risk><cost>0.0</cost><impact>2.9</impact><probability>0.43</probability></vulner_values></vulnerability></or></vulnerabilities></node><node id="53258884390100550166587746575410446977" name="h128"><host_values><risk>1.0</risk><cost>1.0</cost><impact>1.0</impact><probability>1.0</probability></host_values><ignorable>False</ignorable><vulnerabilities><or><vulnerability id="78091179533607932533960244383325946337" name="k8"><vulner_values><risk>7.5</risk><cost>0.0</cost><impact>6.4</impact><probability>0.75</probability></vulner_values></vulnerability></or></vulnerabilities></node><node id="203431649451581825761168699539270525589" name="h63"><host_values><risk>1.0</risk><cost>1.0</cost><impact>1.0</impact><probability>1.0</probability></host_values><ignorable>False</ignorable><vulnerabilities><or><vulnerability id="139031244987126436326490473391244358082" name="v11"><vulner_values><risk>8.5</risk><cost>0.0</cost><impact>8.4</impact><probability>0.85</probability></vulner_values></vulnerability></or></vulnerabilities></node><node id="175231222632339149940849153731938734585" name="h46"><host_values><risk>1.0</risk><cost>1.0</cost><impact>1.0</impact><probability>1.0</probability></host_values><ignorable>False</ignorable><vulnerabilities><or><vulnerability id="31029831049988272565780797879848310256" name="v9"><vulner_values><risk>7.3</risk><cost>0.0</cost><impact>7.9</impact><probability>0.73</probability></vulner_values></vulnerability></or></vulnerabilities></node><node id="147329346940431026119223568112943991843" name="h69"><host_values><risk>1.0</risk><cost>1.0</cost><impact>1.0</impact><probability>1.0</probability></host_values><ignorable>False</ignorable><vulnerabilities><or><vulnerability id="156165934023514336348826244626079299671" name="v10"><vulner_values><risk>9.0</risk><cost>0.0</cost><impact>9.4</impact><probability>0.9</probability></vulner_values></vulnerability></or></vulnerabilities></node><node id="44492189608306341483754259127866523381" name="h114"><host_values><risk>1.0</risk><cost>1.0</cost><impact>1.0</impact><probability>1.0</probability></host_values><ignorable>False</ignorable><vulnerabilities><or><vulnerability id="87641361403526426315438850531722616837" name="v12"><vulner_values><risk>10.0</risk><cost>0.0</cost><impact>10.0</impact><probability>1.0</probability></vulner_values></vulnerability></or></vulnerabilities></node><node id="323318833304545621631538617611708388001" name="h71"><host_values><risk>1.0</risk><cost>1.0</cost><impact>1.0</impact><probability>1.0</probability></host_values><ignorable>False</ignorable><vulnerabilities><or><vulnerability id="44767840038273821439372291835095486861" name="v5"><vulner_values><risk>7.2</risk><cost>0.0</cost><impact>10.0</impact><probability>0.72</probability></vulner_values></vulnerability></or></vulnerabilities></node><node id="83577485523390929129642434215912689008" name="h32"><host_values><risk>1.0</risk><cost>1.0</cost><impact>1.0</impact><probability>1.0</probability></host_values><ignorable>False</ignorable><vulnerabilities><or><vulnerability id="29835626077538413396995116520246094892" name="v9"><vulner_values><risk>7.3</risk><cost>0.0</cost><impact>7.9</impact><probability>0.73</probability></vulner_values></vulnerability></or></vulnerabilities></node><node id="286355664121143217980912552168397815178" name="h75"><host_values><risk>1.0</risk><cost>1.0</cost><impact>1.0</impact><probability>1.0</probability></host_values><ignorable>False</ignorable><vulnerabilities><or><vulnerability id="313889430448923179597836700206149843131" name="v6"><vulner_values><risk>9.3</risk><cost>0.0</cost><impact>10.0</impact><probability>0.93</probability></vulner_values></vulnerability></or></vulnerabilities></node><node id="166364939478020369483282527734361916459" name="h68"><host_values><risk>1.0</risk><cost>1.0</cost><impact>1.0</impact><probability>1.0</probability></host_values><ignorable>False</ignorable><vulnerabilities><or><vulnerability id="197567274971148788435726183478873408132" name="v5"><vulner_values><risk>7.2</risk><cost>0.0</cost><impact>10.0</impact><probability>0.72</probability></vulner_values></vulnerability></or></vulnerabilities></node><node id="125022877465603846616237721133796575976" name="h87"><host_values><risk>1.0</risk><cost>1.0</cost><impact>1.0</impact><probability>1.0</probability></host_values><ignorable>False</ignorable><vulnerabilities><or><vulnerability id="314337010581644528233677569880172861463" name="v12"><vulner_values><risk>10.0</risk><cost>0.0</cost><impact>10.0</impact><probability>1.0</probability></vulner_values></vulnerability></or></vulnerabilities></node><node id="161118121981892497877805245935658580201" name="h77"><host_values><risk>1.0</risk><cost>1.0</cost><impact>1.0</impact><probability>1.0</probability></host_values><ignorable>False</ignorable><vulnerabilities><or><vulnerability id="63362484118654687093689517106063789423" name="v5"><vulner_values><risk>7.2</risk><cost>0.0</cost><impact>10.0</impact><probability>0.72</probability></vulner_values></vulnerability></or></vulnerabilities></node><node id="281074854763588313248299256169723869894" name="h79"><host_values><risk>1.0</risk><cost>1.0</cost><impact>1.0</impact><probability>1.0</probability></host_values><ignorable>False</ignorable><vulnerabilities><or><vulnerability id="71984886918695910574892490407363284763" name="v4"><vulner_values><risk>4.3</risk><cost>0.0</cost><impact>2.9</impact><probability>0.43</probability></vulner_values></vulnerability></or></vulnerabilities></node><node id="330626938425591930267845661718951749758" name="h113"><host_values><risk>1.0</risk><cost>1.0</cost><impact>1.0</impact><probability>1.0</probability></host_values><ignorable>False</ignorable><vulnerabilities><or><vulnerability id="208059321761028817476118799375381869193" name="v6"><vulner_values><risk>9.3</risk><cost>0.0</cost><impact>10.0</impact><probability>0.93</probability></vulner_values></vulnerability></or></vulnerabilities></node><node id="314944127058633798973655171288981366449" name="h82"><host_values><risk>1.0</risk><cost>1.0</cost><impact>1.0</impact><probability>1.0</probability></host_values><ignorable>False</ignorable><vulnerabilities><or><vulnerability id="326680698855882768029935258395722034194" name="v6"><vulner_values><risk>9.3</risk><cost>0.0</cost><impact>10.0</impact><probability>0.93</probability></vulner_values></vulnerability></or></vulnerabilities></node><node id="316862918420438414825602594414543770165" name="h97"><host_values><risk>1.0</risk><cost>1.0</cost><impact>1.0</impact><probability>1.0</probability></host_values><ignorable>False</ignorable><vulnerabilities><or><vulnerability id="115985113849477321339310573307489566849" name="v6"><vulner_values><risk>9.3</risk><cost>0.0</cost><impact>10.0</impact><probability>0.93</probability></vulner_values></vulnerability></or></vulnerabilities></node><node id="17367652613865261690176320875107032031" name="h88"><host_values><risk>1.0</risk><cost>1.0</cost><impact>1.0</impact><probability>1.0</probability></host_values><ignorable>False</ignorable><vulnerabilities><or><vulnerability id="149939717114793123933316035834161834184" name="v11"><vulner_values><risk>8.5</risk><cost>0.0</cost><impact>8.4</impact><probability>0.85</probability></vulner_values></vulnerability></or></vulnerabilities></node><node id="1913220726776641530886248385585936879" name="h90"><host_values><risk>1.0</risk><cost>1.0</cost><impact>1.0</impact><probability>1.0</probability></host_values><ignorable>False</ignorable><vulnerabilities><or><vulnerability id="155429226384093026617830667926391828177" name="v4"><vulner_values><risk>4.3</risk><cost>0.0</cost><impact>2.9</impact><probability>0.43</probability></vulner_values></vulnerability></or></vulnerabilities></node><node id="193817618149413015278587575681372122904" name="h102"><host_values><risk>1.0</risk><cost>1.0</cost><impact>1.0</impact><probability>1.0</probability></host_values><ignorable>False</ignorable><vulnerabilities><or><vulnerability id="253538831308206859928202465401848187359" name="v11"><vulner_values><risk>8.5</risk><cost>0.0</cost><impact>8.4</impact><probability>0.85</probability></vulner_values></vulnerability></or></vulnerabilities></node><node id="321057542571845969226296161150408919379" name="h106"><host_values><risk>1.0</risk><cost>1.0</cost><impact>1.0</impact><probability>1.0</probability></host_values><ignorable>False</ignorable><vulnerabilities><or><vulnerability id="79829980205722106556790832400070068460" name="v12"><vulner_values><risk>10.0</risk><cost>0.0</cost><impact>10.0</impact><probability>1.0</probability></vulner_values></vulnerability></or></vulnerabilities></node><node id="334343413432550509267567983039050439761" name="h94"><host_values><risk>1.0</risk><cost>1.0</cost><impact>1.0</impact><probability>1.0</probability></host_values><ignorable>False</ignorable><vulnerabilities><or><vulnerability id="231008542505306161473671716751992071963" name="v10"><vulner_values><risk>9.0</risk><cost>0.0</cost><impact>9.4</impact><probability>0.9</probability></vulner_values></vulnerability></or></vulnerabilities></node><node id="88514248924908822935118181164687170308" name="h116"><host_values><risk>1.0</risk><cost>1.0</cost><impact>1.0</impact><probability>1.0</probability></host_values><ignorable>False</ignorable><vulnerabilities><or><vulnerability id="36136131465149733233942871103754889302" name="v9"><vulner_values><risk>7.3</risk><cost>0.0</cost><impact>7.9</impact><probability>0.73</probability></vulner_values></vulnerability></or></vulnerabilities></node><node id="220196693671964860148805653174099481646" name="h99"><host_values><risk>1.0</risk><cost>1.0</cost><impact>1.0</impact><probability>1.0</probability></host_values><ignorable>False</ignorable><vulnerabilities><or><vulnerability id="180759364813780670976890322226993742535" name="v12"><vulner_values><risk>10.0</risk><cost>0.0</cost><impact>10.0</impact><probability>1.0</probability></vulner_values></vulnerability></or></vulnerabilities></node><node id="99050287359340016291756595528326843249" name="h100"><host_values><risk>1.0</risk><cost>1.0</cost><impact>1.0</impact><probability>1.0</probability></host_values><ignorable>False</ignorable><vulnerabilities><or><vulnerability id="195273350780917122646583279279748599355" name="v2"><vulner_values><risk>4.3</risk><cost>0.0</cost><impact>2.9</impact><probability>0.43</probability></vulner_values></vulnerability></or></vulnerabilities></node><node id="220688859719416664666168886366829163089" name="h2"><host_values><risk>1.0</risk><cost>1.0</cost><impact>1.0</impact><probability>1.0</probability></host_values><ignorable>False</ignorable><vulnerabilities><or><vulnerability id="129200707447097096657295699188190383783" name="v3"><vulner_values><risk>9.3</risk><cost>0.0</cost><impact>10.0</impact><probability>0.93</probability></vulner_values></vulnerability><vulnerability id="219422437119711677530289744667159529416" name="nd1"><vulner_values><risk>5.0</risk><cost>0.0</cost><impact>2.9</impact><probability>0.5</probability></vulner_values></vulnerability></or></vulnerabilities></node><node id="317014191690458353189467727331326083981" name="h8"><host_values><risk>1.0</risk><cost>1.0</cost><impact>1.0</impact><probability>1.0</probability></host_values><ignorable>False</ignorable><vulnerabilities><or><vulnerability id="197015724296888091215298583603784418375" name="v10"><vulner_values><risk>9.0</risk><cost>0.0</cost><impact>9.4</impact><probability>0.9</probability></vulner_values></vulnerability></or></vulnerabilities></node><node id="301462290536395321102861391924319551593" name="h21"><host_values><risk>1.0</risk><cost>1.0</cost><impact>1.0</impact><probability>1.0</probability></host_values><ignorable>False</ignorable><vulnerabilities><or><vulnerability id="301420789982672198146178284260436148583" name="v4"><vulner_values><risk>4.3</risk><cost>0.0</cost><impact>2.9</impact><probability>0.43</probability></vulner_values></vulnerability></or></vulnerabilities></node><node id="296357706089620343459145079749310363685" name="h104"><host_values><risk>1.0</risk><cost>1.0</cost><impact>1.0</impact><probability>1.0</probability></host_values><ignorable>False</ignorable><vulnerabilities><or><vulnerability id="118813990662303904114885622327868265482" name="v6"><vulner_values><risk>9.3</risk><cost>0.0</cost><impact>10.0</impact><probability>0.93</probability></vulner_values></vulnerability></or></vulnerabilities></node><node id="109180172522540486060713152505705444928" name="h107"><host_values><risk>1.0</risk><cost>1.0</cost><impact>1.0</impact><probability>1.0</probability></host_values><ignorable>False</ignorable><vulnerabilities><or><vulnerability id="224411128240207959381237043692025695955" name="v10"><vulner_values><risk>9.0</risk><cost>0.0</cost><impact>9.4</impact><probability>0.9</probability></vulner_values></vulnerability></or></vulnerabilities></node><node id="256358845525946293374426613313734855069" name="h108"><host_values><risk>1.0</risk><cost>1.0</cost><impact>1.0</impact><probability>1.0</probability></host_values><ignorable>False</ignorable><vulnerabilities><or><vulnerability id="269321510410314189440654448450838563789" name="v12"><vulner_values><risk>10.0</risk><cost>0.0</cost><impact>10.0</impact><probability>1.0</probability></vulner_values></vulnerability></or></vulnerabilities></node><node id="101802337543886729993548396735817862976" name="h109"><host_values><risk>1.0</risk><cost>1.0</cost><impact>1.0</impact><probability>1.0</probability></host_values><ignorable>False</ignorable><vulnerabilities><or><vulnerability id="146596393125315959779193472764661053143" name="v10"><vulner_values><risk>9.0</risk><cost>0.0</cost><impact>9.4</impact><probability>0.9</probability></vulner_values></vulnerability></or></vulnerabilities></node><node id="241813368921661605155738164252797549930" name="h111"><host_values><risk>1.0</risk><cost>1.0</cost><impact>1.0</impact><probability>1.0</probability></host_values><ignorable>False</ignorable><vulnerabilities><or><vulnerability id="189240548836851880259250047145040556297" name="v9"><vulner_values><risk>7.3</risk><cost>0.0</cost><impact>7.9</impact><probability>0.73</probability></vulner_values></vulnerability></or></vulnerabilities></node><node id="244974957968502682005049867228043890844" name="h124"><host_values><risk>1.0</risk><cost>1.0</cost><impact>1.0</impact><probability>1.0</probability></host_values><ignorable>False</ignorable><vulnerabilities><or><vulnerability id="314214345186256673459330111227381213768" name="v4"><vulner_values><risk>4.3</risk><cost>0.0</cost><impact>2.9</impact><probability>0.43</probability></vulner_values></vulnerability><vulnerability id="282152620054766290644921917361213865836" name="nd1"><vulner_values><risk>5.0</risk><cost>0.0</cost><impact>2.9</impact><probability>0.5</probability></vulner_values></vulnerability></or></vulnerabilities></node><node id="293258120194510074093853195522470550200" name="h17"><host_values><risk>1.0</risk><cost>1.0</cost><impact>1.0</impact><probability>1.0</probability></host_values><ignorable>False</ignorable><vulnerabilities><or><vulnerability id="226125493384886833902628733502257119236" name="v11"><vulner_values><risk>8.5</risk><cost>0.0</cost><impact>8.4</impact><probability>0.85</probability></vulner_values></vulnerability></or></vulnerabilities></node><node id="127539007824747812501368128852563747090" name="h117"><host_values><risk>1.0</risk><cost>1.0</cost><impact>1.0</impact><probability>1.0</probability></host_values><ignorable>False</ignorable><vulnerabilities><or><vulnerability id="105325999278351161249628480646505072767" name="v11"><vulner_values><risk>8.5</risk><cost>0.0</cost><impact>8.4</impact><probability>0.85</probability></vulner_values></vulnerability></or></vulnerabilities></node><node id="189828256077207273890215981106851729492" name="h43"><host_values><risk>1.0</risk><cost>1.0</cost><impact>1.0</impact><probability>1.0</probability></host_values><ignorable>False</ignorable><vulnerabilities><or><vulnerability id="255059762908505147585099715531513370673" name="v2"><vulner_values><risk>4.3</risk><cost>0.0</cost><impact>2.9</impact><probability>0.43</probability></vulner_values></vulnerability></or></vulnerabilities></node><node id="243390601394734513795372231931400747385" name="h120"><host_values><risk>1.0</risk><cost>1.0</cost><impact>1.0</impact><probability>1.0</probability></host_values><ignorable>False</ignorable><vulnerabilities><or><vulnerability id="144609583938808716838162805244155343791" name="v5"><vulner_values><risk>7.2</risk><cost>0.0</cost><impact>10.0</impact><probability>0.72</probability></vulner_values></vulnerability></or></vulnerabilities></node><node id="338849302437866202961437649018452322619" name="h122"><host_values><risk>1.0</risk><cost>1.0</cost><impact>1.0</impact><probability>1.0</probability></host_values><ignorable>False</ignorable><vulnerabilities><or><vulnerability id="69562983053088054132391559711709967355" name="v3"><vulner_values><risk>9.3</risk><cost>0.0</cost><impact>10.0</impact><probability>0.93</probability></vulner_values></vulnerability></or></vulnerabilities></node><node id="199647697616565511049501755605001613140" name="h125"><host_values><risk>1.0</risk><cost>1.0</cost><impact>1.0</impact><probability>1.0</probability></host_values><ignorable>False</ignorable><vulnerabilities><or><vulnerability id="84201201195885448734269175329890821643" name="v12"><vulner_values><risk>10.0</risk><cost>0.0</cost><impact>10.0</impact><probability>1.0</probability></vulner_values></vulnerability></or></vulnerabilities></node><node id="299160539314392466035669730441510622980" name="h123"><host_values><risk>1.0</risk><cost>1.0</cost><impact>1.0</impact><probability>1.0</probability></host_values><ignorable>False</ignorable><vulnerabilities><or><vulnerability id="102783564595919394299486169302216123541" name="v6"><vulner_values><risk>9.3</risk><cost>0.0</cost><impact>10.0</impact><probability>0.93</probability></vulner_values></vulnerability></or></vulnerabilities></node><node id="30274908037672196713203733389220903097" name="h93"><host_values><risk>1.0</risk><cost>1.0</cost><impact>1.0</impact><probability>1.0</probability></host_values><ignorable>False</ignorable><vulnerabilities><or><vulnerability id="225261555096458702743735639202137854439" name="v10"><vulner_values><risk>9.0</risk><cost>0.0</cost><impact>9.4</impact><probability>0.9</probability></vulner_values></vulnerability></or></vulnerabilities></node><node id="181299582990159125973556338990283280447" name="h129"><host_values><risk>1.0</risk><cost>1.0</cost><impact>1.0</impact><probability>1.0</probability></host_values><ignorable>False</ignorable><vulnerabilities><or><vulnerability id="2533087337645956145570290946974332576" name="v6"><vulner_values><risk>9.3</risk><cost>0.0</cost><impact>10.0</impact><probability>0.93</probability></vulner_values></vulnerability></or></vulnerabilities></node><node id="234404736225073619576097547109401167107" name="h131"><host_values><risk>1.0</risk><cost>1.0</cost><impact>1.0</impact><probability>1.0</probability></host_values><ignorable>False</ignorable><vulnerabilities><or><vulnerability id="136338682068993162300672578567300921117" name="v9"><vulner_values><risk>7.3</risk><cost>0.0</cost><impact>7.9</impact><probability>0.73</probability></vulner_values></vulnerability></or></vulnerabilities></node><node id="187649123173877201208620231932050724458" name="h132"><host_values><risk>1.0</risk><cost>1.0</cost><impact>1.0</impact><probability>1.0</probability></host_values><ignorable>False</ignorable><vulnerabilities><or><vulnerability id="78674817809104927288573228278350915097" name="v10"><vulner_values><risk>9.0</risk><cost>0.0</cost><impact>9.4</impact><probability>0.9</probability></vulner_values></vulnerability></or></vulnerabilities></node><node id="291338364126196512776758544791353790353" name="h57"><host_values><risk>1.0</risk><cost>1.0</cost><impact>1.0</impact><probability>1.0</probability></host_values><ignorable>False</ignorable><vulnerabilities><or><vulnerability id="88156585150303582009279211630465354622" name="v12"><vulner_values><risk>10.0</risk><cost>0.0</cost><impact>10.0</impact><probability>1.0</probability></vulner_values></vulnerability></or></vulnerabilities></node><node id="232518063548260951015449245031127816161" name="Attacker"/></nodes><edges><edge><source>0</source><target>1</target></edge><edge><source>0</source><target>2</target></edge><edge><source>3</source><target>4</target></edge><edge><source>3</source><target>5</target></edge><edge><source>3</source><target>6</target></edge><edge><source>7</source><target>8</target></edge><edge><source>7</source><target>9</target></edge><edge><source>10</source><target>11</target></edge><edge><source>10</source><target>12</target></edge><edge><source>13</source><target>14</target></edge><edge><source>4</source><target>15</target></edge><edge><source>16</source><target>17</target></edge><edge><source>16</source><target>18</target></edge><edge><source>16</source><target>19</target></edge><edge><source>16</source><target>20</target></edge><edge><source>15</source><target>21</target></edge><edge><source>15</source><target>22</target></edge><edge><source>23</source><target>24</target></edge><edge><source>25</source><target>26</target></edge><edge><source>25</source><target>27</target></edge><edge><source>25</source><target>28</target></edge><edge><source>29</source><target>30</target></edge><edge><source>29</source><target>31</target></edge><edge><source>21</source><target>32</target></edge><edge><source>21</source><target>33</target></edge><edge><source>1</source><target>11</target></edge><edge><source>34</source><target>35</target></edge><edge><source>26</source><target>14</target></edge><edge><source>26</source><target>13</target></edge><edge><source>26</source><target>36</target></edge><edge><source>37</source><target>38</target></edge><edge><source>37</source><target>39</target></edge><edge><source>37</source><target>19</target></edge><edge><source>32</source><target>14</target></edge><edge><source>32</source><target>40</target></edge><edge><source>32</source><target>41</target></edge><edge><source>32</source><target>42</target></edge><edge><source>43</source><target>44</target></edge><edge><source>45</source><target>46</target></edge><edge><source>45</source><target>47</target></edge><edge><source>48</source><target>49</target></edge><edge><source>50</source><target>25</target></edge><edge><source>5</source><target>25</target></edge><edge><source>5</source><target>11</target></edge><edge><source>51</source><target>52</target></edge><edge><source>51</source><target>22</target></edge><edge><source>51</source><target>53</target></edge><edge><source>52</source><target>6</target></edge><edge><source>52</source><target>54</target></edge><edge><source>38</source><target>47</target></edge><edge><source>55</source><target>51</target></edge><edge><source>56</source><target>46</target></edge><edge><source>57</source><target>58</target></edge><edge><source>17</source><target>59</target></edge><edge><source>17</source><target>60</target></edge><edge><source>17</source><target>61</target></edge><edge><source>17</source><target>62</target></edge><edge><source>6</source><target>63</target></edge><edge><source>6</source><target>64</target></edge><edge><source>11</source><target>34</target></edge><edge><source>65</source><target>66</target></edge><edge><source>67</source><target>38</target></edge><edge><source>67</source><target>62</target></edge><edge><source>68</source><target>69</target></edge><edge><source>68</source><target>9</target></edge><edge><source>68</source><target>70</target></edge><edge><source>68</source><target>71</target></edge><edge><source>30</source><target>26</target></edge><edge><source>30</source><target>72</target></edge><edge><source>73</source><target>37</target></edge><edge><source>73</source><target>74</target></edge><edge><source>75</source><target>17</target></edge><edge><source>76</source><target>12</target></edge><edge><source>76</source><target>74</target></edge><edge><source>69</source><target>17</target></edge><edge><source>69</source><target>77</target></edge><edge><source>69</source><target>78</target></edge><edge><source>69</source><target>79</target></edge><edge><source>69</source><target>80</target></edge><edge><source>12</source><target>1</target></edge><edge><source>12</source><target>62</target></edge><edge><source>77</source><target>56</target></edge><edge><source>77</source><target>11</target></edge><edge><source>27</source><target>55</target></edge><edge><source>49</source><target>29</target></edge><edge><source>49</source><target>26</target></edge><edge><source>81</source><target>82</target></edge><edge><source>46</source><target>83</target></edge><edge><source>18</source><target>84</target></edge><edge><source>24</source><target>27</target></edge><edge><source>24</source><target>85</target></edge><edge><source>85</source><target>29</target></edge><edge><source>85</source><target>51</target></edge><edge><source>85</source><target>54</target></edge><edge><source>85</source><target>80</target></edge><edge><source>60</source><target>86</target></edge><edge><source>87</source><target>65</target></edge><edge><source>87</source><target>88</target></edge><edge><source>87</source><target>89</target></edge><edge><source>28</source><target>4</target></edge><edge><source>90</source><target>48</target></edge><edge><source>74</source><target>40</target></edge><edge><source>91</source><target>34</target></edge><edge><source>63</source><target>37</target></edge><edge><source>63</source><target>56</target></edge><edge><source>63</source><target>92</target></edge><edge><source>72</source><target>43</target></edge><edge><source>72</source><target>5</target></edge><edge><source>93</source><target>64</target></edge><edge><source>41</source><target>94</target></edge><edge><source>95</source><target>45</target></edge><edge><source>95</source><target>58</target></edge><edge><source>96</source><target>87</target></edge><edge><source>35</source><target>38</target></edge><edge><source>8</source><target>17</target></edge><edge><source>8</source><target>97</target></edge><edge><source>8</source><target>98</target></edge><edge><source>99</source><target>12</target></edge><edge><source>2</source><target>83</target></edge><edge><source>2</source><target>100</target></edge><edge><source>2</source><target>66</target></edge><edge><source>9</source><target>15</target></edge><edge><source>9</source><target>43</target></edge><edge><source>9</source><target>78</target></edge><edge><source>9</source><target>80</target></edge><edge><source>42</source><target>90</target></edge><edge><source>42</source><target>47</target></edge><edge><source>101</source><target>21</target></edge><edge><source>101</source><target>92</target></edge><edge><source>102</source><target>38</target></edge><edge><source>47</source><target>103</target></edge><edge><source>47</source><target>104</target></edge><edge><source>47</source><target>105</target></edge><edge><source>47</source><target>1</target></edge><edge><source>47</source><target>6</target></edge><edge><source>47</source><target>99</target></edge><edge><source>47</source><target>71</target></edge><edge><source>97</source><target>1</target></edge><edge><source>97</source><target>63</target></edge><edge><source>19</source><target>5</target></edge><edge><source>106</source><target>20</target></edge><edge><source>70</source><target>34</target></edge><edge><source>98</source><target>74</target></edge><edge><source>98</source><target>19</target></edge><edge><source>98</source><target>58</target></edge><edge><source>98</source><target>84</target></edge><edge><source>98</source><target>53</target></edge><edge><source>107</source><target>3</target></edge><edge><source>107</source><target>83</target></edge><edge><source>107</source><target>8</target></edge><edge><source>108</source><target>54</target></edge><edge><source>108</source><target>64</target></edge><edge><source>109</source><target>36</target></edge><edge><source>110</source><target>0</target></edge><edge><source>110</source><target>104</target></edge><edge><source>110</source><target>75</target></edge><edge><source>110</source><target>39</target></edge><edge><source>84</source><target>9</target></edge><edge><source>84</source><target>62</target></edge><edge><source>53</source><target>83</target></edge><edge><source>53</source><target>111</target></edge><edge><source>100</source><target>112</target></edge><edge><source>100</source><target>79</target></edge><edge><source>113</source><target>37</target></edge><edge><source>113</source><target>27</target></edge><edge><source>71</source><target>114</target></edge><edge><source>71</source><target>75</target></edge><edge><source>71</source><target>53</target></edge><edge><source>20</source><target>38</target></edge><edge><source>20</source><target>65</target></edge><edge><source>115</source><target>72</target></edge><edge><source>66</source><target>2</target></edge><edge><source>116</source><target>25</target></edge><edge><source>116</source><target>109</target></edge><edge><source>116</source><target>117</target></edge><edge><source>118</source><target>58</target></edge><edge><source>117</source><target>8</target></edge><edge><source>117</source><target>119</target></edge><edge><source>120</source><target>26</target></edge><edge><source>120</source><target>99</target></edge><edge><source>120</source><target>97</target></edge><edge><source>121</source><target>10</target></edge><edge><source>122</source><target>55</target></edge><edge><source>31</source><target>42</target></edge><edge><source>62</source><target>16</target></edge><edge><source>62</source><target>123</target></edge><edge><source>62</source><target>60</target></edge><edge><source>124</source><target>2</target></edge><edge><source>124</source><target>63</target></edge><edge><source>64</source><target>91</target></edge><edge><source>64</source><target>1</target></edge><edge><source>66</source><target>91</target></edge><edge><source>66</source><target>1</target></edge></edges></harm>