<harm><nodes><node id="54507875440186142919933434749387366183" name="h0"><host_values><risk>1.0</risk><cost>1.0</cost><impact>1.0</impact><probability>1.0</probability></host_values><ignorable>False</ignorable><vulnerabilities><or><vulnerability id="90908636339818200861020941331311064725" name="v6"><vulner_values><risk>9.3</risk><cost>0.0</cost><impact>10.0</impact><probability>0.93</probability></vulner_values></vulnerability></or></vulnerabilities></node><node id="328076092447530810716669763753621609209" name="h21"><host_values><risk>1.0</risk><cost>1.0</cost><impact>1.0</impact><probability>1.0</probability></host_values><ignorable>False</ignorable><vulnerabilities><or><vulnerability id="87022981777780303045504122902553167836" name="v2"><vulner_values><risk>4.3</risk><cost>0.0</cost><impact>2.9</impact><probability>0.43</probability></vulner_values></vulnerability></or></vulnerabilities></node><node id="58994100595098199887814592346539975666" name="h1"><host_values><risk>1.0</risk><cost>1.0</cost><impact>1.0</impact><probability>1.0</probability></host_values><ignorable>False</ignorable><vulnerabilities><or><vulnerability id="329085031639148408353051585554337097183" name="v12"><vulner_values><risk>10.0</risk><cost>0.0</cost><impact>10.0</impact><probability>1.0</probability></vulner_values></vulnerability></or></vulnerabilities></node><node id="207604864345817188560203028434601230964" name="h64"><host_values><risk>1.0</risk><cost>1.0</cost><impact>1.0</impact><probability>1.0</probability></host_values><ignorable>False</ignorable><vulnerabilities><or><vulnerability id="272221190037085176288433521668025322705" name="v3"><vulner_values><risk>9.3</risk><cost>0.0</cost><impact>10.0</impact><probability>0.93</probability></vulner_values></vulnerability></or></vulnerabilities></node><node id="160898286001824351273232110659744458603" name="h2"><host_values><risk>1.0</risk><cost>1.0</cost><impact>1.0</impact><probability>1.0</probability></host_values><ignorable>False</ignorable><vulnerabilities><or><vulnerability id="87738330278282153662271584075297831457" name="v12"><vulner_values><risk>10.0</risk><cost>0.0</cost><impact>10.0</impact><probability>1.0</probability></vulner_values></vulnerability></or></vulnerabilities></node><node id="290786970639256303016784008861763011290" name="h11"><host_values><risk>1.0</risk><cost>1.0</cost><impact>1.0</impact><probability>1.0</probability></host_values><ignorable>False</ignorable><vulnerabilities><or><vulnerability id="166211187738725519012029269216019632186" name="v3"><vulner_values><risk>9.3</risk><cost>0.0</cost><impact>10.0</impact><probability>0.93</probability></vulner_values></vulnerability></or></vulnerabilities></node><node id="154120725980115537840669120843283179935" name="h3"><host_values><risk>1.0</risk><cost>1.0</cost><impact>1.0</impact><probability>1.0</probability></host_values><ignorable>False</ignorable><vulnerabilities><or><vulnerability id="179454987626439541973968087138539233525" name="v2"><vulner_values><risk>4.3</risk><cost>0.0</cost><impact>2.9</impact><probability>0.43</probability></vulner_values></vulnerability></or></vulnerabilities></node><node id="307992482086249497368752336279111801845" name="h36"><host_values><risk>1.0</risk><cost>1.0</cost><impact>1.0</impact><probability>1.0</probability></host_values><ignorable>False</ignorable><vulnerabilities><or><vulnerability id="70431762236153037765374655837060685222" name="v5"><vulner_values><risk>7.2</risk><cost>0.0</cost><impact>10.0</impact><probability>0.72</probability></vulner_values></vulnerability></or></vulnerabilities></node><node id="180592287508468247340432656941926831091" name="h52"><host_values><risk>1.0</risk><cost>1.0</cost><impact>1.0</impact><probability>1.0</probability></host_values><ignorable>False</ignorable><vulnerabilities><or><vulnerability id="244387091482503744739938945453880591053" name="v11"><vulner_values><risk>8.5</risk><cost>0.0</cost><impact>8.4</impact><probability>0.85</probability></vulner_values></vulnerability></or></vulnerabilities></node><node id="72239069560548486924067229613515129158" name="h4"><host_values><risk>1.0</risk><cost>1.0</cost><impact>1.0</impact><probability>1.0</probability></host_values><ignorable>False</ignorable><vulnerabilities><or><vulnerability id="112710985817352539573462574174280344716" name="v3"><vulner_values><risk>9.3</risk><cost>0.0</cost><impact>10.0</impact><probability>0.93</probability></vulner_values></vulnerability><vulnerability id="94318425330314155233860870013377200218" name="nd7"><vulner_values><risk>7.5</risk><cost>0.0</cost><impact>6.4</impact><probability>0.75</probability></vulner_values></vulnerability></or></vulnerabilities></node><node id="100517326607010018227470354569930132134" name="h42"><host_values><risk>1.0</risk><cost>1.0</cost><impact>1.0</impact><probability>1.0</probability></host_values><ignorable>False</ignorable><vulnerabilities><or><vulnerability id="77239598383821452348351673866225956565" name="v9"><vulner_values><risk>7.3</risk><cost>0.0</cost><impact>7.9</impact><probability>0.73</probability></vulner_values></vulnerability></or></vulnerabilities></node><node id="307234998743652669403331297986654051823" name="h43"><host_values><risk>1.0</risk><cost>1.0</cost><impact>1.0</impact><probability>1.0</probability></host_values><ignorable>False</ignorable><vulnerabilities><or><vulnerability id="19510141912296924420486375640443687022" name="v5"><vulner_values><risk>7.2</risk><cost>0.0</cost><impact>10.0</impact><probability>0.72</probability></vulner_values></vulnerability></or></vulnerabilities></node><node id="156661945563705848250501425607913531105" name="h54"><host_values><risk>1.0</risk><cost>1.0</cost><impact>1.0</impact><probability>1.0</probability></host_values><ignorable>False</ignorable><vulnerabilities><or><vulnerability id="64780820589120289606083711647379479392" name="v3"><vulner_values><risk>9.3</risk><cost>0.0</cost><impact>10.0</impact><probability>0.93</probability></vulner_values></vulnerability></or></vulnerabilities></node><node id="247260973665259386345439707292082938191" name="h66"><host_values><risk>1.0</risk><cost>1.0</cost><impact>1.0</impact><probability>1.0</probability></host_values><ignorable>False</ignorable><vulnerabilities><or><vulnerability id="50694152475248077578670686907557769527" name="v10"><vulner_values><risk>9.0</risk><cost>0.0</cost><impact>9.4</impact><probability>0.9</probability></vulner_values></vulnerability></or></vulnerabilities></node><node id="146650761564104859292932951163252818893" name="h6"><host_values><risk>1.0</risk><cost>1.0</cost><impact>1.0</impact><probability>1.0</probability></host_values><ignorable>False</ignorable><vulnerabilities><or><vulnerability id="171019643053757527899493385047674062724" name="v12"><vulner_values><risk>10.0</risk><cost>0.0</cost><impact>10.0</impact><probability>1.0</probability></vulner_values></vulnerability></or></vulnerabilities></node><node id="97647336867632700954950260465150337087" name="h32"><host_values><risk>1.0</risk><cost>1.0</cost><impact>1.0</impact><probability>1.0</probability></host_values><ignorable>False</ignorable><vulnerabilities><or><vulnerability id="136315709798632131055015086932832455626" name="v10"><vulner_values><risk>9.0</risk><cost>0.0</cost><impact>9.4</impact><probability>0.9</probability></vulner_values></vulnerability></or></vulnerabilities></node><node id="64902185590179893544760876965834786069" name="h45"><host_values><risk>1.0</risk><cost>1.0</cost><impact>1.0</impact><probability>1.0</probability></host_values><ignorable>False</ignorable><vulnerabilities><or><vulnerability id="158533135187469884225354677523236689966" name="v6"><vulner_values><risk>9.3</risk><cost>0.0</cost><impact>10.0</impact><probability>0.93</probability></vulner_values></vulnerability></or></vulnerabilities></node><node id="195803944842533722591343760271439268335" name="h61"><host_values><risk>1.0</risk><cost>1.0</cost><impact>1.0</impact><probability>1.0</probability></host_values><ignorable>False</ignorable><vulnerabilities><or><vulnerability id="216874770509514239662227565856814913787" name="v6"><vulner_values><risk>9.3</risk><cost>0.0</cost><impact>10.0</impact><probability>0.93</probability></vulner_values></vulnerability></or></vulnerabilities></node><node id="13711774449962935417955403134085815710" name="h8"><host_values><risk>1.0</risk><cost>1.0</cost><impact>1.0</impact><probability>1.0</probability></host_values><ignorable>False</ignorable><vulnerabilities><or><vulnerability id="226027442573175150968847399198790210186" name="v12"><vulner_values><risk>10.0</risk><cost>0.0</cost><impact>10.0</impact><probability>1.0</probability></vulner_values></vulnerability></or></vulnerabilities></node><node id="259110552925963626615717643643874227040" name="h44"><host_values><risk>1.0</risk><cost>1.0</cost><impact>1.0</impact><probability>1.0</probability></host_values><ignorable>False</ignorable><vulnerabilities><or><vulnerability id="328661994753131483573619893377635457943" name="v9"><vulner_values><risk>7.3</risk><cost>0.0</cost><impact>7.9</impact><probability>0.73</probability></vulner_values></vulnerability></or></vulnerabilities></node><node id="74649596875507993442974517466727532635" name="h10"><host_values><risk>1.0</risk><cost>1.0</cost><impact>1.0</impact><probability>1.0</probability></host_values><ignorable>False</ignorable><vulnerabilities><or><vulnerability id="306278575447185081908221507550848711769" name="v2"><vulner_values><risk>4.3</risk><cost>0.0</cost><impact>2.9</impact><probability>0.43</probability></vulner_values></vulnerability></or></vulnerabilities></node><node id="303588743973760259834303192666042610430" name="h87"><host_values><risk>1.0</risk><cost>1.0</cost><impact>1.0</impact><probability>1.0</probability></host_values><ignorable>False</ignorable><vulnerabilities><or><vulnerability id="239441671920315056783051726481117112474" name="v12"><vulner_values><risk>10.0</risk><cost>0.0</cost><impact>10.0</impact><probability>1.0</probability></vulner_values></vulnerability></or></vulnerabilities></node><node id="287961900818507547041526333091217198065" name="h88"><host_values><risk>1.0</risk><cost>1.0</cost><impact>1.0</impact><probability>1.0</probability></host_values><ignorable>False</ignorable><vulnerabilities><or><vulnerability id="255821594070993380000124704774327663090" name="k8"><vulner_values><risk>7.5</risk><cost>0.0</cost><impact>6.4</impact><probability>0.75</probability></vulner_values></vulnerability></or></vulnerabilities></node><node id="107143421545983982400554493069469668959" name="h12"><host_values><risk>1.0</risk><cost>1.0</cost><impact>1.0</impact><probability>1.0</probability></host_values><ignorable>False</ignorable><vulnerabilities><or><vulnerability id="94609050550828016043275170634485194601" name="v12"><vulner_values><risk>10.0</risk><cost>0.0</cost><impact>10.0</impact><probability>1.0</probability></vulner_values></vulnerability></or></vulnerabilities></node><node id="168093093768866242210147295304092334007" name="h49"><host_values><risk>1.0</risk><cost>1.0</cost><impact>1.0</impact><probability>1.0</probability></host_values><ignorable>False</ignorable><vulnerabilities><or><vulnerability id="32822974211766552147380972673769019167" name="v5"><vulner_values><risk>7.2</risk><cost>0.0</cost><impact>10.0</impact><probability>0.72</probability></vulner_values></vulnerability></or></vulnerabilities></node><node id="309034370882437589573494709624529011834" name="h19"><host_values><risk>1.0</risk><cost>1.0</cost><impact>1.0</impact><probability>1.0</probability></host_values><ignorable>False</ignorable><vulnerabilities><or><vulnerability id="21963534957163441139905785172323330199" name="v10"><vulner_values><risk>9.0</risk><cost>0.0</cost><impact>9.4</impact><probability>0.9</probability></vulner_values></vulnerability></or></vulnerabilities></node><node id="184923368432054763996062896810682366262" name="h13"><host_values><risk>1.0</risk><cost>1.0</cost><impact>1.0</impact><probability>1.0</probability></host_values><ignorable>False</ignorable><vulnerabilities><or><vulnerability id="224690520330798353237545851209437406095" name="v9"><vulner_values><risk>7.3</risk><cost>0.0</cost><impact>7.9</impact><probability>0.73</probability></vulner_values></vulnerability></or></vulnerabilities></node><node id="35986159108466824489581321248576528065" name="h48"><host_values><risk>1.0</risk><cost>1.0</cost><impact>1.0</impact><probability>1.0</probability></host_values><ignorable>False</ignorable><vulnerabilities><or><vulnerability id="52103677222429251480136695764910077620" name="v4"><vulner_values><risk>4.3</risk><cost>0.0</cost><impact>2.9</impact><probability>0.43</probability></vulner_values></vulnerability></or></vulnerabilities></node><node id="119758185198340586767623880632685297390" name="h14"><host_values><risk>1.0</risk><cost>1.0</cost><impact>1.0</impact><probability>1.0</probability></host_values><ignorable>False</ignorable><vulnerabilities><or><vulnerability id="313351980124508756984919276924537662471" name="k8"><vulner_values><risk>7.5</risk><cost>0.0</cost><impact>6.4</impact><probability>0.75</probability></vulner_values></vulnerability></or></vulnerabilities></node><node id="24524095231282762121175526403037657019" name="hDB3"><host_values><risk>1.0</risk><cost>1.0</cost><impact>1.0</impact><probability>1.0</probability></host_values><ignorable>False</ignorable><vulnerabilities><or><vulnerability id="305648468873084763461348544212741283322" name="k8"><vulner_values><risk>7.5</risk><cost>0.0</cost><impact>6.4</impact><probability>0.75</probability></vulner_values></vulnerability><vulnerability id="31786765131143237333160599506064672609" name="v5"><vulner_values><risk>7.2</risk><cost>0.0</cost><impact>10.0</impact><probability>0.72</probability></vulner_values></vulnerability></or></vulnerabilities></node><node id="260210406220989506813398823627841716555" name="h15"><host_values><risk>1.0</risk><cost>1.0</cost><impact>1.0</impact><probability>1.0</probability></host_values><ignorable>False</ignorable><vulnerabilities><or><vulnerability id="331028076116355606079915908184251822785" name="v6"><vulner_values><risk>9.3</risk><cost>0.0</cost><impact>10.0</impact><probability>0.93</probability></vulner_values></vulnerability></or></vulnerabilities></node><node id="251446159754256439581588890609995241213" name="h16"><host_values><risk>1.0</risk><cost>1.0</cost><impact>1.0</impact><probability>1.0</probability></host_values><ignorable>False</ignorable><vulnerabilities><or><vulnerability id="294163492886253417055024271189707840725" name="v4"><vulner_values><risk>4.3</risk><cost>0.0</cost><impact>2.9</impact><probability>0.43</probability></vulner_values></vulnerability></or></vulnerabilities></node><node id="33134428495196650627492252915186154768" name="h27"><host_values><risk>1.0</risk><cost>1.0</cost><impact>1.0</impact><probability>1.0</probability></host_values><ignorable>False</ignorable><vulnerabilities><or><vulnerability id="237163416834304811182064408054424364322" name="v12"><vulner_values><risk>10.0</risk><cost>0.0</cost><impact>10.0</impact><probability>1.0</probability></vulner_values></vulnerability></or></vulnerabilities></node><node id="274739966512882292611985534461212561861" name="h17"><host_values><risk>1.0</risk><cost>1.0</cost><impact>1.0</impact><probability>1.0</probability></host_values><ignorable>False</ignorable><vulnerabilities><or><vulnerability id="233465676018434437017992899120633706094" name="v9"><vulner_values><risk>7.3</risk><cost>0.0</cost><impact>7.9</impact><probability>0.73</probability></vulner_values></vulnerability></or></vulnerabilities></node><node id="132548500069201695336579285868674512400" name="h35"><host_values><risk>1.0</risk><cost>1.0</cost><impact>1.0</impact><probability>1.0</probability></host_values><ignorable>False</ignorable><vulnerabilities><or><vulnerability id="242012984969911782504942281806706650547" name="v11"><vulner_values><risk>8.5</risk><cost>0.0</cost><impact>8.4</impact><probability>0.85</probability></vulner_values></vulnerability></or></vulnerabilities></node><node id="38488854778615012529315455431634570930" name="h80"><host_values><risk>1.0</risk><cost>1.0</cost><impact>1.0</impact><probability>1.0</probability></host_values><ignorable>False</ignorable><vulnerabilities><or><vulnerability id="243954450291287405037365202716398929165" name="v5"><vulner_values><risk>7.2</risk><cost>0.0</cost><impact>10.0</impact><probability>0.72</probability></vulner_values></vulnerability></or></vulnerabilities></node><node id="182881109662457817225815001639825896806" name="h20"><host_values><risk>1.0</risk><cost>1.0</cost><impact>1.0</impact><probability>1.0</probability></host_values><ignorable>False</ignorable><vulnerabilities><or><vulnerability id="7913644656633697043864462524880018098" name="v3"><vulner_values><risk>9.3</risk><cost>0.0</cost><impact>10.0</impact><probability>0.93</probability></vulner_values></vulnerability></or></vulnerabilities></node><node id="322169798333298534563521166430770367585" name="h69"><host_values><risk>1.0</risk><cost>1.0</cost><impact>1.0</impact><probability>1.0</probability></host_values><ignorable>False</ignorable><vulnerabilities><or><vulnerability id="44934519966453538989086580107222719634" name="v12"><vulner_values><risk>10.0</risk><cost>0.0</cost><impact>10.0</impact><probability>1.0</probability></vulner_values></vulnerability><vulnerability id="152801612970787058369111887679958279727" name="nd7"><vulner_values><risk>7.5</risk><cost>0.0</cost><impact>6.4</impact><probability>0.75</probability></vulner_values></vulnerability></or></vulnerabilities></node><node id="26885083750542624683772919950329347056" name="h46"><host_values><risk>1.0</risk><cost>1.0</cost><impact>1.0</impact><probability>1.0</probability></host_values><ignorable>False</ignorable><vulnerabilities><or><vulnerability id="92223679734084505672817278666603507723" name="k8"><vulner_values><risk>7.5</risk><cost>0.0</cost><impact>6.4</impact><probability>0.75</probability></vulner_values></vulnerability></or></vulnerabilities></node><node id="67760604813417478863233423291111377923" name="h22"><host_values><risk>1.0</risk><cost>1.0</cost><impact>1.0</impact><probability>1.0</probability></host_values><ignorable>False</ignorable><vulnerabilities><or><vulnerability id="187690525972908377122078082272618092718" name="v3"><vulner_values><risk>9.3</risk><cost>0.0</cost><impact>10.0</impact><probability>0.93</probability></vulner_values></vulnerability></or></vulnerabilities></node><node id="125786679171818857872716927849748159086" name="h84"><host_values><risk>1.0</risk><cost>1.0</cost><impact>1.0</impact><probability>1.0</probability></host_values><ignorable>False</ignorable><vulnerabilities><or><vulnerability id="306767303685435561870554212262770439430" name="v10"><vulner_values><risk>9.0</risk><cost>0.0</cost><impact>9.4</impact><probability>0.9</probability></vulner_values></vulnerability></or></vulnerabilities></node><node id="30519613654625970959051295241255666069" name="h23"><host_values><risk>1.0</risk><cost>1.0</cost><impact>1.0</impact><probability>1.0</probability></host_values><ignorable>False</ignorable><vulnerabilities><or><vulnerability id="283304097528736861661396167213023114665" name="v12"><vulner_values><risk>10.0</risk><cost>0.0</cost><impact>10.0</impact><probability>1.0</probability></vulner_values></vulnerability></or></vulnerabilities></node><node id="77427403601213500088393437976681153028" name="h34"><host_values><risk>1.0</risk><cost>1.0</cost><impact>1.0</impact><probability>1.0</probability></host_values><ignorable>False</ignorable><vulnerabilities><or><vulnerability id="2406102373108655628128201314062703304" name="v6"><vulner_values><risk>9.3</risk><cost>0.0</cost><impact>10.0</impact><probability>0.93</probability></vulner_values></vulnerability></or></vulnerabilities></node><node id="199264871408086503981877553816527876569" name="h71"><host_values><risk>1.0</risk><cost>1.0</cost><impact>1.0</impact><probability>1.0</probability></host_values><ignorable>False</ignorable><vulnerabilities><or><vulnerability id="137440940150772836170238789261861753114" name="v6"><vulner_values><risk>9.3</risk><cost>0.0</cost><impact>10.0</impact><probability>0.93</probability></vulner_values></vulnerability></or></vulnerabilities></node><node id="100068649300903304344095626873722402570" name="h24"><host_values><risk>1.0</risk><cost>1.0</cost><impact>1.0</impact><probability>1.0</probability></host_values><ignorable>False</ignorable><vulnerabilities><or><vulnerability id="202626690841113586960651903311054649908" name="v5"><vulner_values><risk>7.2</risk><cost>0.0</cost><impact>10.0</impact><probability>0.72</probability></vulner_values></vulnerability></or></vulnerabilities></node><node id="139386043854647224374646273558223317086" name="h25"><host_values><risk>1.0</risk><cost>1.0</cost><impact>1.0</impact><probability>1.0</probability></host_values><ignorable>False</ignorable><vulnerabilities><or><vulnerability id="93869957088149946952151231771126946407" name="v10"><vulner_values><risk>9.0</risk><cost>0.0</cost><impact>9.4</impact><probability>0.9</probability></vulner_values></vulnerability></or></vulnerabilities></node><node id="85621333880854183134856827989831439546" name="h5"><host_values><risk>1.0</risk><cost>1.0</cost><impact>1.0</impact><probability>1.0</probability></host_values><ignorable>False</ignorable><vulnerabilities><or><vulnerability id="284604200487112336757982689868225034846" name="k8"><vulner_values><risk>7.5</risk><cost>0.0</cost><impact>6.4</impact><probability>0.75</probability></vulner_values></vulnerability></or></vulnerabilities></node><node id="87983194510116992591183356848699602" name="h26"><host_values><risk>1.0</risk><cost>1.0</cost><impact>1.0</impact><probability>1.0</probability></host_values><ignorable>False</ignorable><vulnerabilities><or><vulnerability id="87947220530247460791394616991514823044" name="v5"><vulner_values><risk>7.2</risk><cost>0.0</cost><impact>10.0</impact><probability>0.72</probability></vulner_values></vulnerability></or></vulnerabilities></node><node id="176343160365003343054060157852037727630" name="h65"><host_values><risk>1.0</risk><cost>1.0</cost><impact>1.0</impact><probability>1.0</probability></host_values><ignorable>False</ignorable><vulnerabilities><or><vulnerability id="2294726652388240786688311707107491629" name="v4"><vulner_values><risk>4.3</risk><cost>0.0</cost><impact>2.9</impact><probability>0.43</probability></vulner_values></vulnerability></or></vulnerabilities></node><node id="325504084309358185820249288088304147227" name="h95"><host_values><risk>1.0</risk><cost>1.0</cost><impact>1.0</impact><probability>1.0</probability></host_values><ignorable>False</ignorable><vulnerabilities><or><vulnerability id="181863518212774211944936956066240762641" name="v6"><vulner_values><risk>9.3</risk><cost>0.0</cost><impact>10.0</impact><probability>0.93</probability></vulner_values></vulnerability></or></vulnerabilities></node><node id="221672342837818251714046341723890017743" name="h28"><host_values><risk>1.0</risk><cost>1.0</cost><impact>1.0</impact><probability>1.0</probability></host_values><ignorable>False</ignorable><vulnerabilities><or><vulnerability id="279632810581149809299325763375711157666" name="v4"><vulner_values><risk>4.3</risk><cost>0.0</cost><impact>2.9</impact><probability>0.43</probability></vulner_values></vulnerability></or></vulnerabilities></node><node id="339795154695533563453725679503553886404" name="h86"><host_values><risk>1.0</risk><cost>1.0</cost><impact>1.0</impact><probability>1.0</probability></host_values><ignorable>False</ignorable><vulnerabilities><or><vulnerability id="196846429312327437066773698213810483072" name="v12"><vulner_values><risk>10.0</risk><cost>0.0</cost><impact>10.0</impact><probability>1.0</probability></vulner_values></vulnerability></or></vulnerabilities></node><node id="60383679270498202381505807719063410517" name="h29"><host_values><risk>1.0</risk><cost>1.0</cost><impact>1.0</impact><probability>1.0</probability></host_values><ignorable>False</ignorable><vulnerabilities><or><vulnerability id="102263328319537326583670013157607390701" name="k8"><vulner_values><risk>7.5</risk><cost>0.0</cost><impact>6.4</impact><probability>0.75</probability></vulner_values></vulnerability></or></vulnerabilities></node><node id="275749095771453341307503574580443464364" name="h67"><host_values><risk>1.0</risk><cost>1.0</cost><impact>1.0</impact><probability>1.0</probability></host_values><ignorable>False</ignorable><vulnerabilities><or><vulnerability id="245123176158556233505244213850506319964" name="v10"><vulner_values><risk>9.0</risk><cost>0.0</cost><impact>9.4</impact><probability>0.9</probability></vulner_values></vulnerability></or></vulnerabilities></node><node id="94545929218415691000833377348083198663" name="h30"><host_values><risk>1.0</risk><cost>1.0</cost><impact>1.0</impact><probability>1.0</probability></host_values><ignorable>False</ignorable><vulnerabilities><or><vulnerability id="130687975336272998773942716230942671340" name="v10"><vulner_values><risk>9.0</risk><cost>0.0</cost><impact>9.4</impact><probability>0.9</probability></vulner_values></vulnerability></or></vulnerabilities></node><node id="23650576882084644331231718496676450910" name="h57"><host_values><risk>1.0</risk><cost>1.0</cost><impact>1.0</impact><probability>1.0</probability></host_values><ignorable>False</ignorable><vulnerabilities><or><vulnerability id="322165389674546566950299650169407038467" name="v3"><vulner_values><risk>9.3</risk><cost>0.0</cost><impact>10.0</impact><probability>0.93</probability></vulner_values></vulnerability></or></vulnerabilities></node><node id="115465925463351473438754799695733389854" name="h59"><host_values><risk>1.0</risk><cost>1.0</cost><impact>1.0</impact><probability>1.0</probability></host_values><ignorable>False</ignorable><vulnerabilities><or><vulnerability id="188741115983459743818565203935610843536" name="v5"><vulner_values><risk>7.2</risk><cost>0.0</cost><impact>10.0</impact><probability>0.72</probability></vulner_values></vulnerability></or></vulnerabilities></node><node id="163340342158352671351686737793735742203" name="h85"><host_values><risk>1.0</risk><cost>1.0</cost><impact>1.0</impact><probability>1.0</probability></host_values><ignorable>False</ignorable><vulnerabilities><or><vulnerability id="111586069722331775820411876047197061243" name="v4"><vulner_values><risk>4.3</risk><cost>0.0</cost><impact>2.9</impact><probability>0.43</probability></vulner_values></vulnerability></or></vulnerabilities></node><node id="80271663741678522834771933137311923921" name="h31"><host_values><risk>1.0</risk><cost>1.0</cost><impact>1.0</impact><probability>1.0</probability></host_values><ignorable>False</ignorable><vulnerabilities><or><vulnerability id="72978779143693214433151555340411438653" name="v11"><vulner_values><risk>8.5</risk><cost>0.0</cost><impact>8.4</impact><probability>0.85</probability></vulner_values></vulnerability></or></vulnerabilities></node><node id="240260231171010201891275506065347465927" name="h89"><host_values><risk>1.0</risk><cost>1.0</cost><impact>1.0</impact><probability>1.0</probability></host_values><ignorable>False</ignorable><vulnerabilities><or><vulnerability id="127114191228823901234484202901350753925" name="v2"><vulner_values><risk>4.3</risk><cost>0.0</cost><impact>2.9</impact><probability>0.43</probability></vulner_values></vulnerability></or></vulnerabilities></node><node id="6755613482053241313115678535108508600" name="h56"><host_values><risk>1.0</risk><cost>1.0</cost><impact>1.0</impact><probability>1.0</probability></host_values><ignorable>False</ignorable><vulnerabilities><or><vulnerability id="155705356823574686653749183888236662694" name="v9"><vulner_values><risk>7.3</risk><cost>0.0</cost><impact>7.9</impact><probability>0.73</probability></vulner_values></vulnerability></or></vulnerabilities></node><node id="204354079088567671183439294619432151284" name="h92"><host_values><risk>1.0</risk><cost>1.0</cost><impact>1.0</impact><probability>1.0</probability></host_values><ignorable>False</ignorable><vulnerabilities><or><vulnerability id="230435493763129995885589533908045499897" name="v12"><vulner_values><risk>10.0</risk><cost>0.0</cost><impact>10.0</impact><probability>1.0</probability></vulner_values></vulnerability></or></vulnerabilities></node><node id="74040294617741798494045970743887502316" name="h33"><host_values><risk>1.0</risk><cost>1.0</cost><impact>1.0</impact><probability>1.0</probability></host_values><ignorable>False</ignorable><vulnerabilities><or><vulnerability id="244848111925009075757102494050868567533" name="v4"><vulner_values><risk>4.3</risk><cost>0.0</cost><impact>2.9</impact><probability>0.43</probability></vulner_values></vulnerability></or></vulnerabilities></node><node id="101039976987424076303791149593059170281" name="h96"><host_values><risk>1.0</risk><cost>1.0</cost><impact>1.0</impact><probability>1.0</probability></host_values><ignorable>False</ignorable><vulnerabilities><or><vulnerability id="216077591347264777996608046198804837888" name="v3"><vulner_values><risk>9.3</risk><cost>0.0</cost><impact>10.0</impact><probability>0.93</probability></vulner_values></vulnerability></or></vulnerabilities></node><node id="165472109691701313443889552570870359443" name="h38"><host_values><risk>1.0</risk><cost>1.0</cost><impact>1.0</impact><probability>1.0</probability></host_values><ignorable>False</ignorable><vulnerabilities><or><vulnerability id="168331828171325820799426041157457165666" name="v5"><vulner_values><risk>7.2</risk><cost>0.0</cost><impact>10.0</impact><probability>0.72</probability></vulner_values></vulnerability></or></vulnerabilities></node><node id="308467276514441940150375970697769008859" name="h50"><host_values><risk>1.0</risk><cost>1.0</cost><impact>1.0</impact><probability>1.0</probability></host_values><ignorable>False</ignorable><vulnerabilities><or><vulnerability id="104223968595197847222945495278204236205" name="k8"><vulner_values><risk>7.5</risk><cost>0.0</cost><impact>6.4</impact><probability>0.75</probability></vulner_values></vulnerability></or></vulnerabilities></node><node id="113274885778265938507604262321573236601" name="h39"><host_values><risk>1.0</risk><cost>1.0</cost><impact>1.0</impact><probability>1.0</probability></host_values><ignorable>False</ignorable><vulnerabilities><or><vulnerability id="53809185911074407295887425975910659040" name="k8"><vulner_values><risk>7.5</risk><cost>0.0</cost><impact>6.4</impact><probability>0.75</probability></vulner_values></vulnerability></or></vulnerabilities></node><node id="167850428722889787567854875980430408551" name="h37"><host_values><risk>1.0</risk><cost>1.0</cost><impact>1.0</impact><probability>1.0</probability></host_values><ignorable>False</ignorable><vulnerabilities><or><vulnerability id="15259267743054233876184863923249908051" name="v10"><vulner_values><risk>9.0</risk><cost>0.0</cost><impact>9.4</impact><probability>0.9</probability></vulner_values></vulnerability></or></vulnerabilities></node><node id="82463470720081031929075254522302926070" name="h41"><host_values><risk>1.0</risk><cost>1.0</cost><impact>1.0</impact><probability>1.0</probability></host_values><ignorable>False</ignorable><vulnerabilities><or><vulnerability id="164809468855950540501562111196568325953" name="v12"><vulner_values><risk>10.0</risk><cost>0.0</cost><impact>10.0</impact><probability>1.0</probability></vulner_values></vulnerability></or></vulnerabilities></node><node id="18178091982278317158814278558240192895" name="h77"><host_values><risk>1.0</risk><cost>1.0</cost><impact>1.0</impact><probability>1.0</probability></host_values><ignorable>False</ignorable><vulnerabilities><or><vulnerability id="166885003981142923010768730849958562355" name="v5"><vulner_values><risk>7.2</risk><cost>0.0</cost><impact>10.0</impact><probability>0.72</probability></vulner_values></vulnerability></or></vulnerabilities></node><node id="42782202491413733274717518492701462842" name="h51"><host_values><risk>1.0</risk><cost>1.0</cost><impact>1.0</impact><probability>1.0</probability></host_values><ignorable>False</ignorable><vulnerabilities><or><vulnerability id="191910866201599573107292442105241038871" name="v4"><vulner_values><risk>4.3</risk><cost>0.0</cost><impact>2.9</impact><probability>0.43</probability></vulner_values></vulnerability></or></vulnerabilities></node><node id="181406475269643370103851652034480821110" name="h58"><host_values><risk>1.0</risk><cost>1.0</cost><impact>1.0</impact><probability>1.0</probability></host_values><ignorable>False</ignorable><vulnerabilities><or><vulnerability id="253908992964777771845574240516031391456" name="v11"><vulner_values><risk>8.5</risk><cost>0.0</cost><impact>8.4</impact><probability>0.85</probability></vulner_values></vulnerability></or></vulnerabilities></node><node id="17109926418826657296955789143211602713" name="h76"><host_values><risk>1.0</risk><cost>1.0</cost><impact>1.0</impact><probability>1.0</probability></host_values><ignorable>False</ignorable><vulnerabilities><or><vulnerability id="330783998026551396737089967006739203762" name="v2"><vulner_values><risk>4.3</risk><cost>0.0</cost><impact>2.9</impact><probability>0.43</probability></vulner_values></vulnerability></or></vulnerabilities></node><node id="5268333794313788033689597081403915392" name="h97"><host_values><risk>1.0</risk><cost>1.0</cost><impact>1.0</impact><probability>1.0</probability></host_values><ignorable>False</ignorable><vulnerabilities><or><vulnerability id="101919699489460320505471047862079713227" name="v2"><vulner_values><risk>4.3</risk><cost>0.0</cost><impact>2.9</impact><probability>0.43</probability></vulner_values></vulnerability></or></vulnerabilities></node><node id="260929719325255339329722859538589687763" name="h47"><host_values><risk>1.0</risk><cost>1.0</cost><impact>1.0</impact><probability>1.0</probability></host_values><ignorable>False</ignorable><vulnerabilities><or><vulnerability id="337379524579031208700204923303439150003" name="v12"><vulner_values><risk>10.0</risk><cost>0.0</cost><impact>10.0</impact><probability>1.0</probability></vulner_values></vulnerability></or></vulnerabilities></node><node id="213156603540203350299409950444796720802" name="h94"><host_values><risk>1.0</risk><cost>1.0</cost><impact>1.0</impact><probability>1.0</probability></host_values><ignorable>False</ignorable><vulnerabilities><or><vulnerability id="315634937127712131065313433935962324003" name="v4"><vulner_values><risk>4.3</risk><cost>0.0</cost><impact>2.9</impact><probability>0.43</probability></vulner_values></vulnerability></or></vulnerabilities></node><node id="136831550924085991269213027462963223413" name="h70"><host_values><risk>1.0</risk><cost>1.0</cost><impact>1.0</impact><probability>1.0</probability></host_values><ignorable>False</ignorable><vulnerabilities><or><vulnerability id="138985404000991666717142085441689655707" name="v11"><vulner_values><risk>8.5</risk><cost>0.0</cost><impact>8.4</impact><probability>0.85</probability></vulner_values></vulnerability></or></vulnerabilities></node><node id="246754466451157898470837273499752186176" name="h53"><host_values><risk>1.0</risk><cost>1.0</cost><impact>1.0</impact><probability>1.0</probability></host_values><ignorable>False</ignorable><vulnerabilities><or><vulnerability id="240470771468132847435872094788713509389" name="v4"><vulner_values><risk>4.3</risk><cost>0.0</cost><impact>2.9</impact><probability>0.43</probability></vulner_values></vulnerability></or></vulnerabilities></node><node id="265760831886104670952623916978903792385" name="h78"><host_values><risk>1.0</risk><cost>1.0</cost><impact>1.0</impact><probability>1.0</probability></host_values><ignorable>False</ignorable><vulnerabilities><or><vulnerability id="77270164303822860251688992501217922908" name="v3"><vulner_values><risk>9.3</risk><cost>0.0</cost><impact>10.0</impact><probability>0.93</probability></vulner_values></vulnerability></or></vulnerabilities></node><node id="218485884438232592425011759194822967622" name="h55"><host_values><risk>1.0</risk><cost>1.0</cost><impact>1.0</impact><probability>1.0</probability></host_values><ignorable>False</ignorable><vulnerabilities><or><vulnerability id="257710617905762992723722260906984186904" name="v9"><vulner_values><risk>7.3</risk><cost>0.0</cost><impact>7.9</impact><probability>0.73</probability></vulner_values></vulnerability></or></vulnerabilities></node><node id="127965237075455037802031191809485220475" name="h9"><host_values><risk>1.0</risk><cost>1.0</cost><impact>1.0</impact><probability>1.0</probability></host_values><ignorable>False</ignorable><vulnerabilities><or><vulnerability id="326334063131961430599266522759569822191" name="v9"><vulner_values><risk>7.3</risk><cost>0.0</cost><impact>7.9</impact><probability>0.73</probability></vulner_values></vulnerability></or></vulnerabilities></node><node id="90039302142338022143275949128133020171" name="h60"><host_values><risk>1.0</risk><cost>1.0</cost><impact>1.0</impact><probability>1.0</probability></host_values><ignorable>False</ignorable><vulnerabilities><or><vulnerability id="332887960138533876186951290909115169603" name="v3"><vulner_values><risk>9.3</risk><cost>0.0</cost><impact>10.0</impact><probability>0.93</probability></vulner_values></vulnerability><vulnerability id="109946735190249741458522077090687889883" name="nd1"><vulner_values><risk>5.0</risk><cost>0.0</cost><impact>2.9</impact><probability>0.5</probability></vulner_values></vulnerability></or></vulnerabilities></node><node id="339946777692744489277316956296944601591" name="h62"><host_values><risk>1.0</risk><cost>1.0</cost><impact>1.0</impact><probability>1.0</probability></host_values><ignorable>False</ignorable><vulnerabilities><or><vulnerability id="293779271257132912529805905166035082501" name="v12"><vulner_values><risk>10.0</risk><cost>0.0</cost><impact>10.0</impact><probability>1.0</probability></vulner_values></vulnerability></or></vulnerabilities></node><node id="293693142576744559070801706874579398027" name="h63"><host_values><risk>1.0</risk><cost>1.0</cost><impact>1.0</impact><probability>1.0</probability></host_values><ignorable>False</ignorable><vulnerabilities><or><vulnerability id="135214851668104305702887080007266174863" name="v4"><vulner_values><risk>4.3</risk><cost>0.0</cost><impact>2.9</impact><probability>0.43</probability></vulner_values></vulnerability></or></vulnerabilities></node><node id="142150723041111381687491575971708809538" name="h68"><host_values><risk>1.0</risk><cost>1.0</cost><impact>1.0</impact><probability>1.0</probability></host_values><ignorable>False</ignorable><vulnerabilities><or><vulnerability id="62306912795604608232823007689303048405" name="v2"><vulner_values><risk>4.3</risk><cost>0.0</cost><impact>2.9</impact><probability>0.43</probability></vulner_values></vulnerability><vulnerability id="205816938194750391353329658089317291937" name="nd7"><vulner_values><risk>7.5</risk><cost>0.0</cost><impact>6.4</impact><probability>0.75</probability></vulner_values></vulnerability></or></vulnerabilities></node><node id="268824931854804741603959811903949054309" name="h72"><host_values><risk>1.0</risk><cost>1.0</cost><impact>1.0</impact><probability>1.0</probability></host_values><ignorable>False</ignorable><vulnerabilities><or><vulnerability id="315705444652582641418027202704001463831" name="v3"><vulner_values><risk>9.3</risk><cost>0.0</cost><impact>10.0</impact><probability>0.93</probability></vulner_values></vulnerability></or></vulnerabilities></node><node id="16937191530025323565617062156000979913" name="h79"><host_values><risk>1.0</risk><cost>1.0</cost><impact>1.0</impact><probability>1.0</probability></host_values><ignorable>False</ignorable><vulnerabilities><or><vulnerability id="107230570620319163237595493330430849494" name="v10"><vulner_values><risk>9.0</risk><cost>0.0</cost><impact>9.4</impact><probability>0.9</probability></vulner_values></vulnerability></or></vulnerabilities></node><node id="167251541228010021891553467331790262659" name="h74"><host_values><risk>1.0</risk><cost>1.0</cost><impact>1.0</impact><probability>1.0</probability></host_values><ignorable>False</ignorable><vulnerabilities><or><vulnerability id="286549219623333775559033725750802726783" name="v10"><vulner_values><risk>9.0</risk><cost>0.0</cost><impact>9.4</impact><probability>0.9</probability></vulner_values></vulnerability></or></vulnerabilities></node><node id="280427860829557153790960294555881291575" name="h73"><host_values><risk>1.0</risk><cost>1.0</cost><impact>1.0</impact><probability>1.0</probability></host_values><ignorable>False</ignorable><vulnerabilities><or><vulnerability id="103088093327530407777473921070866377867" name="v4"><vulner_values><risk>4.3</risk><cost>0.0</cost><impact>2.9</impact><probability>0.43</probability></vulner_values></vulnerability></or></vulnerabilities></node><node id="200619094268426054082634510891558324502" name="h81"><host_values><risk>1.0</risk><cost>1.0</cost><impact>1.0</impact><probability>1.0</probability></host_values><ignorable>False</ignorable><vulnerabilities><or><vulnerability id="236028476635589975183627163973024969402" name="v11"><vulner_values><risk>8.5</risk><cost>0.0</cost><impact>8.4</impact><probability>0.85</probability></vulner_values></vulnerability></or></vulnerabilities></node><node id="131730296943979635240599777134233386113" name="h7"><host_values><risk>1.0</risk><cost>1.0</cost><impact>1.0</impact><probability>1.0</probability></host_values><ignorable>False</ignorable><vulnerabilities><or><vulnerability id="96401714655737644602467899964131946355" name="v9"><vulner_values><risk>7.3</risk><cost>0.0</cost><impact>7.9</impact><probability>0.73</probability></vulner_values></vulnerability></or></vulnerabilities></node><node id="253077689551753301678510057634974343055" name="h82"><host_values><risk>1.0</risk><cost>1.0</cost><impact>1.0</impact><probability>1.0</probability></host_values><ignorable>False</ignorable><vulnerabilities><or><vulnerability id="214787155161214120235468170647038140363" name="k8"><vulner_values><risk>7.5</risk><cost>0.0</cost><impact>6.4</impact><probability>0.75</probability></vulner_values></vulnerability></or></vulnerabilities></node><node id="146697485774517275999512992127200051915" name="h18"><host_values><risk>1.0</risk><cost>1.0</cost><impact>1.0</impact><probability>1.0</probability></host_values><ignorable>False</ignorable><vulnerabilities><or><vulnerability id="40201995435524635247487270495818267925" name="k8"><vulner_values><risk>7.5</risk><cost>0.0</cost><impact>6.4</impact><probability>0.75</probability></vulner_values></vulnerability></or></vulnerabilities></node><node id="120364771303757581079954309555542652903" name="h90"><host_values><risk>1.0</risk><cost>1.0</cost><impact>1.0</impact><probability>1.0</probability></host_values><ignorable>False</ignorable><vulnerabilities><or><vulnerability id="246779134327632931430815487148112351237" name="v6"><vulner_values><risk>9.3</risk><cost>0.0</cost><impact>10.0</impact><probability>0.93</probability></vulner_values></vulnerability></or></vulnerabilities></node><node id="282280453796341401500318266989404782992" name="h91"><host_values><risk>1.0</risk><cost>1.0</cost><impact>1.0</impact><probability>1.0</probability></host_values><ignorable>False</ignorable><vulnerabilities><or><vulnerability id="267089791467691261954655345197733521599" name="v11"><vulner_values><risk>8.5</risk><cost>0.0</cost><impact>8.4</impact><probability>0.85</probability></vulner_values></vulnerability></or></vulnerabilities></node><node id="80372694926975548757911644248769854530" name="h98"><host_values><risk>1.0</risk><cost>1.0</cost><impact>1.0</impact><probability>1.0</probability></host_values><ignorable>False</ignorable><vulnerabilities><or><vulnerability id="143539015312634295559202375213144830473" name="v2"><vulner_values><risk>4.3</risk><cost>0.0</cost><impact>2.9</impact><probability>0.43</probability></vulner_values></vulnerability></or></vulnerabilities></node><node id="29100874748362352780770402504233457489" name="h99"><host_values><risk>1.0</risk><cost>1.0</cost><impact>1.0</impact><probability>1.0</probability></host_values><ignorable>False</ignorable><vulnerabilities><or><vulnerability id="31182394107748471442925986808634116339" name="v9"><vulner_values><risk>7.3</risk><cost>0.0</cost><impact>7.9</impact><probability>0.73</probability></vulner_values></vulnerability></or></vulnerabilities></node><node id="165262231745003329531634495535235065918" name="Attacker"/></nodes><edges><edge><source>0</source><target>1</target></edge><edge><source>2</source><target>3</target></edge><edge><source>4</source><target>5</target></edge><edge><source>4</source><target>1</target></edge><edge><source>6</source><target>7</target></edge><edge><source>6</source><target>8</target></edge><edge><source>9</source><target>10</target></edge><edge><source>9</source><target>11</target></edge><edge><source>9</source><target>12</target></edge><edge><source>9</source><target>3</target></edge><edge><source>9</source><target>13</target></edge><edge><source>14</source><target>5</target></edge><edge><source>14</source><target>15</target></edge><edge><source>14</source><target>16</target></edge><edge><source>14</source><target>17</target></edge><edge><source>18</source><target>19</target></edge><edge><source>20</source><target>21</target></edge><edge><source>20</source><target>22</target></edge><edge><source>5</source><target>23</target></edge><edge><source>5</source><target>24</target></edge><edge><source>23</source><target>25</target></edge><edge><source>26</source><target>27</target></edge><edge><source>28</source><target>24</target></edge><edge><source>28</source><target>29</target></edge><edge><source>30</source><target>9</target></edge><edge><source>31</source><target>32</target></edge><edge><source>33</source><target>34</target></edge><edge><source>33</source><target>35</target></edge><edge><source>25</source><target>28</target></edge><edge><source>36</source><target>37</target></edge><edge><source>1</source><target>38</target></edge><edge><source>39</source><target>40</target></edge><edge><source>41</source><target>42</target></edge><edge><source>41</source><target>43</target></edge><edge><source>44</source><target>16</target></edge><edge><source>45</source><target>46</target></edge><edge><source>47</source><target>32</target></edge><edge><source>47</source><target>48</target></edge><edge><source>32</source><target>49</target></edge><edge><source>50</source><target>9</target></edge><edge><source>50</source><target>30</target></edge><edge><source>50</source><target>51</target></edge><edge><source>52</source><target>53</target></edge><edge><source>54</source><target>55</target></edge><edge><source>54</source><target>56</target></edge><edge><source>54</source><target>57</target></edge><edge><source>58</source><target>59</target></edge><edge><source>15</source><target>60</target></edge><edge><source>15</source><target>61</target></edge><edge><source>62</source><target>11</target></edge><edge><source>42</source><target>8</target></edge><edge><source>42</source><target>60</target></edge><edge><source>42</source><target>49</target></edge><edge><source>42</source><target>63</target></edge><edge><source>34</source><target>13</target></edge><edge><source>7</source><target>19</target></edge><edge><source>64</source><target>65</target></edge><edge><source>66</source><target>67</target></edge><edge><source>68</source><target>47</target></edge><edge><source>68</source><target>69</target></edge><edge><source>10</source><target>32</target></edge><edge><source>11</source><target>48</target></edge><edge><source>19</source><target>70</target></edge><edge><source>19</source><target>71</target></edge><edge><source>19</source><target>72</target></edge><edge><source>19</source><target>73</target></edge><edge><source>74</source><target>4</target></edge><edge><source>70</source><target>75</target></edge><edge><source>8</source><target>76</target></edge><edge><source>77</source><target>33</target></edge><edge><source>77</source><target>78</target></edge><edge><source>12</source><target>41</target></edge><edge><source>12</source><target>72</target></edge><edge><source>79</source><target>41</target></edge><edge><source>60</source><target>80</target></edge><edge><source>60</source><target>62</target></edge><edge><source>55</source><target>9</target></edge><edge><source>55</source><target>36</target></edge><edge><source>55</source><target>74</target></edge><edge><source>71</source><target>65</target></edge><edge><source>81</source><target>63</target></edge><edge><source>81</source><target>73</target></edge><edge><source>17</source><target>56</target></edge><edge><source>82</source><target>53</target></edge><edge><source>82</source><target>63</target></edge><edge><source>83</source><target>38</target></edge><edge><source>83</source><target>21</target></edge><edge><source>3</source><target>49</target></edge><edge><source>13</source><target>26</target></edge><edge><source>84</source><target>23</target></edge><edge><source>84</source><target>11</target></edge><edge><source>84</source><target>21</target></edge><edge><source>76</source><target>31</target></edge><edge><source>85</source><target>30</target></edge><edge><source>85</source><target>67</target></edge><edge><source>85</source><target>86</target></edge><edge><source>87</source><target>6</target></edge><edge><source>72</source><target>39</target></edge><edge><source>69</source><target>26</target></edge><edge><source>69</source><target>24</target></edge><edge><source>69</source><target>79</target></edge><edge><source>78</source><target>50</target></edge><edge><source>78</source><target>88</target></edge><edge><source>86</source><target>41</target></edge><edge><source>86</source><target>56</target></edge><edge><source>86</source><target>51</target></edge><edge><source>89</source><target>0</target></edge><edge><source>89</source><target>90</target></edge><edge><source>91</source><target>54</target></edge><edge><source>91</source><target>38</target></edge><edge><source>91</source><target>24</target></edge><edge><source>91</source><target>83</target></edge><edge><source>40</source><target>64</target></edge><edge><source>57</source><target>12</target></edge><edge><source>51</source><target>63</target></edge><edge><source>22</source><target>54</target></edge><edge><source>59</source><target>92</target></edge><edge><source>59</source><target>15</target></edge><edge><source>59</source><target>16</target></edge><edge><source>93</source><target>54</target></edge><edge><source>94</source><target>65</target></edge><edge><source>61</source><target>20</target></edge><edge><source>75</source><target>92</target></edge><edge><source>75</source><target>70</target></edge><edge><source>49</source><target>45</target></edge><edge><source>63</source><target>8</target></edge><edge><source>73</source><target>83</target></edge><edge><source>73</source><target>78</target></edge><edge><source>95</source><target>1</target></edge><edge><source>96</source><target>2</target></edge><edge><source>97</source><target>67</target></edge><edge><source>97</source><target>66</target></edge></edges></harm>