<harm><nodes><node id="155822431678409755055015859757323119698" name="h0"><host_values><risk>1.0</risk><cost>1.0</cost><impact>1.0</impact><probability>1.0</probability></host_values><ignorable>False</ignorable><vulnerabilities><or><vulnerability id="324034497131856436295231767226769024945" name="v6"><vulner_values><risk>9.3</risk><cost>0.0</cost><impact>10.0</impact><probability>0.93</probability></vulner_values></vulnerability></or></vulnerabilities></node><node id="188991265709047951860772949782472575743" name="h51"><host_values><risk>1.0</risk><cost>1.0</cost><impact>1.0</impact><probability>1.0</probability></host_values><ignorable>False</ignorable><vulnerabilities><or><vulnerability id="76872913449788939730969383874064065349" name="v4"><vulner_values><risk>4.3</risk><cost>0.0</cost><impact>2.9</impact><probability>0.43</probability></vulner_values></vulnerability></or></vulnerabilities></node><node id="68954151559610957656626314899710293389" name="h82"><host_values><risk>1.0</risk><cost>1.0</cost><impact>1.0</impact><probability>1.0</probability></host_values><ignorable>False</ignorable><vulnerabilities><or><vulnerability id="261516028682914411004938207975083034074" name="k8"><vulner_values><risk>7.5</risk><cost>0.0</cost><impact>6.4</impact><probability>0.75</probability></vulner_values></vulnerability></or></vulnerabilities></node><node id="91411046077044010171196644510505657302" name="h1"><host_values><risk>1.0</risk><cost>1.0</cost><impact>1.0</impact><probability>1.0</probability></host_values><ignorable>False</ignorable><vulnerabilities><or><vulnerability id="297707470032632738383687143771748225507" name="v12"><vulner_values><risk>10.0</risk><cost>0.0</cost><impact>10.0</impact><probability>1.0</probability></vulner_values></vulnerability></or></vulnerabilities></node><node id="299963802800576283452889609258968375072" name="h65"><host_values><risk>1.0</risk><cost>1.0</cost><impact>1.0</impact><probability>1.0</probability></host_values><ignorable>False</ignorable><vulnerabilities><or><vulnerability id="266934610909344023437812877639461721239" name="v4"><vulner_values><risk>4.3</risk><cost>0.0</cost><impact>2.9</impact><probability>0.43</probability></vulner_values></vulnerability></or></vulnerabilities></node><node id="271696596344200298488924989027377552512" name="h91"><host_values><risk>1.0</risk><cost>1.0</cost><impact>1.0</impact><probability>1.0</probability></host_values><ignorable>False</ignorable><vulnerabilities><or><vulnerability id="131016912154065671147952013439293540496" name="v11"><vulner_values><risk>8.5</risk><cost>0.0</cost><impact>8.4</impact><probability>0.85</probability></vulner_values></vulnerability></or></vulnerabilities></node><node id="221513773946441377508562563826443359148" name="h2"><host_values><risk>1.0</risk><cost>1.0</cost><impact>1.0</impact><probability>1.0</probability></host_values><ignorable>False</ignorable><vulnerabilities><or><vulnerability id="122441729812838795123265255178999730831" name="v12"><vulner_values><risk>10.0</risk><cost>0.0</cost><impact>10.0</impact><probability>1.0</probability></vulner_values></vulnerability></or></vulnerabilities></node><node id="310907624230394475395737028846165565996" name="h19"><host_values><risk>1.0</risk><cost>1.0</cost><impact>1.0</impact><probability>1.0</probability></host_values><ignorable>False</ignorable><vulnerabilities><or><vulnerability id="261890366518978125015919261313383291224" name="v10"><vulner_values><risk>9.0</risk><cost>0.0</cost><impact>9.4</impact><probability>0.9</probability></vulner_values></vulnerability></or></vulnerabilities></node><node id="338924876122388459374017333850866343029" name="h53"><host_values><risk>1.0</risk><cost>1.0</cost><impact>1.0</impact><probability>1.0</probability></host_values><ignorable>False</ignorable><vulnerabilities><or><vulnerability id="173397300388107689152189022711144110702" name="v4"><vulner_values><risk>4.3</risk><cost>0.0</cost><impact>2.9</impact><probability>0.43</probability></vulner_values></vulnerability></or></vulnerabilities></node><node id="54230502802219082884762746884107780904" name="h3"><host_values><risk>1.0</risk><cost>1.0</cost><impact>1.0</impact><probability>1.0</probability></host_values><ignorable>False</ignorable><vulnerabilities><or><vulnerability id="263856965019378461928049638949080832674" name="v2"><vulner_values><risk>4.3</risk><cost>0.0</cost><impact>2.9</impact><probability>0.43</probability></vulner_values></vulnerability></or></vulnerabilities></node><node id="142081755175997931669220571526072528683" name="h35"><host_values><risk>1.0</risk><cost>1.0</cost><impact>1.0</impact><probability>1.0</probability></host_values><ignorable>False</ignorable><vulnerabilities><or><vulnerability id="189841473611355246037967686971537606894" name="v11"><vulner_values><risk>8.5</risk><cost>0.0</cost><impact>8.4</impact><probability>0.85</probability></vulner_values></vulnerability></or></vulnerabilities></node><node id="34815868875592258340413072438299967705" name="h59"><host_values><risk>1.0</risk><cost>1.0</cost><impact>1.0</impact><probability>1.0</probability></host_values><ignorable>False</ignorable><vulnerabilities><or><vulnerability id="16404302298701917201615450806777763965" name="v5"><vulner_values><risk>7.2</risk><cost>0.0</cost><impact>10.0</impact><probability>0.72</probability></vulner_values></vulnerability></or></vulnerabilities></node><node id="106342009194781778990050583178551735902" name="h70"><host_values><risk>1.0</risk><cost>1.0</cost><impact>1.0</impact><probability>1.0</probability></host_values><ignorable>False</ignorable><vulnerabilities><or><vulnerability id="144293257241521408024409493036788950580" name="v11"><vulner_values><risk>8.5</risk><cost>0.0</cost><impact>8.4</impact><probability>0.85</probability></vulner_values></vulnerability></or></vulnerabilities></node><node id="74359536595505230055584131685238452544" name="h74"><host_values><risk>1.0</risk><cost>1.0</cost><impact>1.0</impact><probability>1.0</probability></host_values><ignorable>False</ignorable><vulnerabilities><or><vulnerability id="164072586114305119555330331350896706241" name="v10"><vulner_values><risk>9.0</risk><cost>0.0</cost><impact>9.4</impact><probability>0.9</probability></vulner_values></vulnerability></or></vulnerabilities></node><node id="247322186708561625201717741322116936618" name="h4"><host_values><risk>1.0</risk><cost>1.0</cost><impact>1.0</impact><probability>1.0</probability></host_values><ignorable>False</ignorable><vulnerabilities><or><vulnerability id="168051060019971038642893215210033145416" name="v3"><vulner_values><risk>9.3</risk><cost>0.0</cost><impact>10.0</impact><probability>0.93</probability></vulner_values></vulnerability><vulnerability id="58604747125771858764484692389780803063" name="nd7"><vulner_values><risk>7.5</risk><cost>0.0</cost><impact>6.4</impact><probability>0.75</probability></vulner_values></vulnerability></or></vulnerabilities></node><node id="100373509667708408879570483939422998696" name="h14"><host_values><risk>1.0</risk><cost>1.0</cost><impact>1.0</impact><probability>1.0</probability></host_values><ignorable>False</ignorable><vulnerabilities><or><vulnerability id="49593202381509462498690240876353579559" name="k8"><vulner_values><risk>7.5</risk><cost>0.0</cost><impact>6.4</impact><probability>0.75</probability></vulner_values></vulnerability></or></vulnerabilities></node><node id="221748740872525552681392687482634700318" name="h30"><host_values><risk>1.0</risk><cost>1.0</cost><impact>1.0</impact><probability>1.0</probability></host_values><ignorable>False</ignorable><vulnerabilities><or><vulnerability id="106260486877759727798823272250509030187" name="v10"><vulner_values><risk>9.0</risk><cost>0.0</cost><impact>9.4</impact><probability>0.9</probability></vulner_values></vulnerability></or></vulnerabilities></node><node id="27994393987680419387424143708184428403" name="h5"><host_values><risk>1.0</risk><cost>1.0</cost><impact>1.0</impact><probability>1.0</probability></host_values><ignorable>False</ignorable><vulnerabilities><or><vulnerability id="298118500439346001189926099281458151121" name="k8"><vulner_values><risk>7.5</risk><cost>0.0</cost><impact>6.4</impact><probability>0.75</probability></vulner_values></vulnerability></or></vulnerabilities></node><node id="128338636200799245568855633098805273773" name="h7"><host_values><risk>1.0</risk><cost>1.0</cost><impact>1.0</impact><probability>1.0</probability></host_values><ignorable>False</ignorable><vulnerabilities><or><vulnerability id="18830729441539833025975438153202053653" name="v9"><vulner_values><risk>7.3</risk><cost>0.0</cost><impact>7.9</impact><probability>0.73</probability></vulner_values></vulnerability></or></vulnerabilities></node><node id="214563833293396339265880724793107460271" name="hDB3"><host_values><risk>1.0</risk><cost>1.0</cost><impact>1.0</impact><probability>1.0</probability></host_values><ignorable>False</ignorable><vulnerabilities><or><vulnerability id="78679110686520269405743733936694979578" name="k8"><vulner_values><risk>7.5</risk><cost>0.0</cost><impact>6.4</impact><probability>0.75</probability></vulner_values></vulnerability><vulnerability id="70941864299092736698957572843694498733" name="v5"><vulner_values><risk>7.2</risk><cost>0.0</cost><impact>10.0</impact><probability>0.72</probability></vulner_values></vulnerability></or></vulnerabilities></node><node id="317231327693621770949105856466777782646" name="h6"><host_values><risk>1.0</risk><cost>1.0</cost><impact>1.0</impact><probability>1.0</probability></host_values><ignorable>False</ignorable><vulnerabilities><or><vulnerability id="271741559475451855434030558919351483743" name="v12"><vulner_values><risk>10.0</risk><cost>0.0</cost><impact>10.0</impact><probability>1.0</probability></vulner_values></vulnerability></or></vulnerabilities></node><node id="165180163856310320939374749703034043597" name="h18"><host_values><risk>1.0</risk><cost>1.0</cost><impact>1.0</impact><probability>1.0</probability></host_values><ignorable>False</ignorable><vulnerabilities><or><vulnerability id="46204566521740358081847168361913041769" name="k8"><vulner_values><risk>7.5</risk><cost>0.0</cost><impact>6.4</impact><probability>0.75</probability></vulner_values></vulnerability></or></vulnerabilities></node><node id="72719083886162977534890397600689313262" name="h31"><host_values><risk>1.0</risk><cost>1.0</cost><impact>1.0</impact><probability>1.0</probability></host_values><ignorable>False</ignorable><vulnerabilities><or><vulnerability id="181517352112015105750210248529228711507" name="v11"><vulner_values><risk>8.5</risk><cost>0.0</cost><impact>8.4</impact><probability>0.85</probability></vulner_values></vulnerability></or></vulnerabilities></node><node id="34251472010244960051546052392190099520" name="h42"><host_values><risk>1.0</risk><cost>1.0</cost><impact>1.0</impact><probability>1.0</probability></host_values><ignorable>False</ignorable><vulnerabilities><or><vulnerability id="143702877737656148941733874587622450521" name="v9"><vulner_values><risk>7.3</risk><cost>0.0</cost><impact>7.9</impact><probability>0.73</probability></vulner_values></vulnerability></or></vulnerabilities></node><node id="88726534603598836037041600392809155819" name="h73"><host_values><risk>1.0</risk><cost>1.0</cost><impact>1.0</impact><probability>1.0</probability></host_values><ignorable>False</ignorable><vulnerabilities><or><vulnerability id="334782288167211548934689151881155343295" name="v4"><vulner_values><risk>4.3</risk><cost>0.0</cost><impact>2.9</impact><probability>0.43</probability></vulner_values></vulnerability></or></vulnerabilities></node><node id="321288006982166954993457830102485740742" name="h44"><host_values><risk>1.0</risk><cost>1.0</cost><impact>1.0</impact><probability>1.0</probability></host_values><ignorable>False</ignorable><vulnerabilities><or><vulnerability id="326676594323117520062678182443817005651" name="v9"><vulner_values><risk>7.3</risk><cost>0.0</cost><impact>7.9</impact><probability>0.73</probability></vulner_values></vulnerability></or></vulnerabilities></node><node id="5028252929924235901426009142988630011" name="h77"><host_values><risk>1.0</risk><cost>1.0</cost><impact>1.0</impact><probability>1.0</probability></host_values><ignorable>False</ignorable><vulnerabilities><or><vulnerability id="177593467081008148022542581071195102059" name="v5"><vulner_values><risk>7.2</risk><cost>0.0</cost><impact>10.0</impact><probability>0.72</probability></vulner_values></vulnerability></or></vulnerabilities></node><node id="237361770655143969453741221973252107054" name="h83"><host_values><risk>1.0</risk><cost>1.0</cost><impact>1.0</impact><probability>1.0</probability></host_values><ignorable>False</ignorable><vulnerabilities><or><vulnerability id="159880716434475406889086872678324606157" name="v9"><vulner_values><risk>7.3</risk><cost>0.0</cost><impact>7.9</impact><probability>0.73</probability></vulner_values></vulnerability></or></vulnerabilities></node><node id="280686466326588560297303760571298827365" name="h8"><host_values><risk>1.0</risk><cost>1.0</cost><impact>1.0</impact><probability>1.0</probability></host_values><ignorable>False</ignorable><vulnerabilities><or><vulnerability id="291546265023737199084758758241336575777" name="v12"><vulner_values><risk>10.0</risk><cost>0.0</cost><impact>10.0</impact><probability>1.0</probability></vulner_values></vulnerability></or></vulnerabilities></node><node id="28599547524438310091369857962669287459" name="h33"><host_values><risk>1.0</risk><cost>1.0</cost><impact>1.0</impact><probability>1.0</probability></host_values><ignorable>False</ignorable><vulnerabilities><or><vulnerability id="258123119886599907077489743993826411740" name="v4"><vulner_values><risk>4.3</risk><cost>0.0</cost><impact>2.9</impact><probability>0.43</probability></vulner_values></vulnerability></or></vulnerabilities></node><node id="189016010376503114084425750484613858061" name="h10"><host_values><risk>1.0</risk><cost>1.0</cost><impact>1.0</impact><probability>1.0</probability></host_values><ignorable>False</ignorable><vulnerabilities><or><vulnerability id="30720280910008970112175278187657863575" name="v2"><vulner_values><risk>4.3</risk><cost>0.0</cost><impact>2.9</impact><probability>0.43</probability></vulner_values></vulnerability></or></vulnerabilities></node><node id="143393957740362801469399172280405069349" name="h46"><host_values><risk>1.0</risk><cost>1.0</cost><impact>1.0</impact><probability>1.0</probability></host_values><ignorable>False</ignorable><vulnerabilities><or><vulnerability id="66950330581501715547438062544378263797" name="k8"><vulner_values><risk>7.5</risk><cost>0.0</cost><impact>6.4</impact><probability>0.75</probability></vulner_values></vulnerability></or></vulnerabilities></node><node id="151606253311023945214268735605288129985" name="h55"><host_values><risk>1.0</risk><cost>1.0</cost><impact>1.0</impact><probability>1.0</probability></host_values><ignorable>False</ignorable><vulnerabilities><or><vulnerability id="316865595785151030590394334970095473435" name="v9"><vulner_values><risk>7.3</risk><cost>0.0</cost><impact>7.9</impact><probability>0.73</probability></vulner_values></vulnerability></or></vulnerabilities></node><node id="233943407515984081662089058302089492637" name="h11"><host_values><risk>1.0</risk><cost>1.0</cost><impact>1.0</impact><probability>1.0</probability></host_values><ignorable>False</ignorable><vulnerabilities><or><vulnerability id="72013014278696738390596262514573601313" name="v3"><vulner_values><risk>9.3</risk><cost>0.0</cost><impact>10.0</impact><probability>0.93</probability></vulner_values></vulnerability></or></vulnerabilities></node><node id="22275393218380151919979551383709552074" name="h32"><host_values><risk>1.0</risk><cost>1.0</cost><impact>1.0</impact><probability>1.0</probability></host_values><ignorable>False</ignorable><vulnerabilities><or><vulnerability id="31025038073555049419614928856773411346" name="v10"><vulner_values><risk>9.0</risk><cost>0.0</cost><impact>9.4</impact><probability>0.9</probability></vulner_values></vulnerability></or></vulnerabilities></node><node id="329650325011415416374879505689953242817" name="h12"><host_values><risk>1.0</risk><cost>1.0</cost><impact>1.0</impact><probability>1.0</probability></host_values><ignorable>False</ignorable><vulnerabilities><or><vulnerability id="145337476465039098630701123310504876264" name="v12"><vulner_values><risk>10.0</risk><cost>0.0</cost><impact>10.0</impact><probability>1.0</probability></vulner_values></vulnerability></or></vulnerabilities></node><node id="224200313118748852595970668677130068847" name="h16"><host_values><risk>1.0</risk><cost>1.0</cost><impact>1.0</impact><probability>1.0</probability></host_values><ignorable>False</ignorable><vulnerabilities><or><vulnerability id="28009962173993723230889779165576098487" name="v4"><vulner_values><risk>4.3</risk><cost>0.0</cost><impact>2.9</impact><probability>0.43</probability></vulner_values></vulnerability></or></vulnerabilities></node><node id="12219030538227623204587197557127824773" name="h54"><host_values><risk>1.0</risk><cost>1.0</cost><impact>1.0</impact><probability>1.0</probability></host_values><ignorable>False</ignorable><vulnerabilities><or><vulnerability id="102272626530693746659365732020973908952" name="v3"><vulner_values><risk>9.3</risk><cost>0.0</cost><impact>10.0</impact><probability>0.93</probability></vulner_values></vulnerability></or></vulnerabilities></node><node id="207501034322891590523534869389916138937" name="h78"><host_values><risk>1.0</risk><cost>1.0</cost><impact>1.0</impact><probability>1.0</probability></host_values><ignorable>False</ignorable><vulnerabilities><or><vulnerability id="170445085943613047081830275032801431064" name="v3"><vulner_values><risk>9.3</risk><cost>0.0</cost><impact>10.0</impact><probability>0.93</probability></vulner_values></vulnerability></or></vulnerabilities></node><node id="176741820046106377294322213515511245188" name="h15"><host_values><risk>1.0</risk><cost>1.0</cost><impact>1.0</impact><probability>1.0</probability></host_values><ignorable>False</ignorable><vulnerabilities><or><vulnerability id="31507953379957242494293400400754859276" name="v6"><vulner_values><risk>9.3</risk><cost>0.0</cost><impact>10.0</impact><probability>0.93</probability></vulner_values></vulnerability></or></vulnerabilities></node><node id="108340153096292826726964983347152594166" name="h61"><host_values><risk>1.0</risk><cost>1.0</cost><impact>1.0</impact><probability>1.0</probability></host_values><ignorable>False</ignorable><vulnerabilities><or><vulnerability id="147720441256643940066184958385424518659" name="v6"><vulner_values><risk>9.3</risk><cost>0.0</cost><impact>10.0</impact><probability>0.93</probability></vulner_values></vulnerability></or></vulnerabilities></node><node id="98070287651339050952944275991525746049" name="h17"><host_values><risk>1.0</risk><cost>1.0</cost><impact>1.0</impact><probability>1.0</probability></host_values><ignorable>False</ignorable><vulnerabilities><or><vulnerability id="8682768409312616419037774025037452144" name="v9"><vulner_values><risk>7.3</risk><cost>0.0</cost><impact>7.9</impact><probability>0.73</probability></vulner_values></vulnerability></or></vulnerabilities></node><node id="32857716117252357144617311513484052624" name="h48"><host_values><risk>1.0</risk><cost>1.0</cost><impact>1.0</impact><probability>1.0</probability></host_values><ignorable>False</ignorable><vulnerabilities><or><vulnerability id="214968070648726691947709560347082106780" name="v4"><vulner_values><risk>4.3</risk><cost>0.0</cost><impact>2.9</impact><probability>0.43</probability></vulner_values></vulnerability></or></vulnerabilities></node><node id="17109971268377571110198467512738378549" name="h20"><host_values><risk>1.0</risk><cost>1.0</cost><impact>1.0</impact><probability>1.0</probability></host_values><ignorable>False</ignorable><vulnerabilities><or><vulnerability id="109453453049527547580944448800062375225" name="v3"><vulner_values><risk>9.3</risk><cost>0.0</cost><impact>10.0</impact><probability>0.93</probability></vulner_values></vulnerability></or></vulnerabilities></node><node id="324796528226024023209010144442461707232" name="h22"><host_values><risk>1.0</risk><cost>1.0</cost><impact>1.0</impact><probability>1.0</probability></host_values><ignorable>False</ignorable><vulnerabilities><or><vulnerability id="212680912482232905057595222425855720631" name="v3"><vulner_values><risk>9.3</risk><cost>0.0</cost><impact>10.0</impact><probability>0.93</probability></vulner_values></vulnerability></or></vulnerabilities></node><node id="89461191632171306705095612652361054921" name="h72"><host_values><risk>1.0</risk><cost>1.0</cost><impact>1.0</impact><probability>1.0</probability></host_values><ignorable>False</ignorable><vulnerabilities><or><vulnerability id="304518382472278263582218279210173469548" name="v3"><vulner_values><risk>9.3</risk><cost>0.0</cost><impact>10.0</impact><probability>0.93</probability></vulner_values></vulnerability></or></vulnerabilities></node><node id="339795382140840193713730897468369417904" name="h23"><host_values><risk>1.0</risk><cost>1.0</cost><impact>1.0</impact><probability>1.0</probability></host_values><ignorable>False</ignorable><vulnerabilities><or><vulnerability id="64783875063963645644722758869519363382" name="v12"><vulner_values><risk>10.0</risk><cost>0.0</cost><impact>10.0</impact><probability>1.0</probability></vulner_values></vulnerability></or></vulnerabilities></node><node id="89320096984060854585467205516665184729" name="h36"><host_values><risk>1.0</risk><cost>1.0</cost><impact>1.0</impact><probability>1.0</probability></host_values><ignorable>False</ignorable><vulnerabilities><or><vulnerability id="129475978436523722870011060340080353136" name="v5"><vulner_values><risk>7.2</risk><cost>0.0</cost><impact>10.0</impact><probability>0.72</probability></vulner_values></vulnerability></or></vulnerabilities></node><node id="239361937790282099584903996213763477170" name="h85"><host_values><risk>1.0</risk><cost>1.0</cost><impact>1.0</impact><probability>1.0</probability></host_values><ignorable>False</ignorable><vulnerabilities><or><vulnerability id="260723770469760252109366965819396829653" name="v4"><vulner_values><risk>4.3</risk><cost>0.0</cost><impact>2.9</impact><probability>0.43</probability></vulner_values></vulnerability></or></vulnerabilities></node><node id="110072850976750118667297889931777352846" name="h24"><host_values><risk>1.0</risk><cost>1.0</cost><impact>1.0</impact><probability>1.0</probability></host_values><ignorable>False</ignorable><vulnerabilities><or><vulnerability id="222027296021785891058059216930937660034" name="v5"><vulner_values><risk>7.2</risk><cost>0.0</cost><impact>10.0</impact><probability>0.72</probability></vulner_values></vulnerability></or></vulnerabilities></node><node id="161098361193515790802049105605413816670" name="h67"><host_values><risk>1.0</risk><cost>1.0</cost><impact>1.0</impact><probability>1.0</probability></host_values><ignorable>False</ignorable><vulnerabilities><or><vulnerability id="301847375138526964958145190647038111230" name="v10"><vulner_values><risk>9.0</risk><cost>0.0</cost><impact>9.4</impact><probability>0.9</probability></vulner_values></vulnerability></or></vulnerabilities></node><node id="305864368785642972133648104662995721591" name="h25"><host_values><risk>1.0</risk><cost>1.0</cost><impact>1.0</impact><probability>1.0</probability></host_values><ignorable>False</ignorable><vulnerabilities><or><vulnerability id="263634060021593365760408636443180878084" name="v10"><vulner_values><risk>9.0</risk><cost>0.0</cost><impact>9.4</impact><probability>0.9</probability></vulner_values></vulnerability></or></vulnerabilities></node><node id="269625513613795780103013878445015722036" name="h26"><host_values><risk>1.0</risk><cost>1.0</cost><impact>1.0</impact><probability>1.0</probability></host_values><ignorable>False</ignorable><vulnerabilities><or><vulnerability id="59916991656357291720340128340713872315" name="v5"><vulner_values><risk>7.2</risk><cost>0.0</cost><impact>10.0</impact><probability>0.72</probability></vulner_values></vulnerability></or></vulnerabilities></node><node id="166015509850163301395095918114182521608" name="h27"><host_values><risk>1.0</risk><cost>1.0</cost><impact>1.0</impact><probability>1.0</probability></host_values><ignorable>False</ignorable><vulnerabilities><or><vulnerability id="106587662085182371375596174608551443562" name="v12"><vulner_values><risk>10.0</risk><cost>0.0</cost><impact>10.0</impact><probability>1.0</probability></vulner_values></vulnerability></or></vulnerabilities></node><node id="124103438698851722339634000583594438333" name="h38"><host_values><risk>1.0</risk><cost>1.0</cost><impact>1.0</impact><probability>1.0</probability></host_values><ignorable>False</ignorable><vulnerabilities><or><vulnerability id="244386923421442000243331935745575037508" name="v5"><vulner_values><risk>7.2</risk><cost>0.0</cost><impact>10.0</impact><probability>0.72</probability></vulner_values></vulnerability></or></vulnerabilities></node><node id="202914219876190858081190721388114751654" name="h29"><host_values><risk>1.0</risk><cost>1.0</cost><impact>1.0</impact><probability>1.0</probability></host_values><ignorable>False</ignorable><vulnerabilities><or><vulnerability id="168395966456721857635445537575861730944" name="k8"><vulner_values><risk>7.5</risk><cost>0.0</cost><impact>6.4</impact><probability>0.75</probability></vulner_values></vulnerability></or></vulnerabilities></node><node id="67882851305729322271994427858498462274" name="h75"><host_values><risk>1.0</risk><cost>1.0</cost><impact>1.0</impact><probability>1.0</probability></host_values><ignorable>False</ignorable><vulnerabilities><or><vulnerability id="279431703754040375467385338896115417541" name="v12"><vulner_values><risk>10.0</risk><cost>0.0</cost><impact>10.0</impact><probability>1.0</probability></vulner_values></vulnerability></or></vulnerabilities></node><node id="224498390072860479421895012186840491629" name="h95"><host_values><risk>1.0</risk><cost>1.0</cost><impact>1.0</impact><probability>1.0</probability></host_values><ignorable>False</ignorable><vulnerabilities><or><vulnerability id="204797386339753378257304609517290283088" name="v6"><vulner_values><risk>9.3</risk><cost>0.0</cost><impact>10.0</impact><probability>0.93</probability></vulner_values></vulnerability></or></vulnerabilities></node><node id="335393755652787562009455476459745005251" name="h13"><host_values><risk>1.0</risk><cost>1.0</cost><impact>1.0</impact><probability>1.0</probability></host_values><ignorable>False</ignorable><vulnerabilities><or><vulnerability id="8361837332711752058472678438036503907" name="v9"><vulner_values><risk>7.3</risk><cost>0.0</cost><impact>7.9</impact><probability>0.73</probability></vulner_values></vulnerability></or></vulnerabilities></node><node id="181490715645311657902680476811693788784" name="h34"><host_values><risk>1.0</risk><cost>1.0</cost><impact>1.0</impact><probability>1.0</probability></host_values><ignorable>False</ignorable><vulnerabilities><or><vulnerability id="121039523558593846735293445645864989546" name="v6"><vulner_values><risk>9.3</risk><cost>0.0</cost><impact>10.0</impact><probability>0.93</probability></vulner_values></vulnerability></or></vulnerabilities></node><node id="258776156128074148129155345769422512729" name="h56"><host_values><risk>1.0</risk><cost>1.0</cost><impact>1.0</impact><probability>1.0</probability></host_values><ignorable>False</ignorable><vulnerabilities><or><vulnerability id="70267094432726643864300594976549513618" name="v9"><vulner_values><risk>7.3</risk><cost>0.0</cost><impact>7.9</impact><probability>0.73</probability></vulner_values></vulnerability></or></vulnerabilities></node><node id="287290943131781771407550562444478737375" name="h63"><host_values><risk>1.0</risk><cost>1.0</cost><impact>1.0</impact><probability>1.0</probability></host_values><ignorable>False</ignorable><vulnerabilities><or><vulnerability id="240448370328876493571382626852697068952" name="v4"><vulner_values><risk>4.3</risk><cost>0.0</cost><impact>2.9</impact><probability>0.43</probability></vulner_values></vulnerability></or></vulnerabilities></node><node id="180316983913684831371998529729589568547" name="h21"><host_values><risk>1.0</risk><cost>1.0</cost><impact>1.0</impact><probability>1.0</probability></host_values><ignorable>False</ignorable><vulnerabilities><or><vulnerability id="188693353735511213073231983241951001065" name="v2"><vulner_values><risk>4.3</risk><cost>0.0</cost><impact>2.9</impact><probability>0.43</probability></vulner_values></vulnerability></or></vulnerabilities></node><node id="157511816819609986445104096127115584925" name="h89"><host_values><risk>1.0</risk><cost>1.0</cost><impact>1.0</impact><probability>1.0</probability></host_values><ignorable>False</ignorable><vulnerabilities><or><vulnerability id="273981415492639708303635319016218137394" name="v2"><vulner_values><risk>4.3</risk><cost>0.0</cost><impact>2.9</impact><probability>0.43</probability></vulner_values></vulnerability></or></vulnerabilities></node><node id="314355339559838567065513066572772832395" name="h39"><host_values><risk>1.0</risk><cost>1.0</cost><impact>1.0</impact><probability>1.0</probability></host_values><ignorable>False</ignorable><vulnerabilities><or><vulnerability id="33190330042125186955370597471633220205" name="k8"><vulner_values><risk>7.5</risk><cost>0.0</cost><impact>6.4</impact><probability>0.75</probability></vulner_values></vulnerability></or></vulnerabilities></node><node id="191619759651455997950000398987278234555" name="h68"><host_values><risk>1.0</risk><cost>1.0</cost><impact>1.0</impact><probability>1.0</probability></host_values><ignorable>False</ignorable><vulnerabilities><or><vulnerability id="203577437869248979000687477299445007774" name="v2"><vulner_values><risk>4.3</risk><cost>0.0</cost><impact>2.9</impact><probability>0.43</probability></vulner_values></vulnerability><vulnerability id="225648380732415519657589456741080529245" name="nd7"><vulner_values><risk>7.5</risk><cost>0.0</cost><impact>6.4</impact><probability>0.75</probability></vulner_values></vulnerability></or></vulnerabilities></node><node id="245553521839356606651492513679517114142" name="h40"><host_values><risk>1.0</risk><cost>1.0</cost><impact>1.0</impact><probability>1.0</probability></host_values><ignorable>False</ignorable><vulnerabilities><or><vulnerability id="137038514030101809241300257904046890133" name="v12"><vulner_values><risk>10.0</risk><cost>0.0</cost><impact>10.0</impact><probability>1.0</probability></vulner_values></vulnerability></or></vulnerabilities></node><node id="206117762347653363994457744733414932766" name="h76"><host_values><risk>1.0</risk><cost>1.0</cost><impact>1.0</impact><probability>1.0</probability></host_values><ignorable>False</ignorable><vulnerabilities><or><vulnerability id="38193300802546258008361197697450789209" name="v2"><vulner_values><risk>4.3</risk><cost>0.0</cost><impact>2.9</impact><probability>0.43</probability></vulner_values></vulnerability></or></vulnerabilities></node><node id="228622740383802158422570864583014001592" name="h41"><host_values><risk>1.0</risk><cost>1.0</cost><impact>1.0</impact><probability>1.0</probability></host_values><ignorable>False</ignorable><vulnerabilities><or><vulnerability id="237565431798104111109472661442294292886" name="v12"><vulner_values><risk>10.0</risk><cost>0.0</cost><impact>10.0</impact><probability>1.0</probability></vulner_values></vulnerability></or></vulnerabilities></node><node id="301879764868163295206581089696833820404" name="h90"><host_values><risk>1.0</risk><cost>1.0</cost><impact>1.0</impact><probability>1.0</probability></host_values><ignorable>False</ignorable><vulnerabilities><or><vulnerability id="194051571927606317022749440475264834383" name="v6"><vulner_values><risk>9.3</risk><cost>0.0</cost><impact>10.0</impact><probability>0.93</probability></vulner_values></vulnerability></or></vulnerabilities></node><node id="150350532336554873004288561839836529563" name="h43"><host_values><risk>1.0</risk><cost>1.0</cost><impact>1.0</impact><probability>1.0</probability></host_values><ignorable>False</ignorable><vulnerabilities><or><vulnerability id="336729977111307435495357055843810233789" name="v5"><vulner_values><risk>7.2</risk><cost>0.0</cost><impact>10.0</impact><probability>0.72</probability></vulner_values></vulnerability></or></vulnerabilities></node><node id="55942107969121163582334446653234548424" name="h87"><host_values><risk>1.0</risk><cost>1.0</cost><impact>1.0</impact><probability>1.0</probability></host_values><ignorable>False</ignorable><vulnerabilities><or><vulnerability id="21497480186029256893895075339177024696" name="v12"><vulner_values><risk>10.0</risk><cost>0.0</cost><impact>10.0</impact><probability>1.0</probability></vulner_values></vulnerability></or></vulnerabilities></node><node id="71711551912675646279542297386160621404" name="h45"><host_values><risk>1.0</risk><cost>1.0</cost><impact>1.0</impact><probability>1.0</probability></host_values><ignorable>False</ignorable><vulnerabilities><or><vulnerability id="227067205583698827919821016604387946474" name="v6"><vulner_values><risk>9.3</risk><cost>0.0</cost><impact>10.0</impact><probability>0.93</probability></vulner_values></vulnerability></or></vulnerabilities></node><node id="245444862665563183695650828931178021985" name="h47"><host_values><risk>1.0</risk><cost>1.0</cost><impact>1.0</impact><probability>1.0</probability></host_values><ignorable>False</ignorable><vulnerabilities><or><vulnerability id="227257553218391374651786457130569614701" name="v12"><vulner_values><risk>10.0</risk><cost>0.0</cost><impact>10.0</impact><probability>1.0</probability></vulner_values></vulnerability></or></vulnerabilities></node><node id="176397415208698846639327532333939369934" name="h49"><host_values><risk>1.0</risk><cost>1.0</cost><impact>1.0</impact><probability>1.0</probability></host_values><ignorable>False</ignorable><vulnerabilities><or><vulnerability id="330455488448778139129929396093833070041" name="v5"><vulner_values><risk>7.2</risk><cost>0.0</cost><impact>10.0</impact><probability>0.72</probability></vulner_values></vulnerability></or></vulnerabilities></node><node id="189079727613392091132084628957757977674" name="h79"><host_values><risk>1.0</risk><cost>1.0</cost><impact>1.0</impact><probability>1.0</probability></host_values><ignorable>False</ignorable><vulnerabilities><or><vulnerability id="163079524988257055929132281486949314751" name="v10"><vulner_values><risk>9.0</risk><cost>0.0</cost><impact>9.4</impact><probability>0.9</probability></vulner_values></vulnerability></or></vulnerabilities></node><node id="339084884735441481598650672321646290597" name="h50"><host_values><risk>1.0</risk><cost>1.0</cost><impact>1.0</impact><probability>1.0</probability></host_values><ignorable>False</ignorable><vulnerabilities><or><vulnerability id="168700596291762663385327707842045922006" name="k8"><vulner_values><risk>7.5</risk><cost>0.0</cost><impact>6.4</impact><probability>0.75</probability></vulner_values></vulnerability></or></vulnerabilities></node><node id="19817682911536285178329604962296268384" name="h58"><host_values><risk>1.0</risk><cost>1.0</cost><impact>1.0</impact><probability>1.0</probability></host_values><ignorable>False</ignorable><vulnerabilities><or><vulnerability id="264889393471484199942485560499031316782" name="v11"><vulner_values><risk>8.5</risk><cost>0.0</cost><impact>8.4</impact><probability>0.85</probability></vulner_values></vulnerability></or></vulnerabilities></node><node id="331125966788140162666821941457802817357" name="h52"><host_values><risk>1.0</risk><cost>1.0</cost><impact>1.0</impact><probability>1.0</probability></host_values><ignorable>False</ignorable><vulnerabilities><or><vulnerability id="234437551754944702652383532217248612812" name="v11"><vulner_values><risk>8.5</risk><cost>0.0</cost><impact>8.4</impact><probability>0.85</probability></vulner_values></vulnerability></or></vulnerabilities></node><node id="218357292808666169980874107068985143384" name="h9"><host_values><risk>1.0</risk><cost>1.0</cost><impact>1.0</impact><probability>1.0</probability></host_values><ignorable>False</ignorable><vulnerabilities><or><vulnerability id="217162802174359066763505234417384493841" name="v9"><vulner_values><risk>7.3</risk><cost>0.0</cost><impact>7.9</impact><probability>0.73</probability></vulner_values></vulnerability></or></vulnerabilities></node><node id="269110553761236708684027619279672763609" name="h88"><host_values><risk>1.0</risk><cost>1.0</cost><impact>1.0</impact><probability>1.0</probability></host_values><ignorable>False</ignorable><vulnerabilities><or><vulnerability id="216646082149998436432969062281048002053" name="k8"><vulner_values><risk>7.5</risk><cost>0.0</cost><impact>6.4</impact><probability>0.75</probability></vulner_values></vulnerability></or></vulnerabilities></node><node id="81441592048464032553214120772295907853" name="h64"><host_values><risk>1.0</risk><cost>1.0</cost><impact>1.0</impact><probability>1.0</probability></host_values><ignorable>False</ignorable><vulnerabilities><or><vulnerability id="313855984791146478849607835626151626967" name="v3"><vulner_values><risk>9.3</risk><cost>0.0</cost><impact>10.0</impact><probability>0.93</probability></vulner_values></vulnerability></or></vulnerabilities></node><node id="244912792776859388261635485703125694319" name="h57"><host_values><risk>1.0</risk><cost>1.0</cost><impact>1.0</impact><probability>1.0</probability></host_values><ignorable>False</ignorable><vulnerabilities><or><vulnerability id="29219961246475417597173444853277554540" name="v3"><vulner_values><risk>9.3</risk><cost>0.0</cost><impact>10.0</impact><probability>0.93</probability></vulner_values></vulnerability></or></vulnerabilities></node><node id="49401975066852260014093597098836551517" name="h60"><host_values><risk>1.0</risk><cost>1.0</cost><impact>1.0</impact><probability>1.0</probability></host_values><ignorable>False</ignorable><vulnerabilities><or><vulnerability id="2718140298860207231835971940013668635" name="v3"><vulner_values><risk>9.3</risk><cost>0.0</cost><impact>10.0</impact><probability>0.93</probability></vulner_values></vulnerability><vulnerability id="283075749855891862479136857515598939954" name="nd1"><vulner_values><risk>5.0</risk><cost>0.0</cost><impact>2.9</impact><probability>0.5</probability></vulner_values></vulnerability></or></vulnerabilities></node><node id="154371825111261644008715570438834143986" name="h62"><host_values><risk>1.0</risk><cost>1.0</cost><impact>1.0</impact><probability>1.0</probability></host_values><ignorable>False</ignorable><vulnerabilities><or><vulnerability id="47893331714195152456872164046793990729" name="v12"><vulner_values><risk>10.0</risk><cost>0.0</cost><impact>10.0</impact><probability>1.0</probability></vulner_values></vulnerability></or></vulnerabilities></node><node id="336857267128355884511076525792061245517" name="h66"><host_values><risk>1.0</risk><cost>1.0</cost><impact>1.0</impact><probability>1.0</probability></host_values><ignorable>False</ignorable><vulnerabilities><or><vulnerability id="118561215583020292792320078875258098472" name="v10"><vulner_values><risk>9.0</risk><cost>0.0</cost><impact>9.4</impact><probability>0.9</probability></vulner_values></vulnerability></or></vulnerabilities></node><node id="250379466215526503060754160765879580775" name="h69"><host_values><risk>1.0</risk><cost>1.0</cost><impact>1.0</impact><probability>1.0</probability></host_values><ignorable>False</ignorable><vulnerabilities><or><vulnerability id="58013228815421485018611794936041891098" name="v12"><vulner_values><risk>10.0</risk><cost>0.0</cost><impact>10.0</impact><probability>1.0</probability></vulner_values></vulnerability><vulnerability id="75794349825875650135337821230309422254" name="nd7"><vulner_values><risk>7.5</risk><cost>0.0</cost><impact>6.4</impact><probability>0.75</probability></vulner_values></vulnerability></or></vulnerabilities></node><node id="284953498638530851087324365324066363203" name="h71"><host_values><risk>1.0</risk><cost>1.0</cost><impact>1.0</impact><probability>1.0</probability></host_values><ignorable>False</ignorable><vulnerabilities><or><vulnerability id="8377610490169730459837093665976535749" name="v6"><vulner_values><risk>9.3</risk><cost>0.0</cost><impact>10.0</impact><probability>0.93</probability></vulner_values></vulnerability></or></vulnerabilities></node><node id="193227101525650068918607361920949731785" name="h94"><host_values><risk>1.0</risk><cost>1.0</cost><impact>1.0</impact><probability>1.0</probability></host_values><ignorable>False</ignorable><vulnerabilities><or><vulnerability id="260789717452396420218399192741682535001" name="v4"><vulner_values><risk>4.3</risk><cost>0.0</cost><impact>2.9</impact><probability>0.43</probability></vulner_values></vulnerability></or></vulnerabilities></node><node id="109555145615815347532129206498697425596" name="h80"><host_values><risk>1.0</risk><cost>1.0</cost><impact>1.0</impact><probability>1.0</probability></host_values><ignorable>False</ignorable><vulnerabilities><or><vulnerability id="147201598324833227298567453251109436274" name="v5"><vulner_values><risk>7.2</risk><cost>0.0</cost><impact>10.0</impact><probability>0.72</probability></vulner_values></vulnerability></or></vulnerabilities></node><node id="183421721362416305119106500762111877375" name="h81"><host_values><risk>1.0</risk><cost>1.0</cost><impact>1.0</impact><probability>1.0</probability></host_values><ignorable>False</ignorable><vulnerabilities><or><vulnerability id="4599356643808422389145664872255601342" name="v11"><vulner_values><risk>8.5</risk><cost>0.0</cost><impact>8.4</impact><probability>0.85</probability></vulner_values></vulnerability></or></vulnerabilities></node><node id="266603783166270583694114098977369540197" name="h86"><host_values><risk>1.0</risk><cost>1.0</cost><impact>1.0</impact><probability>1.0</probability></host_values><ignorable>False</ignorable><vulnerabilities><or><vulnerability id="238307732020362592742678932202320643097" name="v12"><vulner_values><risk>10.0</risk><cost>0.0</cost><impact>10.0</impact><probability>1.0</probability></vulner_values></vulnerability></or></vulnerabilities></node><node id="298262844379717765245091596879462199839" name="h84"><host_values><risk>1.0</risk><cost>1.0</cost><impact>1.0</impact><probability>1.0</probability></host_values><ignorable>False</ignorable><vulnerabilities><or><vulnerability id="243880847801959113744022965844980583588" name="v10"><vulner_values><risk>9.0</risk><cost>0.0</cost><impact>9.4</impact><probability>0.9</probability></vulner_values></vulnerability></or></vulnerabilities></node><node id="232737946014613293084248122040713270619" name="h99"><host_values><risk>1.0</risk><cost>1.0</cost><impact>1.0</impact><probability>1.0</probability></host_values><ignorable>False</ignorable><vulnerabilities><or><vulnerability id="172364037956198110511970222666481481959" name="v9"><vulner_values><risk>7.3</risk><cost>0.0</cost><impact>7.9</impact><probability>0.73</probability></vulner_values></vulnerability></or></vulnerabilities></node><node id="155280008997692911400882024857441576047" name="h92"><host_values><risk>1.0</risk><cost>1.0</cost><impact>1.0</impact><probability>1.0</probability></host_values><ignorable>False</ignorable><vulnerabilities><or><vulnerability id="99285989237336462894859590901653353203" name="v12"><vulner_values><risk>10.0</risk><cost>0.0</cost><impact>10.0</impact><probability>1.0</probability></vulner_values></vulnerability></or></vulnerabilities></node><node id="48952497555814540160773943030420878900" name="h93"><host_values><risk>1.0</risk><cost>1.0</cost><impact>1.0</impact><probability>1.0</probability></host_values><ignorable>False</ignorable><vulnerabilities><or><vulnerability id="237157806109723515021241300289999477294" name="v11"><vulner_values><risk>8.5</risk><cost>0.0</cost><impact>8.4</impact><probability>0.85</probability></vulner_values></vulnerability></or></vulnerabilities></node><node id="126509892794186744791151486257506426619" name="h96"><host_values><risk>1.0</risk><cost>1.0</cost><impact>1.0</impact><probability>1.0</probability></host_values><ignorable>False</ignorable><vulnerabilities><or><vulnerability id="66322427837782991109272925511858206465" name="v3"><vulner_values><risk>9.3</risk><cost>0.0</cost><impact>10.0</impact><probability>0.93</probability></vulner_values></vulnerability></or></vulnerabilities></node><node id="311016166859417074692039116656875190057" name="h97"><host_values><risk>1.0</risk><cost>1.0</cost><impact>1.0</impact><probability>1.0</probability></host_values><ignorable>False</ignorable><vulnerabilities><or><vulnerability id="234611416814752062719099488599585265594" name="v2"><vulner_values><risk>4.3</risk><cost>0.0</cost><impact>2.9</impact><probability>0.43</probability></vulner_values></vulnerability></or></vulnerabilities></node><node id="301433023238428471268191653080241450751" name="h98"><host_values><risk>1.0</risk><cost>1.0</cost><impact>1.0</impact><probability>1.0</probability></host_values><ignorable>False</ignorable><vulnerabilities><or><vulnerability id="119167246940689261869335505746848334084" name="v2"><vulner_values><risk>4.3</risk><cost>0.0</cost><impact>2.9</impact><probability>0.43</probability></vulner_values></vulnerability></or></vulnerabilities></node><node id="71856980188584703405189685551419561064" name="Attacker"/><node id="94838834764307559806184516615244410796" name="h37"><host_values><risk>1.0</risk><cost>1.0</cost><impact>1.0</impact><probability>1.0</probability></host_values><ignorable>False</ignorable><vulnerabilities><or><vulnerability id="38207088522393599856262411274536192616" name="v10"><vulner_values><risk>9.0</risk><cost>0.0</cost><impact>9.4</impact><probability>0.9</probability></vulner_values></vulnerability></or></vulnerabilities></node></nodes><edges><edge><source>0</source><target>1</target></edge><edge><source>0</source><target>2</target></edge><edge><source>3</source><target>4</target></edge><edge><source>3</source><target>5</target></edge><edge><source>6</source><target>7</target></edge><edge><source>6</source><target>8</target></edge><edge><source>9</source><target>10</target></edge><edge><source>9</source><target>11</target></edge><edge><source>9</source><target>12</target></edge><edge><source>9</source><target>13</target></edge><edge><source>14</source><target>15</target></edge><edge><source>14</source><target>16</target></edge><edge><source>17</source><target>18</target></edge><edge><source>17</source><target>19</target></edge><edge><source>20</source><target>21</target></edge><edge><source>20</source><target>22</target></edge><edge><source>20</source><target>23</target></edge><edge><source>20</source><target>24</target></edge><edge><source>18</source><target>25</target></edge><edge><source>18</source><target>26</target></edge><edge><source>18</source><target>27</target></edge><edge><source>28</source><target>29</target></edge><edge><source>30</source><target>29</target></edge><edge><source>30</source><target>31</target></edge><edge><source>30</source><target>32</target></edge><edge><source>33</source><target>18</target></edge><edge><source>33</source><target>34</target></edge><edge><source>33</source><target>4</target></edge><edge><source>35</source><target>36</target></edge><edge><source>35</source><target>37</target></edge><edge><source>35</source><target>38</target></edge><edge><source>15</source><target>0</target></edge><edge><source>15</source><target>13</target></edge><edge><source>39</source><target>40</target></edge><edge><source>41</source><target>42</target></edge><edge><source>21</source><target>28</target></edge><edge><source>21</source><target>15</target></edge><edge><source>21</source><target>25</target></edge><edge><source>43</source><target>23</target></edge><edge><source>44</source><target>45</target></edge><edge><source>46</source><target>47</target></edge><edge><source>46</source><target>48</target></edge><edge><source>46</source><target>19</target></edge><edge><source>49</source><target>50</target></edge><edge><source>51</source><target>46</target></edge><edge><source>52</source><target>50</target></edge><edge><source>52</source><target>38</target></edge><edge><source>53</source><target>54</target></edge><edge><source>55</source><target>3</target></edge><edge><source>55</source><target>56</target></edge><edge><source>16</source><target>55</target></edge><edge><source>16</source><target>57</target></edge><edge><source>34</source><target>58</target></edge><edge><source>34</source><target>46</target></edge><edge><source>34</source><target>40</target></edge><edge><source>34</source><target>38</target></edge><edge><source>29</source><target>3</target></edge><edge><source>59</source><target>60</target></edge><edge><source>10</source><target>61</target></edge><edge><source>47</source><target>20</target></edge><edge><source>54</source><target>20</target></edge><edge><source>54</source><target>62</target></edge><edge><source>54</source><target>13</target></edge><edge><source>54</source><target>63</target></edge><edge><source>64</source><target>65</target></edge><edge><source>66</source><target>21</target></edge><edge><source>66</source><target>67</target></edge><edge><source>68</source><target>69</target></edge><edge><source>23</source><target>24</target></edge><edge><source>70</source><target>36</target></edge><edge><source>70</source><target>71</target></edge><edge><source>25</source><target>59</target></edge><edge><source>72</source><target>63</target></edge><edge><source>73</source><target>2</target></edge><edge><source>74</source><target>12</target></edge><edge><source>74</source><target>67</target></edge><edge><source>74</source><target>75</target></edge><edge><source>76</source><target>34</target></edge><edge><source>1</source><target>51</target></edge><edge><source>1</source><target>77</target></edge><edge><source>78</source><target>41</target></edge><edge><source>8</source><target>58</target></edge><edge><source>37</source><target>79</target></edge><edge><source>32</source><target>6</target></edge><edge><source>32</source><target>53</target></edge><edge><source>32</source><target>80</target></edge><edge><source>60</source><target>81</target></edge><edge><source>82</source><target>42</target></edge><edge><source>77</source><target>81</target></edge><edge><source>83</source><target>78</target></edge><edge><source>40</source><target>51</target></edge><edge><source>40</source><target>31</target></edge><edge><source>40</source><target>2</target></edge><edge><source>84</source><target>80</target></edge><edge><source>61</source><target>33</target></edge><edge><source>81</source><target>56</target></edge><edge><source>4</source><target>17</target></edge><edge><source>4</source><target>42</target></edge><edge><source>85</source><target>36</target></edge><edge><source>85</source><target>16</target></edge><edge><source>85</source><target>12</target></edge><edge><source>50</source><target>20</target></edge><edge><source>65</source><target>61</target></edge><edge><source>86</source><target>49</target></edge><edge><source>86</source><target>31</target></edge><edge><source>87</source><target>19</target></edge><edge><source>45</source><target>88</target></edge><edge><source>24</source><target>36</target></edge><edge><source>13</source><target>66</target></edge><edge><source>56</source><target>44</target></edge><edge><source>56</source><target>72</target></edge><edge><source>26</source><target>82</target></edge><edge><source>26</source><target>61</target></edge><edge><source>38</source><target>42</target></edge><edge><source>38</source><target>1</target></edge><edge><source>75</source><target>74</target></edge><edge><source>75</source><target>32</target></edge><edge><source>75</source><target>4</target></edge><edge><source>89</source><target>33</target></edge><edge><source>90</source><target>62</target></edge><edge><source>90</source><target>70</target></edge><edge><source>27</source><target>26</target></edge><edge><source>27</source><target>91</target></edge><edge><source>92</source><target>82</target></edge><edge><source>48</source><target>58</target></edge><edge><source>91</source><target>93</target></edge><edge><source>71</source><target>29</target></edge><edge><source>71</source><target>47</target></edge><edge><source>80</source><target>43</target></edge><edge><source>80</source><target>83</target></edge><edge><source>63</source><target>0</target></edge><edge><source>63</source><target>45</target></edge><edge><source>69</source><target>54</target></edge><edge><source>5</source><target>6</target></edge><edge><source>5</source><target>34</target></edge><edge><source>5</source><target>81</target></edge><edge><source>94</source><target>9</target></edge><edge><source>94</source><target>56</target></edge><edge><source>95</source><target>30</target></edge><edge><source>95</source><target>32</target></edge><edge><source>95</source><target>71</target></edge><edge><source>88</source><target>39</target></edge><edge><source>88</source><target>27</target></edge><edge><source>57</source><target>73</target></edge><edge><source>57</source><target>60</target></edge><edge><source>57</source><target>40</target></edge><edge><source>96</source><target>44</target></edge><edge><source>96</source><target>37</target></edge><edge><source>97</source><target>23</target></edge><edge><source>97</source><target>11</target></edge><edge><source>97</source><target>69</target></edge><edge><source>98</source><target>75</target></edge><edge><source>93</source><target>9</target></edge><edge><source>99</source><target>100</target></edge><edge><source>99</source><target>64</target></edge></edges></harm>