<harm><nodes><node id="248728595113217506041754268067174849948" name="h0"><host_values><risk>1.0</risk><cost>1.0</cost><impact>1.0</impact><probability>1.0</probability></host_values><ignorable>False</ignorable><vulnerabilities><or><vulnerability id="66226592163129811411751847104505937322" name="v2"><vulner_values><risk>4.3</risk><cost>0.0</cost><impact>2.9</impact><probability>0.43</probability></vulner_values></vulnerability><vulnerability id="198607682886077748516572587262543913169" name="v4"><vulner_values><risk>4.3</risk><cost>0.0</cost><impact>2.9</impact><probability>0.43</probability></vulner_values></vulnerability></or></vulnerabilities></node><node id="197016037370253279754327402253681797907" name="h27"><host_values><risk>1.0</risk><cost>1.0</cost><impact>1.0</impact><probability>1.0</probability></host_values><ignorable>False</ignorable><vulnerabilities><or><vulnerability id="335932873930980280225126178921294105770" name="v6"><vulner_values><risk>9.3</risk><cost>0.0</cost><impact>10.0</impact><probability>0.93</probability></vulner_values></vulnerability><vulnerability id="209581763501118875405927063695798042344" name="v2"><vulner_values><risk>4.3</risk><cost>0.0</cost><impact>2.9</impact><probability>0.43</probability></vulner_values></vulnerability></or></vulnerabilities></node><node id="12075905141266767342223219897376076724" name="h1"><host_values><risk>1.0</risk><cost>1.0</cost><impact>1.0</impact><probability>1.0</probability></host_values><ignorable>False</ignorable><vulnerabilities><or><vulnerability id="227858143526074849778243151581931275574" name="v3"><vulner_values><risk>9.3</risk><cost>0.0</cost><impact>10.0</impact><probability>0.93</probability></vulner_values></vulnerability><vulnerability id="163426387256118356461232442004025243784" name="v6"><vulner_values><risk>9.3</risk><cost>0.0</cost><impact>10.0</impact><probability>0.93</probability></vulner_values></vulnerability></or></vulnerabilities></node><node id="80743084271652517942562891173853990587" name="h16"><host_values><risk>1.0</risk><cost>1.0</cost><impact>1.0</impact><probability>1.0</probability></host_values><ignorable>False</ignorable><vulnerabilities><or><vulnerability id="283164822743310737560698740494563190639" name="v4"><vulner_values><risk>4.3</risk><cost>0.0</cost><impact>2.9</impact><probability>0.43</probability></vulner_values></vulnerability><vulnerability id="118142227023913069035043310616995822163" name="v3"><vulner_values><risk>9.3</risk><cost>0.0</cost><impact>10.0</impact><probability>0.93</probability></vulner_values></vulnerability></or></vulnerabilities></node><node id="125199814606699603664530066333882601694" name="h30"><host_values><risk>1.0</risk><cost>1.0</cost><impact>1.0</impact><probability>1.0</probability></host_values><ignorable>False</ignorable><vulnerabilities><or><vulnerability id="97493263389846978053052223658101724701" name="v4"><vulner_values><risk>4.3</risk><cost>0.0</cost><impact>2.9</impact><probability>0.43</probability></vulner_values></vulnerability><vulnerability id="194203494985426942028848886392094403701" name="v3"><vulner_values><risk>9.3</risk><cost>0.0</cost><impact>10.0</impact><probability>0.93</probability></vulner_values></vulnerability></or></vulnerabilities></node><node id="251960389832300885850815551415336589574" name="h31"><host_values><risk>1.0</risk><cost>1.0</cost><impact>1.0</impact><probability>1.0</probability></host_values><ignorable>False</ignorable><vulnerabilities><or><vulnerability id="72857134350941803568304248464735062301" name="v6"><vulner_values><risk>9.3</risk><cost>0.0</cost><impact>10.0</impact><probability>0.93</probability></vulner_values></vulnerability><vulnerability id="47234887142082897289705948495877055277" name="v4"><vulner_values><risk>4.3</risk><cost>0.0</cost><impact>2.9</impact><probability>0.43</probability></vulner_values></vulnerability></or></vulnerabilities></node><node id="92279101288953268478090896476293166301" name="h2"><host_values><risk>1.0</risk><cost>1.0</cost><impact>1.0</impact><probability>1.0</probability></host_values><ignorable>False</ignorable><vulnerabilities><or><vulnerability id="114296336367939725482290264753985379046" name="v5"><vulner_values><risk>7.2</risk><cost>0.0</cost><impact>10.0</impact><probability>0.72</probability></vulner_values></vulnerability><vulnerability id="247101381144647037856805394767111286479" name="v9"><vulner_values><risk>7.3</risk><cost>0.0</cost><impact>7.9</impact><probability>0.73</probability></vulner_values></vulnerability></or></vulnerabilities></node><node id="305313737590953529162235617172265728594" name="h14"><host_values><risk>1.0</risk><cost>1.0</cost><impact>1.0</impact><probability>1.0</probability></host_values><ignorable>False</ignorable><vulnerabilities><or><vulnerability id="11041045948681247621608844562023086890" name="v2"><vulner_values><risk>4.3</risk><cost>0.0</cost><impact>2.9</impact><probability>0.43</probability></vulner_values></vulnerability><vulnerability id="44492000616876162370782765238496985250" name="v3"><vulner_values><risk>9.3</risk><cost>0.0</cost><impact>10.0</impact><probability>0.93</probability></vulner_values></vulnerability></or></vulnerabilities></node><node id="35528008125658674474336304274381351890" name="h28"><host_values><risk>1.0</risk><cost>1.0</cost><impact>1.0</impact><probability>1.0</probability></host_values><ignorable>False</ignorable><vulnerabilities><or><vulnerability id="152656027736351599271881022721408158444" name="v4"><vulner_values><risk>4.3</risk><cost>0.0</cost><impact>2.9</impact><probability>0.43</probability></vulner_values></vulnerability><vulnerability id="307386586406581521178030089322886613607" name="v5"><vulner_values><risk>7.2</risk><cost>0.0</cost><impact>10.0</impact><probability>0.72</probability></vulner_values></vulnerability><vulnerability id="158877724590360046353022982270389370585" name="nd7"><vulner_values><risk>7.5</risk><cost>0.0</cost><impact>6.4</impact><probability>0.75</probability></vulner_values></vulnerability></or></vulnerabilities></node><node id="287679897073159841342569189502138266913" name="h32"><host_values><risk>1.0</risk><cost>1.0</cost><impact>1.0</impact><probability>1.0</probability></host_values><ignorable>False</ignorable><vulnerabilities><or><vulnerability id="26418135154939203457637486397296191952" name="v2"><vulner_values><risk>4.3</risk><cost>0.0</cost><impact>2.9</impact><probability>0.43</probability></vulner_values></vulnerability><vulnerability id="250857447423859834255321712418994204633" name="v5"><vulner_values><risk>7.2</risk><cost>0.0</cost><impact>10.0</impact><probability>0.72</probability></vulner_values></vulnerability></or></vulnerabilities></node><node id="303188733539804608319465727523815754183" name="h3"><host_values><risk>1.0</risk><cost>1.0</cost><impact>1.0</impact><probability>1.0</probability></host_values><ignorable>False</ignorable><vulnerabilities><or><vulnerability id="51186925088873475304678078374829161159" name="v2"><vulner_values><risk>4.3</risk><cost>0.0</cost><impact>2.9</impact><probability>0.43</probability></vulner_values></vulnerability><vulnerability id="131012213406486255990255203416717821124" name="v9"><vulner_values><risk>7.3</risk><cost>0.0</cost><impact>7.9</impact><probability>0.73</probability></vulner_values></vulnerability></or></vulnerabilities></node><node id="147502889325423500548446981073730812412" name="h4"><host_values><risk>1.0</risk><cost>1.0</cost><impact>1.0</impact><probability>1.0</probability></host_values><ignorable>False</ignorable><vulnerabilities><or><vulnerability id="56854137252472684076450308801928081286" name="v9"><vulner_values><risk>7.3</risk><cost>0.0</cost><impact>7.9</impact><probability>0.73</probability></vulner_values></vulnerability><vulnerability id="337641240685959526370425162998764960266" name="v2"><vulner_values><risk>4.3</risk><cost>0.0</cost><impact>2.9</impact><probability>0.43</probability></vulner_values></vulnerability><vulnerability id="171677183832289852508234008643224842726" name="nd7"><vulner_values><risk>7.5</risk><cost>0.0</cost><impact>6.4</impact><probability>0.75</probability></vulner_values></vulnerability></or></vulnerabilities></node><node id="150676490806018803109145792666151383242" name="h11"><host_values><risk>1.0</risk><cost>1.0</cost><impact>1.0</impact><probability>1.0</probability></host_values><ignorable>False</ignorable><vulnerabilities><or><vulnerability id="50855938621140655118201966670371801735" name="v6"><vulner_values><risk>9.3</risk><cost>0.0</cost><impact>10.0</impact><probability>0.93</probability></vulner_values></vulnerability><vulnerability id="41656237399519994698640690098571588364" name="v5"><vulner_values><risk>7.2</risk><cost>0.0</cost><impact>10.0</impact><probability>0.72</probability></vulner_values></vulnerability></or></vulnerabilities></node><node id="150600011127677761955227072677464473607" name="h15"><host_values><risk>1.0</risk><cost>1.0</cost><impact>1.0</impact><probability>1.0</probability></host_values><ignorable>False</ignorable><vulnerabilities><or><vulnerability id="146073906965008005323599638400382784771" name="v6"><vulner_values><risk>9.3</risk><cost>0.0</cost><impact>10.0</impact><probability>0.93</probability></vulner_values></vulnerability><vulnerability id="187987911836649465349894658207984993804" name="v3"><vulner_values><risk>9.3</risk><cost>0.0</cost><impact>10.0</impact><probability>0.93</probability></vulner_values></vulnerability></or></vulnerabilities></node><node id="296621618031508368586671855065085450984" name="hDB3"><host_values><risk>1.0</risk><cost>1.0</cost><impact>1.0</impact><probability>1.0</probability></host_values><ignorable>False</ignorable><vulnerabilities><or><vulnerability id="135000853005435383930415655883033995126" name="k8"><vulner_values><risk>7.5</risk><cost>0.0</cost><impact>6.4</impact><probability>0.75</probability></vulner_values></vulnerability><vulnerability id="217356084798118272138642935954216316054" name="v6"><vulner_values><risk>9.3</risk><cost>0.0</cost><impact>10.0</impact><probability>0.93</probability></vulner_values></vulnerability><vulnerability id="257476375788164280504027559985307235235" name="v9"><vulner_values><risk>7.3</risk><cost>0.0</cost><impact>7.9</impact><probability>0.73</probability></vulner_values></vulnerability><vulnerability id="43329074306630509936540220576923422810" name="v3"><vulner_values><risk>9.3</risk><cost>0.0</cost><impact>10.0</impact><probability>0.93</probability></vulner_values></vulnerability></or></vulnerabilities></node><node id="139541113138048512246997740648839232010" name="h5"><host_values><risk>1.0</risk><cost>1.0</cost><impact>1.0</impact><probability>1.0</probability></host_values><ignorable>False</ignorable><vulnerabilities><or><vulnerability id="224659575251158441034863625601776817090" name="v6"><vulner_values><risk>9.3</risk><cost>0.0</cost><impact>10.0</impact><probability>0.93</probability></vulner_values></vulnerability><vulnerability id="239652570324349876934663168670316719617" name="v4"><vulner_values><risk>4.3</risk><cost>0.0</cost><impact>2.9</impact><probability>0.43</probability></vulner_values></vulnerability><vulnerability id="338285856679591549808113448444281885753" name="nd7"><vulner_values><risk>7.5</risk><cost>0.0</cost><impact>6.4</impact><probability>0.75</probability></vulner_values></vulnerability></or></vulnerabilities></node><node id="48611865133494679980558947167246844580" name="h17"><host_values><risk>1.0</risk><cost>1.0</cost><impact>1.0</impact><probability>1.0</probability></host_values><ignorable>False</ignorable><vulnerabilities><or><vulnerability id="232452629856375983132944804361016206912" name="v6"><vulner_values><risk>9.3</risk><cost>0.0</cost><impact>10.0</impact><probability>0.93</probability></vulner_values></vulnerability><vulnerability id="12534808417175775929185490151641089088" name="v2"><vulner_values><risk>4.3</risk><cost>0.0</cost><impact>2.9</impact><probability>0.43</probability></vulner_values></vulnerability></or></vulnerabilities></node><node id="188230440065902629592802886392839906568" name="h26"><host_values><risk>1.0</risk><cost>1.0</cost><impact>1.0</impact><probability>1.0</probability></host_values><ignorable>False</ignorable><vulnerabilities><or><vulnerability id="216361337929627951139902319106556974365" name="v9"><vulner_values><risk>7.3</risk><cost>0.0</cost><impact>7.9</impact><probability>0.73</probability></vulner_values></vulnerability><vulnerability id="272953861359815409985311732200371293562" name="v6"><vulner_values><risk>9.3</risk><cost>0.0</cost><impact>10.0</impact><probability>0.93</probability></vulner_values></vulnerability></or></vulnerabilities></node><node id="225245283656147167260793814926952683133" name="h6"><host_values><risk>1.0</risk><cost>1.0</cost><impact>1.0</impact><probability>1.0</probability></host_values><ignorable>False</ignorable><vulnerabilities><or><vulnerability id="60369705861858571812251506515275320929" name="v3"><vulner_values><risk>9.3</risk><cost>0.0</cost><impact>10.0</impact><probability>0.93</probability></vulner_values></vulnerability><vulnerability id="285216743416072114722240292023587657350" name="v2"><vulner_values><risk>4.3</risk><cost>0.0</cost><impact>2.9</impact><probability>0.43</probability></vulner_values></vulnerability></or></vulnerabilities></node><node id="306282373531510728871541236016261704883" name="h7"><host_values><risk>1.0</risk><cost>1.0</cost><impact>1.0</impact><probability>1.0</probability></host_values><ignorable>False</ignorable><vulnerabilities><or><vulnerability id="275093388017649765957385663651898155691" name="v5"><vulner_values><risk>7.2</risk><cost>0.0</cost><impact>10.0</impact><probability>0.72</probability></vulner_values></vulnerability><vulnerability id="23836360304632110177529296035112686456" name="v6"><vulner_values><risk>9.3</risk><cost>0.0</cost><impact>10.0</impact><probability>0.93</probability></vulner_values></vulnerability></or></vulnerabilities></node><node id="317866237564545869119942211495560424069" name="h8"><host_values><risk>1.0</risk><cost>1.0</cost><impact>1.0</impact><probability>1.0</probability></host_values><ignorable>False</ignorable><vulnerabilities><or><vulnerability id="127413549072865671629499374546058861539" name="v5"><vulner_values><risk>7.2</risk><cost>0.0</cost><impact>10.0</impact><probability>0.72</probability></vulner_values></vulnerability><vulnerability id="132692931730006980633391546281285456799" name="v9"><vulner_values><risk>7.3</risk><cost>0.0</cost><impact>7.9</impact><probability>0.73</probability></vulner_values></vulnerability></or></vulnerabilities></node><node id="182209214705306179034454850220421207352" name="h25"><host_values><risk>1.0</risk><cost>1.0</cost><impact>1.0</impact><probability>1.0</probability></host_values><ignorable>False</ignorable><vulnerabilities><or><vulnerability id="310808398603564731986452174660121564735" name="v6"><vulner_values><risk>9.3</risk><cost>0.0</cost><impact>10.0</impact><probability>0.93</probability></vulner_values></vulnerability><vulnerability id="140323070135287165912967157323821386881" name="v3"><vulner_values><risk>9.3</risk><cost>0.0</cost><impact>10.0</impact><probability>0.93</probability></vulner_values></vulnerability></or></vulnerabilities></node><node id="120255021857890118089607667914504621901" name="h9"><host_values><risk>1.0</risk><cost>1.0</cost><impact>1.0</impact><probability>1.0</probability></host_values><ignorable>False</ignorable><vulnerabilities><or><vulnerability id="155146105590013716508182904521402000060" name="v2"><vulner_values><risk>4.3</risk><cost>0.0</cost><impact>2.9</impact><probability>0.43</probability></vulner_values></vulnerability><vulnerability id="158288474875942052686495282504394624667" name="v3"><vulner_values><risk>9.3</risk><cost>0.0</cost><impact>10.0</impact><probability>0.93</probability></vulner_values></vulnerability></or></vulnerabilities></node><node id="290226177807040025579310522082486595271" name="h10"><host_values><risk>1.0</risk><cost>1.0</cost><impact>1.0</impact><probability>1.0</probability></host_values><ignorable>False</ignorable><vulnerabilities><or><vulnerability id="261039284246673464199026834245896302856" name="v2"><vulner_values><risk>4.3</risk><cost>0.0</cost><impact>2.9</impact><probability>0.43</probability></vulner_values></vulnerability><vulnerability id="263798484293325525049286427461781663284" name="v5"><vulner_values><risk>7.2</risk><cost>0.0</cost><impact>10.0</impact><probability>0.72</probability></vulner_values></vulnerability></or></vulnerabilities></node><node id="307793325360653005896468760029664231101" name="h12"><host_values><risk>1.0</risk><cost>1.0</cost><impact>1.0</impact><probability>1.0</probability></host_values><ignorable>False</ignorable><vulnerabilities><or><vulnerability id="48032545694548958902623812856825651980" name="v9"><vulner_values><risk>7.3</risk><cost>0.0</cost><impact>7.9</impact><probability>0.73</probability></vulner_values></vulnerability><vulnerability id="312817066966969442029703778089490408453" name="v4"><vulner_values><risk>4.3</risk><cost>0.0</cost><impact>2.9</impact><probability>0.43</probability></vulner_values></vulnerability></or></vulnerabilities></node><node id="219173070512075222888682302506431702244" name="h13"><host_values><risk>1.0</risk><cost>1.0</cost><impact>1.0</impact><probability>1.0</probability></host_values><ignorable>False</ignorable><vulnerabilities><or><vulnerability id="128000683151958825281768805079265182002" name="v6"><vulner_values><risk>9.3</risk><cost>0.0</cost><impact>10.0</impact><probability>0.93</probability></vulner_values></vulnerability><vulnerability id="282568760168399517390153608125036901171" name="v9"><vulner_values><risk>7.3</risk><cost>0.0</cost><impact>7.9</impact><probability>0.73</probability></vulner_values></vulnerability></or></vulnerabilities></node><node id="318527065311052042750363713453568839976" name="h22"><host_values><risk>1.0</risk><cost>1.0</cost><impact>1.0</impact><probability>1.0</probability></host_values><ignorable>False</ignorable><vulnerabilities><or><vulnerability id="249240776694789418069333720932521842687" name="v6"><vulner_values><risk>9.3</risk><cost>0.0</cost><impact>10.0</impact><probability>0.93</probability></vulner_values></vulnerability><vulnerability id="148284923161454170006210288355997718330" name="v5"><vulner_values><risk>7.2</risk><cost>0.0</cost><impact>10.0</impact><probability>0.72</probability></vulner_values></vulnerability></or></vulnerabilities></node><node id="96772482354508354865540445587224321888" name="h18"><host_values><risk>1.0</risk><cost>1.0</cost><impact>1.0</impact><probability>1.0</probability></host_values><ignorable>False</ignorable><vulnerabilities><or><vulnerability id="10529237075980141982771049664663946588" name="v4"><vulner_values><risk>4.3</risk><cost>0.0</cost><impact>2.9</impact><probability>0.43</probability></vulner_values></vulnerability><vulnerability id="167150073207738177454104955130530874672" name="v3"><vulner_values><risk>9.3</risk><cost>0.0</cost><impact>10.0</impact><probability>0.93</probability></vulner_values></vulnerability></or></vulnerabilities></node><node id="321952264843331204554478393792727733000" name="h21"><host_values><risk>1.0</risk><cost>1.0</cost><impact>1.0</impact><probability>1.0</probability></host_values><ignorable>False</ignorable><vulnerabilities><or><vulnerability id="264773228609333439740000498054088285186" name="v2"><vulner_values><risk>4.3</risk><cost>0.0</cost><impact>2.9</impact><probability>0.43</probability></vulner_values></vulnerability><vulnerability id="96745440167989998476815193955008751073" name="v3"><vulner_values><risk>9.3</risk><cost>0.0</cost><impact>10.0</impact><probability>0.93</probability></vulner_values></vulnerability></or></vulnerabilities></node><node id="133677907674549944499620249699965453630" name="h24"><host_values><risk>1.0</risk><cost>1.0</cost><impact>1.0</impact><probability>1.0</probability></host_values><ignorable>False</ignorable><vulnerabilities><or><vulnerability id="175461705766381128724654310148514247029" name="v5"><vulner_values><risk>7.2</risk><cost>0.0</cost><impact>10.0</impact><probability>0.72</probability></vulner_values></vulnerability><vulnerability id="303187318530533053877387998044617099311" name="v9"><vulner_values><risk>7.3</risk><cost>0.0</cost><impact>7.9</impact><probability>0.73</probability></vulner_values></vulnerability></or></vulnerabilities></node><node id="278226367530272097721585307189359064425" name="h23"><host_values><risk>1.0</risk><cost>1.0</cost><impact>1.0</impact><probability>1.0</probability></host_values><ignorable>False</ignorable><vulnerabilities><or><vulnerability id="234772740244857708679725495964907623826" name="v4"><vulner_values><risk>4.3</risk><cost>0.0</cost><impact>2.9</impact><probability>0.43</probability></vulner_values></vulnerability><vulnerability id="304818675227355431417519053579106287417" name="v9"><vulner_values><risk>7.3</risk><cost>0.0</cost><impact>7.9</impact><probability>0.73</probability></vulner_values></vulnerability></or></vulnerabilities></node><node id="74582982661242357377998686037070332228" name="h29"><host_values><risk>1.0</risk><cost>1.0</cost><impact>1.0</impact><probability>1.0</probability></host_values><ignorable>False</ignorable><vulnerabilities><or><vulnerability id="241292281201801125645621122498357933555" name="v4"><vulner_values><risk>4.3</risk><cost>0.0</cost><impact>2.9</impact><probability>0.43</probability></vulner_values></vulnerability><vulnerability id="190958520032027671484489956148560591605" name="v3"><vulner_values><risk>9.3</risk><cost>0.0</cost><impact>10.0</impact><probability>0.93</probability></vulner_values></vulnerability></or></vulnerabilities></node><node id="222233928160433915346843954647431018237" name="Attacker"/></nodes><edges><edge><source>0</source><target>1</target></edge><edge><source>2</source><target>3</target></edge><edge><source>2</source><target>4</target></edge><edge><source>2</source><target>5</target></edge><edge><source>6</source><target>7</target></edge><edge><source>6</source><target>8</target></edge><edge><source>6</source><target>9</target></edge><edge><source>10</source><target>2</target></edge><edge><source>11</source><target>0</target></edge><edge><source>11</source><target>12</target></edge><edge><source>11</source><target>13</target></edge><edge><source>11</source><target>14</target></edge><edge><source>15</source><target>11</target></edge><edge><source>15</source><target>16</target></edge><edge><source>15</source><target>17</target></edge><edge><source>18</source><target>15</target></edge><edge><source>18</source><target>12</target></edge><edge><source>19</source><target>6</target></edge><edge><source>20</source><target>2</target></edge><edge><source>20</source><target>15</target></edge><edge><source>20</source><target>21</target></edge><edge><source>20</source><target>8</target></edge><edge><source>20</source><target>14</target></edge><edge><source>22</source><target>7</target></edge><edge><source>22</source><target>16</target></edge><edge><source>23</source><target>4</target></edge><edge><source>24</source><target>25</target></edge><edge><source>24</source><target>26</target></edge><edge><source>25</source><target>24</target></edge><edge><source>25</source><target>3</target></edge><edge><source>25</source><target>16</target></edge><edge><source>7</source><target>25</target></edge><edge><source>7</source><target>3</target></edge><edge><source>7</source><target>26</target></edge><edge><source>3</source><target>25</target></edge><edge><source>3</source><target>16</target></edge><edge><source>3</source><target>4</target></edge><edge><source>27</source><target>26</target></edge><edge><source>28</source><target>29</target></edge><edge><source>26</source><target>5</target></edge><edge><source>30</source><target>12</target></edge><edge><source>30</source><target>25</target></edge><edge><source>30</source><target>7</target></edge><edge><source>29</source><target>27</target></edge><edge><source>21</source><target>31</target></edge><edge><source>17</source><target>31</target></edge><edge><source>17</source><target>9</target></edge><edge><source>1</source><target>18</target></edge><edge><source>1</source><target>13</target></edge><edge><source>8</source><target>0</target></edge><edge><source>8</source><target>6</target></edge><edge><source>8</source><target>19</target></edge><edge><source>8</source><target>23</target></edge><edge><source>8</source><target>3</target></edge><edge><source>31</source><target>20</target></edge><edge><source>4</source><target>25</target></edge><edge><source>5</source><target>6</target></edge><edge><source>5</source><target>23</target></edge><edge><source>9</source><target>1</target></edge><edge><source>14</source><target>16</target></edge><edge><source>32</source><target>13</target></edge><edge><source>32</source><target>10</target></edge></edges></harm>