<harm><nodes><node id="244764656380211021652574672785320780990" name="132.181.147.240"><host_values><impact>None</impact><cost>None</cost><risk>None</risk><probability>None</probability></host_values><vulnerabilities><or/></vulnerabilities></node><node id="323164090083751343826219143825444814897" name="132.181.147.238"><host_values><impact>None</impact><cost>None</cost><risk>None</risk><probability>None</probability></host_values><vulnerabilities><or/></vulnerabilities></node><node id="158436233145157035116369135196928183066" name="132.181.147.227"><host_values><impact>None</impact><cost>None</cost><risk>None</risk><probability>None</probability></host_values><vulnerabilities><or/></vulnerabilities></node><node id="319506005397391519151600919447736545244" name="132.181.147.230"><host_values><impact>None</impact><cost>None</cost><risk>None</risk><probability>None</probability></host_values><vulnerabilities><or/></vulnerabilities></node><node id="169024461158314807752950987775951091765" name="132.181.147.236"><host_values><impact>None</impact><cost>None</cost><risk>None</risk><probability>None</probability></host_values><vulnerabilities><or/></vulnerabilities></node><node id="79911776481274513183201391731136740475" name="132.181.147.254"><host_values><impact>None</impact><cost>None</cost><risk>None</risk><probability>None</probability></host_values><vulnerabilities><or/></vulnerabilities></node><node id="153068190551758673008200846124496002727" name="132.181.147.235"><host_values><impact>None</impact><cost>None</cost><risk>None</risk><probability>None</probability></host_values><vulnerabilities><or/></vulnerabilities></node><node id="105820942573226492193020924721526753503" name="132.181.147.234"><host_values><impact>None</impact><cost>None</cost><risk>None</risk><probability>None</probability></host_values><vulnerabilities><or/></vulnerabilities></node><node id="263888671425339836646428618432962415654" name="132.181.147.232"><host_values><impact>None</impact><cost>None</cost><risk>None</risk><probability>None</probability></host_values><vulnerabilities><or/></vulnerabilities></node></nodes><edges><edge><source>5</source><target>0</target></edge><edge><source>5</source><target>1</target></edge><edge><source>5</source><target>2</target></edge><edge><source>5</source><target>3</target></edge><edge><source>5</source><target>4</target></edge><edge><source>5</source><target>6</target></edge><edge><source>5</source><target>7</target></edge><edge><source>5</source><target>8</target></edge></edges></harm>