<harm><nodes><node id="42434385762339241643277385412859222301" name="132.181.147.227"><host_values><impact>None</impact><cost>None</cost><risk>None</risk><probability>None</probability></host_values><vulnerabilities><or><vulnerability id="246691781666382786937831529854459301352" name="DCE Services Enumeration Reporting"><vulner_values><impact>1</impact><cost>1</cost><risk>5.0</risk><probability>0.5</probability></vulner_values></vulnerability><vulnerability id="53944802610916782642929817088698828200" name="SMBv1 Unspecified Remote Code Execution (Shadow Brokers)"><vulner_values><impact>1</impact><cost>1</cost><risk>10.0</risk><probability>1.0</probability></vulner_values></vulnerability><vulnerability id="236116925340454056936502208306254033576" name="TCP timestamps"><vulner_values><impact>1</impact><cost>1</cost><risk>2.6</risk><probability>0.26</probability></vulner_values></vulnerability></or></vulnerabilities></node><node id="110075449225748401503810415894378867451" name="132.181.147.236"><host_values><impact>None</impact><cost>None</cost><risk>None</risk><probability>None</probability></host_values><vulnerabilities><or><vulnerability id="256471018402191146822222278903491761395" name="DCE Services Enumeration Reporting"><vulner_values><impact>1</impact><cost>1</cost><risk>5.0</risk><probability>0.5</probability></vulner_values></vulnerability><vulnerability id="283201407068854346331566866580812767928" name="SMBv1 Unspecified Remote Code Execution (Shadow Brokers)"><vulner_values><impact>1</impact><cost>1</cost><risk>10.0</risk><probability>1.0</probability></vulner_values></vulnerability><vulnerability id="159884911370530900459964613637974599611" name="SSL/TLS: Certificate Signed Using A Weak Signature Algorithm"><vulner_values><impact>1</impact><cost>1</cost><risk>4.0</risk><probability>0.4</probability></vulner_values></vulnerability><vulnerability id="196678341751769341944191455220291727858" name="SSL/TLS: Diffie-Hellman Key Exchange Insufficient DH Group Strength Vulnerability"><vulner_values><impact>1</impact><cost>1</cost><risk>4.0</risk><probability>0.4</probability></vulner_values></vulnerability><vulnerability id="338692861557423408002157340636224740232" name="SSL/TLS: Report Weak Cipher Suites"><vulner_values><impact>1</impact><cost>1</cost><risk>4.3</risk><probability>0.43</probability></vulner_values></vulnerability><vulnerability id="326632360380948535599322384207682192354" name="TCP timestamps"><vulner_values><impact>1</impact><cost>1</cost><risk>2.6</risk><probability>0.26</probability></vulner_values></vulnerability></or></vulnerabilities></node><node id="188071944692732118647000772305249201376" name="132.181.147.238"><host_values><impact>None</impact><cost>None</cost><risk>None</risk><probability>None</probability></host_values><vulnerabilities><or><vulnerability id="51070093666940439179718745683284104734" name="DCE Services Enumeration Reporting"><vulner_values><impact>1</impact><cost>1</cost><risk>5.0</risk><probability>0.5</probability></vulner_values></vulnerability><vulnerability id="28649716305158268500173935637332146784" name="SMBv1 Unspecified Remote Code Execution (Shadow Brokers)"><vulner_values><impact>1</impact><cost>1</cost><risk>10.0</risk><probability>1.0</probability></vulner_values></vulnerability><vulnerability id="218553219088857620032541657860112395936" name="SSL/TLS: Certificate Signed Using A Weak Signature Algorithm"><vulner_values><impact>1</impact><cost>1</cost><risk>4.0</risk><probability>0.4</probability></vulner_values></vulnerability><vulnerability id="175862089055185325400594572841039385613" name="SSL/TLS: Diffie-Hellman Key Exchange Insufficient DH Group Strength Vulnerability"><vulner_values><impact>1</impact><cost>1</cost><risk>4.0</risk><probability>0.4</probability></vulner_values></vulnerability><vulnerability id="58732242425835167127621765519345787870" name="SSL/TLS: Report Weak Cipher Suites"><vulner_values><impact>1</impact><cost>1</cost><risk>4.3</risk><probability>0.43</probability></vulner_values></vulnerability><vulnerability id="46354938887504645400192240348446740262" name="TCP timestamps"><vulner_values><impact>1</impact><cost>1</cost><risk>2.6</risk><probability>0.26</probability></vulner_values></vulnerability></or></vulnerabilities></node><node id="268194511134698004920054219463310062845" name="132.181.147.230"><host_values><impact>None</impact><cost>None</cost><risk>None</risk><probability>None</probability></host_values><vulnerabilities><or><vulnerability id="316982355866056349866412933857816579550" name="DCE Services Enumeration Reporting"><vulner_values><impact>1</impact><cost>1</cost><risk>5.0</risk><probability>0.5</probability></vulner_values></vulnerability><vulnerability id="193496596672720772785981046873977535240" name="SMBv1 Unspecified Remote Code Execution (Shadow Brokers)"><vulner_values><impact>1</impact><cost>1</cost><risk>10.0</risk><probability>1.0</probability></vulner_values></vulnerability><vulnerability id="298320563813418713447442640842849095867" name="SSL/TLS: Certificate Signed Using A Weak Signature Algorithm"><vulner_values><impact>1</impact><cost>1</cost><risk>4.0</risk><probability>0.4</probability></vulner_values></vulnerability><vulnerability id="34324767535141098259044793388290201430" name="SSL/TLS: Diffie-Hellman Key Exchange Insufficient DH Group Strength Vulnerability"><vulner_values><impact>1</impact><cost>1</cost><risk>4.0</risk><probability>0.4</probability></vulner_values></vulnerability><vulnerability id="148975789802740856753895822504256144631" name="SSL/TLS: Report Weak Cipher Suites"><vulner_values><impact>1</impact><cost>1</cost><risk>4.3</risk><probability>0.43</probability></vulner_values></vulnerability><vulnerability id="337977352949321109661300972199820328459" name="TCP timestamps"><vulner_values><impact>1</impact><cost>1</cost><risk>2.6</risk><probability>0.26</probability></vulner_values></vulnerability></or></vulnerabilities></node><node id="257981357070475526075581624297715632433" name="132.181.147.235"><host_values><impact>None</impact><cost>None</cost><risk>None</risk><probability>None</probability></host_values><vulnerabilities><or><vulnerability id="313915344347469300245919029991255554351" name="SMBv1 Unspecified Remote Code Execution (Shadow Brokers)"><vulner_values><impact>1</impact><cost>1</cost><risk>10.0</risk><probability>1.0</probability></vulner_values></vulnerability><vulnerability id="271815986237185293998619679166475543240" name="TCP timestamps"><vulner_values><impact>1</impact><cost>1</cost><risk>2.6</risk><probability>0.26</probability></vulner_values></vulnerability></or></vulnerabilities></node><node id="91820322491724588788395545533967932030" name="132.181.147.254"><host_values><impact>None</impact><cost>None</cost><risk>None</risk><probability>None</probability></host_values><vulnerabilities><or/></vulnerabilities></node><node id="269738049786738326311714141015062561304" name="132.181.147.240"><host_values><impact>None</impact><cost>None</cost><risk>None</risk><probability>None</probability></host_values><vulnerabilities><or><vulnerability id="323636552029483867973006246702918684772" name="TCP timestamps"><vulner_values><impact>1</impact><cost>1</cost><risk>2.6</risk><probability>0.26</probability></vulner_values></vulnerability></or></vulnerabilities></node><node id="263764029554919590821163958973666078781" name="132.181.147.232"><host_values><impact>None</impact><cost>None</cost><risk>None</risk><probability>None</probability></host_values><vulnerabilities><or><vulnerability id="246482225624676262377768522520146531670" name="DCE Services Enumeration Reporting"><vulner_values><impact>1</impact><cost>1</cost><risk>5.0</risk><probability>0.5</probability></vulner_values></vulnerability><vulnerability id="78648076693519916811267953301216159428" name="SMBv1 Unspecified Remote Code Execution (Shadow Brokers)"><vulner_values><impact>1</impact><cost>1</cost><risk>10.0</risk><probability>1.0</probability></vulner_values></vulnerability><vulnerability id="233076690955703176241133859982156009681" name="SSL/TLS: Certificate Signed Using A Weak Signature Algorithm"><vulner_values><impact>1</impact><cost>1</cost><risk>4.0</risk><probability>0.4</probability></vulner_values></vulnerability><vulnerability id="272772499961275139750836764937204530307" name="SSL/TLS: Diffie-Hellman Key Exchange Insufficient DH Group Strength Vulnerability"><vulner_values><impact>1</impact><cost>1</cost><risk>4.0</risk><probability>0.4</probability></vulner_values></vulnerability><vulnerability id="179858732833622593781157368163795825588" name="SSL/TLS: Report Weak Cipher Suites"><vulner_values><impact>1</impact><cost>1</cost><risk>4.3</risk><probability>0.43</probability></vulner_values></vulnerability><vulnerability id="126937015094803284440930832778092057995" name="TCP timestamps"><vulner_values><impact>1</impact><cost>1</cost><risk>2.6</risk><probability>0.26</probability></vulner_values></vulnerability></or></vulnerabilities></node><node id="326717992839822723945665419057763592497" name="132.181.147.234"><host_values><impact>None</impact><cost>None</cost><risk>None</risk><probability>None</probability></host_values><vulnerabilities><or><vulnerability id="485607837301086659869892449998321805" name="TCP timestamps"><vulner_values><impact>1</impact><cost>1</cost><risk>2.6</risk><probability>0.26</probability></vulner_values></vulnerability></or></vulnerabilities></node></nodes><edges><edge><source>5</source><target>0</target></edge><edge><source>5</source><target>1</target></edge><edge><source>5</source><target>2</target></edge><edge><source>5</source><target>3</target></edge><edge><source>5</source><target>4</target></edge><edge><source>5</source><target>6</target></edge><edge><source>5</source><target>7</target></edge><edge><source>5</source><target>8</target></edge></edges></harm>