<harm><nodes><node id="316610890337023181965021812543761055181" name="h0"><host_values><risk>1.0</risk><cost>1.0</cost><impact>1.0</impact><probability>1.0</probability></host_values><ignorable>False</ignorable><vulnerabilities><or><vulnerability id="13889995306777953922734257312784379073" name="v10"><vulner_values><risk>9.0</risk><cost>0.0</cost><impact>9.4</impact><probability>0.9</probability></vulner_values></vulnerability></or></vulnerabilities></node><node id="73250595458108608443479291540708956587" name="h7"><host_values><risk>1.0</risk><cost>1.0</cost><impact>1.0</impact><probability>1.0</probability></host_values><ignorable>False</ignorable><vulnerabilities><or><vulnerability id="312351659534971278546090570547311698131" name="v2"><vulner_values><risk>4.3</risk><cost>0.0</cost><impact>2.9</impact><probability>0.43</probability></vulner_values></vulnerability></or></vulnerabilities></node><node id="200097068438176906857061853586897136165" name="h30"><host_values><risk>1.0</risk><cost>1.0</cost><impact>1.0</impact><probability>1.0</probability></host_values><ignorable>False</ignorable><vulnerabilities><or><vulnerability id="212031879840697727507844714920632876868" name="v3"><vulner_values><risk>9.3</risk><cost>0.0</cost><impact>10.0</impact><probability>0.93</probability></vulner_values></vulnerability></or></vulnerabilities></node><node id="265436412359526595196462397732844920572" name="h42"><host_values><risk>1.0</risk><cost>1.0</cost><impact>1.0</impact><probability>1.0</probability></host_values><ignorable>False</ignorable><vulnerabilities><or><vulnerability id="165287322756528559942733284658527179292" name="v10"><vulner_values><risk>9.0</risk><cost>0.0</cost><impact>9.4</impact><probability>0.9</probability></vulner_values></vulnerability></or></vulnerabilities></node><node id="248615815759159553406165491021701684981" name="h94"><host_values><risk>1.0</risk><cost>1.0</cost><impact>1.0</impact><probability>1.0</probability></host_values><ignorable>False</ignorable><vulnerabilities><or><vulnerability id="33734758832086898493401431488699415206" name="v3"><vulner_values><risk>9.3</risk><cost>0.0</cost><impact>10.0</impact><probability>0.93</probability></vulner_values></vulnerability><vulnerability id="61923579854178009436733235910914002337" name="nd1"><vulner_values><risk>5.0</risk><cost>0.0</cost><impact>2.9</impact><probability>0.5</probability></vulner_values></vulnerability></or></vulnerabilities></node><node id="193707001261341149207180122073496368458" name="h1"><host_values><risk>1.0</risk><cost>1.0</cost><impact>1.0</impact><probability>1.0</probability></host_values><ignorable>False</ignorable><vulnerabilities><or><vulnerability id="256903376355776594867115106386521345669" name="v11"><vulner_values><risk>8.5</risk><cost>0.0</cost><impact>8.4</impact><probability>0.85</probability></vulner_values></vulnerability></or></vulnerabilities></node><node id="222413836579319251729557887097150459733" name="h19"><host_values><risk>1.0</risk><cost>1.0</cost><impact>1.0</impact><probability>1.0</probability></host_values><ignorable>False</ignorable><vulnerabilities><or><vulnerability id="104109895533585852407387459287800071529" name="v11"><vulner_values><risk>8.5</risk><cost>0.0</cost><impact>8.4</impact><probability>0.85</probability></vulner_values></vulnerability></or></vulnerabilities></node><node id="118011628993711965438393227232183552142" name="h21"><host_values><risk>1.0</risk><cost>1.0</cost><impact>1.0</impact><probability>1.0</probability></host_values><ignorable>False</ignorable><vulnerabilities><or><vulnerability id="64068440083936210352458896528961376940" name="v10"><vulner_values><risk>9.0</risk><cost>0.0</cost><impact>9.4</impact><probability>0.9</probability></vulner_values></vulnerability></or></vulnerabilities></node><node id="50137406508537585646304999589322106395" name="h72"><host_values><risk>1.0</risk><cost>1.0</cost><impact>1.0</impact><probability>1.0</probability></host_values><ignorable>False</ignorable><vulnerabilities><or><vulnerability id="10925515943257088656499880441281032863" name="v3"><vulner_values><risk>9.3</risk><cost>0.0</cost><impact>10.0</impact><probability>0.93</probability></vulner_values></vulnerability></or></vulnerabilities></node><node id="162393356484520996002395950596420128989" name="h2"><host_values><risk>1.0</risk><cost>1.0</cost><impact>1.0</impact><probability>1.0</probability></host_values><ignorable>False</ignorable><vulnerabilities><or><vulnerability id="305763459841114640032135748855591979870" name="v10"><vulner_values><risk>9.0</risk><cost>0.0</cost><impact>9.4</impact><probability>0.9</probability></vulner_values></vulnerability></or></vulnerabilities></node><node id="323922728913474642319614017022041393739" name="h16"><host_values><risk>1.0</risk><cost>1.0</cost><impact>1.0</impact><probability>1.0</probability></host_values><ignorable>False</ignorable><vulnerabilities><or><vulnerability id="263192227597013207384507036160398090905" name="v11"><vulner_values><risk>8.5</risk><cost>0.0</cost><impact>8.4</impact><probability>0.85</probability></vulner_values></vulnerability></or></vulnerabilities></node><node id="101854337442514944361470996139310122746" name="h3"><host_values><risk>1.0</risk><cost>1.0</cost><impact>1.0</impact><probability>1.0</probability></host_values><ignorable>False</ignorable><vulnerabilities><or><vulnerability id="204010618269059188654962251834624730360" name="v4"><vulner_values><risk>4.3</risk><cost>0.0</cost><impact>2.9</impact><probability>0.43</probability></vulner_values></vulnerability></or></vulnerabilities></node><node id="253920976895230878638954247629980899601" name="h4"><host_values><risk>1.0</risk><cost>1.0</cost><impact>1.0</impact><probability>1.0</probability></host_values><ignorable>False</ignorable><vulnerabilities><or><vulnerability id="296873374056637246351783682255981543117" name="v5"><vulner_values><risk>7.2</risk><cost>0.0</cost><impact>10.0</impact><probability>0.72</probability></vulner_values></vulnerability><vulnerability id="197164059208507068586558609413403080537" name="nd7"><vulner_values><risk>7.5</risk><cost>0.0</cost><impact>6.4</impact><probability>0.75</probability></vulner_values></vulnerability></or></vulnerabilities></node><node id="207588329567594107549833973485830996369" name="h32"><host_values><risk>1.0</risk><cost>1.0</cost><impact>1.0</impact><probability>1.0</probability></host_values><ignorable>False</ignorable><vulnerabilities><or><vulnerability id="13587757238491543239276116762005908363" name="v6"><vulner_values><risk>9.3</risk><cost>0.0</cost><impact>10.0</impact><probability>0.93</probability></vulner_values></vulnerability></or></vulnerabilities></node><node id="330511708803882277240224386464962382034" name="h58"><host_values><risk>1.0</risk><cost>1.0</cost><impact>1.0</impact><probability>1.0</probability></host_values><ignorable>False</ignorable><vulnerabilities><or><vulnerability id="13502011374855931722900001663661375651" name="v9"><vulner_values><risk>7.3</risk><cost>0.0</cost><impact>7.9</impact><probability>0.73</probability></vulner_values></vulnerability></or></vulnerabilities></node><node id="100716405811351754120437855427210344823" name="h20"><host_values><risk>1.0</risk><cost>1.0</cost><impact>1.0</impact><probability>1.0</probability></host_values><ignorable>False</ignorable><vulnerabilities><or><vulnerability id="141373049734762258932467581714669474554" name="v2"><vulner_values><risk>4.3</risk><cost>0.0</cost><impact>2.9</impact><probability>0.43</probability></vulner_values></vulnerability></or></vulnerabilities></node><node id="25671955400520133320189138940746514702" name="h74"><host_values><risk>1.0</risk><cost>1.0</cost><impact>1.0</impact><probability>1.0</probability></host_values><ignorable>False</ignorable><vulnerabilities><or><vulnerability id="114690534405904627593796735048231626458" name="v12"><vulner_values><risk>10.0</risk><cost>0.0</cost><impact>10.0</impact><probability>1.0</probability></vulner_values></vulnerability></or></vulnerabilities></node><node id="61277520882501164753007787433798519409" name="h90"><host_values><risk>1.0</risk><cost>1.0</cost><impact>1.0</impact><probability>1.0</probability></host_values><ignorable>False</ignorable><vulnerabilities><or><vulnerability id="139349268260170854735871921135946588059" name="v12"><vulner_values><risk>10.0</risk><cost>0.0</cost><impact>10.0</impact><probability>1.0</probability></vulner_values></vulnerability></or></vulnerabilities></node><node id="271090083035130347335370610888814030067" name="h5"><host_values><risk>1.0</risk><cost>1.0</cost><impact>1.0</impact><probability>1.0</probability></host_values><ignorable>False</ignorable><vulnerabilities><or><vulnerability id="318743741739732890632606907783420443028" name="v10"><vulner_values><risk>9.0</risk><cost>0.0</cost><impact>9.4</impact><probability>0.9</probability></vulner_values></vulnerability></or></vulnerabilities></node><node id="170278086811029837534829935220209330833" name="h88"><host_values><risk>1.0</risk><cost>1.0</cost><impact>1.0</impact><probability>1.0</probability></host_values><ignorable>False</ignorable><vulnerabilities><or><vulnerability id="202341095630032776599824848010853815107" name="v9"><vulner_values><risk>7.3</risk><cost>0.0</cost><impact>7.9</impact><probability>0.73</probability></vulner_values></vulnerability></or></vulnerabilities></node><node id="173781828828341920500988971895807718264" name="h52"><host_values><risk>1.0</risk><cost>1.0</cost><impact>1.0</impact><probability>1.0</probability></host_values><ignorable>False</ignorable><vulnerabilities><or><vulnerability id="297781622694476056543791031606416152026" name="v2"><vulner_values><risk>4.3</risk><cost>0.0</cost><impact>2.9</impact><probability>0.43</probability></vulner_values></vulnerability></or></vulnerabilities></node><node id="5797707899687830655105846162637073423" name="h64"><host_values><risk>1.0</risk><cost>1.0</cost><impact>1.0</impact><probability>1.0</probability></host_values><ignorable>False</ignorable><vulnerabilities><or><vulnerability id="238147161822393256745199212637374715243" name="v6"><vulner_values><risk>9.3</risk><cost>0.0</cost><impact>10.0</impact><probability>0.93</probability></vulner_values></vulnerability></or></vulnerabilities></node><node id="80512162293587222281745777603375717755" name="h8"><host_values><risk>1.0</risk><cost>1.0</cost><impact>1.0</impact><probability>1.0</probability></host_values><ignorable>False</ignorable><vulnerabilities><or><vulnerability id="53817388653007710241004706992313047261" name="v2"><vulner_values><risk>4.3</risk><cost>0.0</cost><impact>2.9</impact><probability>0.43</probability></vulner_values></vulnerability></or></vulnerabilities></node><node id="288696897487190999224371877509597559670" name="h29"><host_values><risk>1.0</risk><cost>1.0</cost><impact>1.0</impact><probability>1.0</probability></host_values><ignorable>False</ignorable><vulnerabilities><or><vulnerability id="171660474854015676650303966987806777375" name="k8"><vulner_values><risk>7.5</risk><cost>0.0</cost><impact>6.4</impact><probability>0.75</probability></vulner_values></vulnerability></or></vulnerabilities></node><node id="187571666882988966625003795720618707734" name="h31"><host_values><risk>1.0</risk><cost>1.0</cost><impact>1.0</impact><probability>1.0</probability></host_values><ignorable>False</ignorable><vulnerabilities><or><vulnerability id="9825433603716446634642835872953356624" name="v6"><vulner_values><risk>9.3</risk><cost>0.0</cost><impact>10.0</impact><probability>0.93</probability></vulner_values></vulnerability></or></vulnerabilities></node><node id="17428398365083910685097936858642868994" name="h9"><host_values><risk>1.0</risk><cost>1.0</cost><impact>1.0</impact><probability>1.0</probability></host_values><ignorable>False</ignorable><vulnerabilities><or><vulnerability id="274536503668202510670359985319891105892" name="v11"><vulner_values><risk>8.5</risk><cost>0.0</cost><impact>8.4</impact><probability>0.85</probability></vulner_values></vulnerability></or></vulnerabilities></node><node id="145600409299222362843336679643828932223" name="h62"><host_values><risk>1.0</risk><cost>1.0</cost><impact>1.0</impact><probability>1.0</probability></host_values><ignorable>False</ignorable><vulnerabilities><or><vulnerability id="232080458260975746208239287578803399908" name="v5"><vulner_values><risk>7.2</risk><cost>0.0</cost><impact>10.0</impact><probability>0.72</probability></vulner_values></vulnerability></or></vulnerabilities></node><node id="310105461277667580556937283453945120452" name="h99"><host_values><risk>1.0</risk><cost>1.0</cost><impact>1.0</impact><probability>1.0</probability></host_values><ignorable>False</ignorable><vulnerabilities><or><vulnerability id="226208881859661511981800859744702257192" name="v10"><vulner_values><risk>9.0</risk><cost>0.0</cost><impact>9.4</impact><probability>0.9</probability></vulner_values></vulnerability></or></vulnerabilities></node><node id="20941502259192250584101030959215648857" name="h10"><host_values><risk>1.0</risk><cost>1.0</cost><impact>1.0</impact><probability>1.0</probability></host_values><ignorable>False</ignorable><vulnerabilities><or><vulnerability id="295238074993039673447998873707005632907" name="v2"><vulner_values><risk>4.3</risk><cost>0.0</cost><impact>2.9</impact><probability>0.43</probability></vulner_values></vulnerability></or></vulnerabilities></node><node id="144813989368059726861776836635812097040" name="h59"><host_values><risk>1.0</risk><cost>1.0</cost><impact>1.0</impact><probability>1.0</probability></host_values><ignorable>False</ignorable><vulnerabilities><or><vulnerability id="309377851720257398522061329104554681882" name="v9"><vulner_values><risk>7.3</risk><cost>0.0</cost><impact>7.9</impact><probability>0.73</probability></vulner_values></vulnerability></or></vulnerabilities></node><node id="179082142992589758011031729526509143844" name="h81"><host_values><risk>1.0</risk><cost>1.0</cost><impact>1.0</impact><probability>1.0</probability></host_values><ignorable>False</ignorable><vulnerabilities><or><vulnerability id="339937166109192633439715807552199832948" name="v6"><vulner_values><risk>9.3</risk><cost>0.0</cost><impact>10.0</impact><probability>0.93</probability></vulner_values></vulnerability></or></vulnerabilities></node><node id="221752958175239225405930495093962798024" name="h11"><host_values><risk>1.0</risk><cost>1.0</cost><impact>1.0</impact><probability>1.0</probability></host_values><ignorable>False</ignorable><vulnerabilities><or><vulnerability id="183243543046012003323237931305094824905" name="v3"><vulner_values><risk>9.3</risk><cost>0.0</cost><impact>10.0</impact><probability>0.93</probability></vulner_values></vulnerability></or></vulnerabilities></node><node id="3872091393313423495797202758099487885" name="h34"><host_values><risk>1.0</risk><cost>1.0</cost><impact>1.0</impact><probability>1.0</probability></host_values><ignorable>False</ignorable><vulnerabilities><or><vulnerability id="235396047531269694127269628167726538177" name="k8"><vulner_values><risk>7.5</risk><cost>0.0</cost><impact>6.4</impact><probability>0.75</probability></vulner_values></vulnerability></or></vulnerabilities></node><node id="149843750130368808776152903922072194814" name="h87"><host_values><risk>1.0</risk><cost>1.0</cost><impact>1.0</impact><probability>1.0</probability></host_values><ignorable>False</ignorable><vulnerabilities><or><vulnerability id="119540737490494937597998015576780719599" name="v11"><vulner_values><risk>8.5</risk><cost>0.0</cost><impact>8.4</impact><probability>0.85</probability></vulner_values></vulnerability></or></vulnerabilities></node><node id="266158988246467748460579407292130223360" name="h96"><host_values><risk>1.0</risk><cost>1.0</cost><impact>1.0</impact><probability>1.0</probability></host_values><ignorable>False</ignorable><vulnerabilities><or><vulnerability id="169606158467390856512398776714928360192" name="v3"><vulner_values><risk>9.3</risk><cost>0.0</cost><impact>10.0</impact><probability>0.93</probability></vulner_values></vulnerability></or></vulnerabilities></node><node id="330236746319531975039805419881822042342" name="h13"><host_values><risk>1.0</risk><cost>1.0</cost><impact>1.0</impact><probability>1.0</probability></host_values><ignorable>False</ignorable><vulnerabilities><or><vulnerability id="112706983546443649660063173028926512723" name="v9"><vulner_values><risk>7.3</risk><cost>0.0</cost><impact>7.9</impact><probability>0.73</probability></vulner_values></vulnerability></or></vulnerabilities></node><node id="242092252133963912647373342983877285914" name="h14"><host_values><risk>1.0</risk><cost>1.0</cost><impact>1.0</impact><probability>1.0</probability></host_values><ignorable>False</ignorable><vulnerabilities><or><vulnerability id="19170342954165540524742067652572741161" name="v5"><vulner_values><risk>7.2</risk><cost>0.0</cost><impact>10.0</impact><probability>0.72</probability></vulner_values></vulnerability></or></vulnerabilities></node><node id="230537212725451099199419026545875370931" name="h25"><host_values><risk>1.0</risk><cost>1.0</cost><impact>1.0</impact><probability>1.0</probability></host_values><ignorable>False</ignorable><vulnerabilities><or><vulnerability id="255926211887409389530929254067212118427" name="v3"><vulner_values><risk>9.3</risk><cost>0.0</cost><impact>10.0</impact><probability>0.93</probability></vulner_values></vulnerability></or></vulnerabilities></node><node id="58908082962056269570576621374147220521" name="h44"><host_values><risk>1.0</risk><cost>1.0</cost><impact>1.0</impact><probability>1.0</probability></host_values><ignorable>False</ignorable><vulnerabilities><or><vulnerability id="203317070334845201949730949340952072100" name="k8"><vulner_values><risk>7.5</risk><cost>0.0</cost><impact>6.4</impact><probability>0.75</probability></vulner_values></vulnerability></or></vulnerabilities></node><node id="229333865323544740204377546915676535235" name="h15"><host_values><risk>1.0</risk><cost>1.0</cost><impact>1.0</impact><probability>1.0</probability></host_values><ignorable>False</ignorable><vulnerabilities><or><vulnerability id="164021248323753002514272484497502133536" name="v2"><vulner_values><risk>4.3</risk><cost>0.0</cost><impact>2.9</impact><probability>0.43</probability></vulner_values></vulnerability></or></vulnerabilities></node><node id="37145764410501773619234803699363760368" name="h60"><host_values><risk>1.0</risk><cost>1.0</cost><impact>1.0</impact><probability>1.0</probability></host_values><ignorable>False</ignorable><vulnerabilities><or><vulnerability id="135798640454714731891929839972203659348" name="v3"><vulner_values><risk>9.3</risk><cost>0.0</cost><impact>10.0</impact><probability>0.93</probability></vulner_values></vulnerability></or></vulnerabilities></node><node id="141357681170331363994294268020326598389" name="h92"><host_values><risk>1.0</risk><cost>1.0</cost><impact>1.0</impact><probability>1.0</probability></host_values><ignorable>False</ignorable><vulnerabilities><or><vulnerability id="185758033433148112776795580497479132520" name="v4"><vulner_values><risk>4.3</risk><cost>0.0</cost><impact>2.9</impact><probability>0.43</probability></vulner_values></vulnerability></or></vulnerabilities></node><node id="31869497423587556567309593369687873613" name="h41"><host_values><risk>1.0</risk><cost>1.0</cost><impact>1.0</impact><probability>1.0</probability></host_values><ignorable>False</ignorable><vulnerabilities><or><vulnerability id="67812143108377539822685063392358703657" name="v11"><vulner_values><risk>8.5</risk><cost>0.0</cost><impact>8.4</impact><probability>0.85</probability></vulner_values></vulnerability></or></vulnerabilities></node><node id="62126489114351530720639049682321613992" name="h17"><host_values><risk>1.0</risk><cost>1.0</cost><impact>1.0</impact><probability>1.0</probability></host_values><ignorable>False</ignorable><vulnerabilities><or><vulnerability id="252729133433681210138885742672606271025" name="v10"><vulner_values><risk>9.0</risk><cost>0.0</cost><impact>9.4</impact><probability>0.9</probability></vulner_values></vulnerability></or></vulnerabilities></node><node id="112820867047332588458251524464272956084" name="h95"><host_values><risk>1.0</risk><cost>1.0</cost><impact>1.0</impact><probability>1.0</probability></host_values><ignorable>False</ignorable><vulnerabilities><or><vulnerability id="265487940921051385518033598479378132522" name="v2"><vulner_values><risk>4.3</risk><cost>0.0</cost><impact>2.9</impact><probability>0.43</probability></vulner_values></vulnerability></or></vulnerabilities></node><node id="282776112887239971214296585881815944726" name="h18"><host_values><risk>1.0</risk><cost>1.0</cost><impact>1.0</impact><probability>1.0</probability></host_values><ignorable>False</ignorable><vulnerabilities><or><vulnerability id="121976114737100622822769947654768045452" name="v11"><vulner_values><risk>8.5</risk><cost>0.0</cost><impact>8.4</impact><probability>0.85</probability></vulner_values></vulnerability></or></vulnerabilities></node><node id="272887019332533916028024353516156147150" name="h91"><host_values><risk>1.0</risk><cost>1.0</cost><impact>1.0</impact><probability>1.0</probability></host_values><ignorable>False</ignorable><vulnerabilities><or><vulnerability id="296577682289732660021092955446777066170" name="k8"><vulner_values><risk>7.5</risk><cost>0.0</cost><impact>6.4</impact><probability>0.75</probability></vulner_values></vulnerability></or></vulnerabilities></node><node id="202061235961476866724393121089718834530" name="h22"><host_values><risk>1.0</risk><cost>1.0</cost><impact>1.0</impact><probability>1.0</probability></host_values><ignorable>False</ignorable><vulnerabilities><or><vulnerability id="77415572088532349115407567669846353118" name="v5"><vulner_values><risk>7.2</risk><cost>0.0</cost><impact>10.0</impact><probability>0.72</probability></vulner_values></vulnerability></or></vulnerabilities></node><node id="107476428989784904770530663590847853880" name="h33"><host_values><risk>1.0</risk><cost>1.0</cost><impact>1.0</impact><probability>1.0</probability></host_values><ignorable>False</ignorable><vulnerabilities><or><vulnerability id="273589736588562093769508294584207831970" name="k8"><vulner_values><risk>7.5</risk><cost>0.0</cost><impact>6.4</impact><probability>0.75</probability></vulner_values></vulnerability></or></vulnerabilities></node><node id="220529244325175890666909347156112076373" name="h54"><host_values><risk>1.0</risk><cost>1.0</cost><impact>1.0</impact><probability>1.0</probability></host_values><ignorable>False</ignorable><vulnerabilities><or><vulnerability id="307283211284450571915001158270727528004" name="v5"><vulner_values><risk>7.2</risk><cost>0.0</cost><impact>10.0</impact><probability>0.72</probability></vulner_values></vulnerability></or></vulnerabilities></node><node id="111451019357191806787590649833594071163" name="h23"><host_values><risk>1.0</risk><cost>1.0</cost><impact>1.0</impact><probability>1.0</probability></host_values><ignorable>False</ignorable><vulnerabilities><or><vulnerability id="51833750261761227268405898042674461994" name="v12"><vulner_values><risk>10.0</risk><cost>0.0</cost><impact>10.0</impact><probability>1.0</probability></vulner_values></vulnerability></or></vulnerabilities></node><node id="15960958519243456506670122132014908554" name="h38"><host_values><risk>1.0</risk><cost>1.0</cost><impact>1.0</impact><probability>1.0</probability></host_values><ignorable>False</ignorable><vulnerabilities><or><vulnerability id="207908466331495854411877701911175139774" name="v3"><vulner_values><risk>9.3</risk><cost>0.0</cost><impact>10.0</impact><probability>0.93</probability></vulner_values></vulnerability></or></vulnerabilities></node><node id="281383357883003024625953758182355391975" name="h24"><host_values><risk>1.0</risk><cost>1.0</cost><impact>1.0</impact><probability>1.0</probability></host_values><ignorable>False</ignorable><vulnerabilities><or><vulnerability id="141392578080192361724225412354432372086" name="v6"><vulner_values><risk>9.3</risk><cost>0.0</cost><impact>10.0</impact><probability>0.93</probability></vulner_values></vulnerability></or></vulnerabilities></node><node id="102377740736503792267299347441058085317" name="h35"><host_values><risk>1.0</risk><cost>1.0</cost><impact>1.0</impact><probability>1.0</probability></host_values><ignorable>False</ignorable><vulnerabilities><or><vulnerability id="9861725162792484147508867201604386404" name="v2"><vulner_values><risk>4.3</risk><cost>0.0</cost><impact>2.9</impact><probability>0.43</probability></vulner_values></vulnerability></or></vulnerabilities></node><node id="81168302192661808871183935673721809222" name="h26"><host_values><risk>1.0</risk><cost>1.0</cost><impact>1.0</impact><probability>1.0</probability></host_values><ignorable>False</ignorable><vulnerabilities><or><vulnerability id="156382970972116002775011837730055554890" name="v2"><vulner_values><risk>4.3</risk><cost>0.0</cost><impact>2.9</impact><probability>0.43</probability></vulner_values></vulnerability></or></vulnerabilities></node><node id="29906326382766123430278827850912954919" name="h63"><host_values><risk>1.0</risk><cost>1.0</cost><impact>1.0</impact><probability>1.0</probability></host_values><ignorable>False</ignorable><vulnerabilities><or><vulnerability id="47076493487412234208559998031983491389" name="v10"><vulner_values><risk>9.0</risk><cost>0.0</cost><impact>9.4</impact><probability>0.9</probability></vulner_values></vulnerability></or></vulnerabilities></node><node id="135303156814386135472713076121825052329" name="h27"><host_values><risk>1.0</risk><cost>1.0</cost><impact>1.0</impact><probability>1.0</probability></host_values><ignorable>False</ignorable><vulnerabilities><or><vulnerability id="120490985279578118685001309509483745433" name="v9"><vulner_values><risk>7.3</risk><cost>0.0</cost><impact>7.9</impact><probability>0.73</probability></vulner_values></vulnerability></or></vulnerabilities></node><node id="249088302805506918889943947042513151719" name="h36"><host_values><risk>1.0</risk><cost>1.0</cost><impact>1.0</impact><probability>1.0</probability></host_values><ignorable>False</ignorable><vulnerabilities><or><vulnerability id="165352010786535507074114443070344794748" name="v9"><vulner_values><risk>7.3</risk><cost>0.0</cost><impact>7.9</impact><probability>0.73</probability></vulner_values></vulnerability></or></vulnerabilities></node><node id="134220667274144852198859273531462397336" name="h6"><host_values><risk>1.0</risk><cost>1.0</cost><impact>1.0</impact><probability>1.0</probability></host_values><ignorable>False</ignorable><vulnerabilities><or><vulnerability id="315134364137767336050870079323935177153" name="v2"><vulner_values><risk>4.3</risk><cost>0.0</cost><impact>2.9</impact><probability>0.43</probability></vulner_values></vulnerability></or></vulnerabilities></node><node id="228474383910710658904876997908236426493" name="h80"><host_values><risk>1.0</risk><cost>1.0</cost><impact>1.0</impact><probability>1.0</probability></host_values><ignorable>False</ignorable><vulnerabilities><or><vulnerability id="135628870018191087536229930429453126334" name="v11"><vulner_values><risk>8.5</risk><cost>0.0</cost><impact>8.4</impact><probability>0.85</probability></vulner_values></vulnerability></or></vulnerabilities></node><node id="332295233610430457460458724692255930897" name="h37"><host_values><risk>1.0</risk><cost>1.0</cost><impact>1.0</impact><probability>1.0</probability></host_values><ignorable>False</ignorable><vulnerabilities><or><vulnerability id="52452035482239815246175421549902973193" name="k8"><vulner_values><risk>7.5</risk><cost>0.0</cost><impact>6.4</impact><probability>0.75</probability></vulner_values></vulnerability></or></vulnerabilities></node><node id="171419230435965152078411147959705068944" name="h46"><host_values><risk>1.0</risk><cost>1.0</cost><impact>1.0</impact><probability>1.0</probability></host_values><ignorable>False</ignorable><vulnerabilities><or><vulnerability id="264422257563547050239437149263809136940" name="v10"><vulner_values><risk>9.0</risk><cost>0.0</cost><impact>9.4</impact><probability>0.9</probability></vulner_values></vulnerability></or></vulnerabilities></node><node id="215711181215053702003896931154766160181" name="h39"><host_values><risk>1.0</risk><cost>1.0</cost><impact>1.0</impact><probability>1.0</probability></host_values><ignorable>False</ignorable><vulnerabilities><or><vulnerability id="182389311336417008285469066773245130299" name="v4"><vulner_values><risk>4.3</risk><cost>0.0</cost><impact>2.9</impact><probability>0.43</probability></vulner_values></vulnerability></or></vulnerabilities></node><node id="305552198848075080883716049126054766577" name="h55"><host_values><risk>1.0</risk><cost>1.0</cost><impact>1.0</impact><probability>1.0</probability></host_values><ignorable>False</ignorable><vulnerabilities><or><vulnerability id="194706128630197415701796997409503825267" name="v10"><vulner_values><risk>9.0</risk><cost>0.0</cost><impact>9.4</impact><probability>0.9</probability></vulner_values></vulnerability></or></vulnerabilities></node><node id="54455841012496692251925814117526994417" name="h68"><host_values><risk>1.0</risk><cost>1.0</cost><impact>1.0</impact><probability>1.0</probability></host_values><ignorable>False</ignorable><vulnerabilities><or><vulnerability id="232275688727907929521026309125966820964" name="v3"><vulner_values><risk>9.3</risk><cost>0.0</cost><impact>10.0</impact><probability>0.93</probability></vulner_values></vulnerability></or></vulnerabilities></node><node id="288684581366346988937642249415949563470" name="h40"><host_values><risk>1.0</risk><cost>1.0</cost><impact>1.0</impact><probability>1.0</probability></host_values><ignorable>False</ignorable><vulnerabilities><or><vulnerability id="95016815163116249343493519010712836567" name="v6"><vulner_values><risk>9.3</risk><cost>0.0</cost><impact>10.0</impact><probability>0.93</probability></vulner_values></vulnerability></or></vulnerabilities></node><node id="204290077909944064972060075253926633969" name="h67"><host_values><risk>1.0</risk><cost>1.0</cost><impact>1.0</impact><probability>1.0</probability></host_values><ignorable>False</ignorable><vulnerabilities><or><vulnerability id="257343538670194510258546343476021291351" name="v3"><vulner_values><risk>9.3</risk><cost>0.0</cost><impact>10.0</impact><probability>0.93</probability></vulner_values></vulnerability></or></vulnerabilities></node><node id="94532495466999876704912021199404471972" name="h76"><host_values><risk>1.0</risk><cost>1.0</cost><impact>1.0</impact><probability>1.0</probability></host_values><ignorable>False</ignorable><vulnerabilities><or><vulnerability id="208412633933341449251716207084831444338" name="v6"><vulner_values><risk>9.3</risk><cost>0.0</cost><impact>10.0</impact><probability>0.93</probability></vulner_values></vulnerability></or></vulnerabilities></node><node id="270667421941146433579048925128756374116" name="h43"><host_values><risk>1.0</risk><cost>1.0</cost><impact>1.0</impact><probability>1.0</probability></host_values><ignorable>False</ignorable><vulnerabilities><or><vulnerability id="230619784966566810032393627418289892692" name="v12"><vulner_values><risk>10.0</risk><cost>0.0</cost><impact>10.0</impact><probability>1.0</probability></vulner_values></vulnerability></or></vulnerabilities></node><node id="163426981889550872074508023212322474200" name="h47"><host_values><risk>1.0</risk><cost>1.0</cost><impact>1.0</impact><probability>1.0</probability></host_values><ignorable>False</ignorable><vulnerabilities><or><vulnerability id="138794680794024654815085498887355715270" name="v3"><vulner_values><risk>9.3</risk><cost>0.0</cost><impact>10.0</impact><probability>0.93</probability></vulner_values></vulnerability></or></vulnerabilities></node><node id="47209805314628111153284989980954922529" name="h89"><host_values><risk>1.0</risk><cost>1.0</cost><impact>1.0</impact><probability>1.0</probability></host_values><ignorable>False</ignorable><vulnerabilities><or><vulnerability id="143798437688594895373112708803780682424" name="v9"><vulner_values><risk>7.3</risk><cost>0.0</cost><impact>7.9</impact><probability>0.73</probability></vulner_values></vulnerability></or></vulnerabilities></node><node id="83674127823778300510420705336553542963" name="h48"><host_values><risk>1.0</risk><cost>1.0</cost><impact>1.0</impact><probability>1.0</probability></host_values><ignorable>False</ignorable><vulnerabilities><or><vulnerability id="26064970946145235215549526221044618390" name="v4"><vulner_values><risk>4.3</risk><cost>0.0</cost><impact>2.9</impact><probability>0.43</probability></vulner_values></vulnerability></or></vulnerabilities></node><node id="200674115838823556369443067596974896345" name="h73"><host_values><risk>1.0</risk><cost>1.0</cost><impact>1.0</impact><probability>1.0</probability></host_values><ignorable>False</ignorable><vulnerabilities><or><vulnerability id="189392366539184653569276875035254094943" name="v11"><vulner_values><risk>8.5</risk><cost>0.0</cost><impact>8.4</impact><probability>0.85</probability></vulner_values></vulnerability></or></vulnerabilities></node><node id="251519768481323979429121045417920421143" name="h78"><host_values><risk>1.0</risk><cost>1.0</cost><impact>1.0</impact><probability>1.0</probability></host_values><ignorable>False</ignorable><vulnerabilities><or><vulnerability id="146144158443700954388074761041476018139" name="v2"><vulner_values><risk>4.3</risk><cost>0.0</cost><impact>2.9</impact><probability>0.43</probability></vulner_values></vulnerability></or></vulnerabilities></node><node id="251860719658339063468348151023128043646" name="h49"><host_values><risk>1.0</risk><cost>1.0</cost><impact>1.0</impact><probability>1.0</probability></host_values><ignorable>False</ignorable><vulnerabilities><or><vulnerability id="39130003501773664745555771513098136683" name="v5"><vulner_values><risk>7.2</risk><cost>0.0</cost><impact>10.0</impact><probability>0.72</probability></vulner_values></vulnerability></or></vulnerabilities></node><node id="158428071871566303178465919095046067598" name="h50"><host_values><risk>1.0</risk><cost>1.0</cost><impact>1.0</impact><probability>1.0</probability></host_values><ignorable>False</ignorable><vulnerabilities><or><vulnerability id="175515134024672435583859736493890978393" name="v3"><vulner_values><risk>9.3</risk><cost>0.0</cost><impact>10.0</impact><probability>0.93</probability></vulner_values></vulnerability></or></vulnerabilities></node><node id="11736738466738293569631796675564721630" name="h51"><host_values><risk>1.0</risk><cost>1.0</cost><impact>1.0</impact><probability>1.0</probability></host_values><ignorable>False</ignorable><vulnerabilities><or><vulnerability id="85210720901378398685720358202154939436" name="v11"><vulner_values><risk>8.5</risk><cost>0.0</cost><impact>8.4</impact><probability>0.85</probability></vulner_values></vulnerability></or></vulnerabilities></node><node id="19196400456644354031371856534307706859" name="h56"><host_values><risk>1.0</risk><cost>1.0</cost><impact>1.0</impact><probability>1.0</probability></host_values><ignorable>False</ignorable><vulnerabilities><or><vulnerability id="195853523390480398218889442685932511961" name="v12"><vulner_values><risk>10.0</risk><cost>0.0</cost><impact>10.0</impact><probability>1.0</probability></vulner_values></vulnerability></or></vulnerabilities></node><node id="23227620938944082244485466396377248737" name="h53"><host_values><risk>1.0</risk><cost>1.0</cost><impact>1.0</impact><probability>1.0</probability></host_values><ignorable>False</ignorable><vulnerabilities><or><vulnerability id="96537627518224863640690119824608091995" name="v12"><vulner_values><risk>10.0</risk><cost>0.0</cost><impact>10.0</impact><probability>1.0</probability></vulner_values></vulnerability></or></vulnerabilities></node><node id="63852161491904357823753903738721033968" name="h71"><host_values><risk>1.0</risk><cost>1.0</cost><impact>1.0</impact><probability>1.0</probability></host_values><ignorable>False</ignorable><vulnerabilities><or><vulnerability id="212797132211184613398232806919646648522" name="v2"><vulner_values><risk>4.3</risk><cost>0.0</cost><impact>2.9</impact><probability>0.43</probability></vulner_values></vulnerability></or></vulnerabilities></node><node id="122253223057542944144704325717424964947" name="h57"><host_values><risk>1.0</risk><cost>1.0</cost><impact>1.0</impact><probability>1.0</probability></host_values><ignorable>False</ignorable><vulnerabilities><or><vulnerability id="10487942893011320542263784301127222187" name="v9"><vulner_values><risk>7.3</risk><cost>0.0</cost><impact>7.9</impact><probability>0.73</probability></vulner_values></vulnerability></or></vulnerabilities></node><node id="299264833630009638262361427266905837413" name="h61"><host_values><risk>1.0</risk><cost>1.0</cost><impact>1.0</impact><probability>1.0</probability></host_values><ignorable>False</ignorable><vulnerabilities><or><vulnerability id="39944234040184467637173365351369278767" name="v10"><vulner_values><risk>9.0</risk><cost>0.0</cost><impact>9.4</impact><probability>0.9</probability></vulner_values></vulnerability></or></vulnerabilities></node><node id="289056520675050640799914554424312186288" name="h84"><host_values><risk>1.0</risk><cost>1.0</cost><impact>1.0</impact><probability>1.0</probability></host_values><ignorable>False</ignorable><vulnerabilities><or><vulnerability id="334785457896888719498213071378939852781" name="v5"><vulner_values><risk>7.2</risk><cost>0.0</cost><impact>10.0</impact><probability>0.72</probability></vulner_values></vulnerability></or></vulnerabilities></node><node id="337004635593278830739654480257198216709" name="h66"><host_values><risk>1.0</risk><cost>1.0</cost><impact>1.0</impact><probability>1.0</probability></host_values><ignorable>False</ignorable><vulnerabilities><or><vulnerability id="56711366591625766484690999372497977228" name="v9"><vulner_values><risk>7.3</risk><cost>0.0</cost><impact>7.9</impact><probability>0.73</probability></vulner_values></vulnerability></or></vulnerabilities></node><node id="167982791731995008335954043747957671212" name="h85"><host_values><risk>1.0</risk><cost>1.0</cost><impact>1.0</impact><probability>1.0</probability></host_values><ignorable>False</ignorable><vulnerabilities><or><vulnerability id="251904962066550290529140189580393489576" name="v2"><vulner_values><risk>4.3</risk><cost>0.0</cost><impact>2.9</impact><probability>0.43</probability></vulner_values></vulnerability></or></vulnerabilities></node><node id="331113903544265025492228834916132422233" name="h69"><host_values><risk>1.0</risk><cost>1.0</cost><impact>1.0</impact><probability>1.0</probability></host_values><ignorable>False</ignorable><vulnerabilities><or><vulnerability id="7800911033243840812924159962873321859" name="v9"><vulner_values><risk>7.3</risk><cost>0.0</cost><impact>7.9</impact><probability>0.73</probability></vulner_values></vulnerability></or></vulnerabilities></node><node id="131255581799550610767675888078936377176" name="h12"><host_values><risk>1.0</risk><cost>1.0</cost><impact>1.0</impact><probability>1.0</probability></host_values><ignorable>False</ignorable><vulnerabilities><or><vulnerability id="288630926547183587105458366075451337061" name="v9"><vulner_values><risk>7.3</risk><cost>0.0</cost><impact>7.9</impact><probability>0.73</probability></vulner_values></vulnerability></or></vulnerabilities></node><node id="226560804313823667218845152503174658629" name="h77"><host_values><risk>1.0</risk><cost>1.0</cost><impact>1.0</impact><probability>1.0</probability></host_values><ignorable>False</ignorable><vulnerabilities><or><vulnerability id="238647085981356191790364845381381662487" name="v2"><vulner_values><risk>4.3</risk><cost>0.0</cost><impact>2.9</impact><probability>0.43</probability></vulner_values></vulnerability></or></vulnerabilities></node><node id="334786728857017702716178435132735118407" name="h79"><host_values><risk>1.0</risk><cost>1.0</cost><impact>1.0</impact><probability>1.0</probability></host_values><ignorable>False</ignorable><vulnerabilities><or><vulnerability id="312277475705082410731922058717128385755" name="v4"><vulner_values><risk>4.3</risk><cost>0.0</cost><impact>2.9</impact><probability>0.43</probability></vulner_values></vulnerability></or></vulnerabilities></node><node id="289265590593910610570907482218055917331" name="h82"><host_values><risk>1.0</risk><cost>1.0</cost><impact>1.0</impact><probability>1.0</probability></host_values><ignorable>False</ignorable><vulnerabilities><or><vulnerability id="305095306589386205977501787081859691359" name="v12"><vulner_values><risk>10.0</risk><cost>0.0</cost><impact>10.0</impact><probability>1.0</probability></vulner_values></vulnerability></or></vulnerabilities></node><node id="153440833922605594599797567103009560185" name="h75"><host_values><risk>1.0</risk><cost>1.0</cost><impact>1.0</impact><probability>1.0</probability></host_values><ignorable>False</ignorable><vulnerabilities><or><vulnerability id="30989131707188106225583535234727664452" name="v5"><vulner_values><risk>7.2</risk><cost>0.0</cost><impact>10.0</impact><probability>0.72</probability></vulner_values></vulnerability></or></vulnerabilities></node><node id="92365103009217770793971850936823796456" name="h65"><host_values><risk>1.0</risk><cost>1.0</cost><impact>1.0</impact><probability>1.0</probability></host_values><ignorable>False</ignorable><vulnerabilities><or><vulnerability id="147040747097633442241064543514383435153" name="v4"><vulner_values><risk>4.3</risk><cost>0.0</cost><impact>2.9</impact><probability>0.43</probability></vulner_values></vulnerability></or></vulnerabilities></node><node id="41892549054508728094789047404581433155" name="h97"><host_values><risk>1.0</risk><cost>1.0</cost><impact>1.0</impact><probability>1.0</probability></host_values><ignorable>False</ignorable><vulnerabilities><or><vulnerability id="26760325181161378620520161940541235525" name="v12"><vulner_values><risk>10.0</risk><cost>0.0</cost><impact>10.0</impact><probability>1.0</probability></vulner_values></vulnerability><vulnerability id="233818916654335176153893205517929116212" name="nd7"><vulner_values><risk>7.5</risk><cost>0.0</cost><impact>6.4</impact><probability>0.75</probability></vulner_values></vulnerability></or></vulnerabilities></node><node id="16212984164865895334586096354944669437" name="h86"><host_values><risk>1.0</risk><cost>1.0</cost><impact>1.0</impact><probability>1.0</probability></host_values><ignorable>False</ignorable><vulnerabilities><or><vulnerability id="272282652221122719940553059386584366529" name="v3"><vulner_values><risk>9.3</risk><cost>0.0</cost><impact>10.0</impact><probability>0.93</probability></vulner_values></vulnerability></or></vulnerabilities></node><node id="93856266364271584776757492931674264294" name="hDB3"><host_values><risk>1.0</risk><cost>1.0</cost><impact>1.0</impact><probability>1.0</probability></host_values><ignorable>False</ignorable><vulnerabilities><or><vulnerability id="314419946362187370137546076718957089398" name="k8"><vulner_values><risk>7.5</risk><cost>0.0</cost><impact>6.4</impact><probability>0.75</probability></vulner_values></vulnerability><vulnerability id="42334569214029270815226605425849199334" name="v2"><vulner_values><risk>4.3</risk><cost>0.0</cost><impact>2.9</impact><probability>0.43</probability></vulner_values></vulnerability></or></vulnerabilities></node><node id="148569845966536101549497031312267548490" name="h93"><host_values><risk>1.0</risk><cost>1.0</cost><impact>1.0</impact><probability>1.0</probability></host_values><ignorable>False</ignorable><vulnerabilities><or><vulnerability id="145432744728544201564947109567749288149" name="v4"><vulner_values><risk>4.3</risk><cost>0.0</cost><impact>2.9</impact><probability>0.43</probability></vulner_values></vulnerability></or></vulnerabilities></node><node id="43263058868614538194950242306827745893" name="h28"><host_values><risk>1.0</risk><cost>1.0</cost><impact>1.0</impact><probability>1.0</probability></host_values><ignorable>False</ignorable><vulnerabilities><or><vulnerability id="257051082968319070868806058640175317146" name="v11"><vulner_values><risk>8.5</risk><cost>0.0</cost><impact>8.4</impact><probability>0.85</probability></vulner_values></vulnerability></or></vulnerabilities></node><node id="155118880225279356685083685500098934710" name="Attacker"/></nodes><edges><edge><source>0</source><target>1</target></edge><edge><source>0</source><target>2</target></edge><edge><source>0</source><target>3</target></edge><edge><source>0</source><target>4</target></edge><edge><source>5</source><target>6</target></edge><edge><source>5</source><target>7</target></edge><edge><source>5</source><target>8</target></edge><edge><source>9</source><target>10</target></edge><edge><source>11</source><target>12</target></edge><edge><source>11</source><target>13</target></edge><edge><source>11</source><target>14</target></edge><edge><source>12</source><target>15</target></edge><edge><source>12</source><target>16</target></edge><edge><source>12</source><target>17</target></edge><edge><source>18</source><target>12</target></edge><edge><source>18</source><target>19</target></edge><edge><source>1</source><target>20</target></edge><edge><source>1</source><target>21</target></edge><edge><source>1</source><target>17</target></edge><edge><source>22</source><target>23</target></edge><edge><source>22</source><target>24</target></edge><edge><source>22</source><target>20</target></edge><edge><source>25</source><target>26</target></edge><edge><source>25</source><target>27</target></edge><edge><source>28</source><target>29</target></edge><edge><source>28</source><target>30</target></edge><edge><source>31</source><target>32</target></edge><edge><source>31</source><target>33</target></edge><edge><source>31</source><target>34</target></edge><edge><source>35</source><target>18</target></edge><edge><source>35</source><target>1</target></edge><edge><source>36</source><target>37</target></edge><edge><source>36</source><target>38</target></edge><edge><source>39</source><target>40</target></edge><edge><source>39</source><target>41</target></edge><edge><source>10</source><target>31</target></edge><edge><source>10</source><target>42</target></edge><edge><source>10</source><target>16</target></edge><edge><source>43</source><target>44</target></edge><edge><source>45</source><target>28</target></edge><edge><source>15</source><target>22</target></edge><edge><source>15</source><target>46</target></edge><edge><source>7</source><target>41</target></edge><edge><source>7</source><target>27</target></edge><edge><source>47</source><target>48</target></edge><edge><source>47</source><target>49</target></edge><edge><source>50</source><target>11</target></edge><edge><source>50</source><target>51</target></edge><edge><source>52</source><target>43</target></edge><edge><source>37</source><target>53</target></edge><edge><source>37</source><target>16</target></edge><edge><source>54</source><target>55</target></edge><edge><source>56</source><target>57</target></edge><edge><source>56</source><target>49</target></edge><edge><source>23</source><target>36</target></edge><edge><source>23</source><target>52</target></edge><edge><source>2</source><target>58</target></edge><edge><source>24</source><target>54</target></edge><edge><source>48</source><target>31</target></edge><edge><source>48</source><target>45</target></edge><edge><source>32</source><target>59</target></edge><edge><source>53</source><target>37</target></edge><edge><source>53</source><target>56</target></edge><edge><source>53</source><target>51</target></edge><edge><source>53</source><target>59</target></edge><edge><source>57</source><target>9</target></edge><edge><source>57</source><target>54</target></edge><edge><source>60</source><target>61</target></edge><edge><source>51</source><target>12</target></edge><edge><source>51</source><target>39</target></edge><edge><source>51</source><target>56</target></edge><edge><source>51</source><target>61</target></edge><edge><source>51</source><target>16</target></edge><edge><source>62</source><target>63</target></edge><edge><source>62</source><target>64</target></edge><edge><source>65</source><target>45</target></edge><edge><source>65</source><target>48</target></edge><edge><source>42</source><target>29</target></edge><edge><source>42</source><target>66</target></edge><edge><source>42</source><target>67</target></edge><edge><source>3</source><target>0</target></edge><edge><source>3</source><target>31</target></edge><edge><source>3</source><target>53</target></edge><edge><source>3</source><target>68</target></edge><edge><source>68</source><target>35</target></edge><edge><source>68</source><target>45</target></edge><edge><source>68</source><target>40</target></edge><edge><source>38</source><target>13</target></edge><edge><source>38</source><target>40</target></edge><edge><source>38</source><target>4</target></edge><edge><source>69</source><target>70</target></edge><edge><source>71</source><target>9</target></edge><edge><source>71</source><target>72</target></edge><edge><source>71</source><target>73</target></edge><edge><source>74</source><target>5</target></edge><edge><source>74</source><target>58</target></edge><edge><source>75</source><target>25</target></edge><edge><source>75</source><target>38</target></edge><edge><source>75</source><target>20</target></edge><edge><source>76</source><target>77</target></edge><edge><source>76</source><target>14</target></edge><edge><source>76</source><target>17</target></edge><edge><source>20</source><target>70</target></edge><edge><source>78</source><target>24</target></edge><edge><source>78</source><target>61</target></edge><edge><source>78</source><target>69</target></edge><edge><source>78</source><target>72</target></edge><edge><source>49</source><target>71</target></edge><edge><source>49</source><target>76</target></edge><edge><source>49</source><target>77</target></edge><edge><source>49</source><target>79</target></edge><edge><source>63</source><target>5</target></edge><edge><source>63</source><target>2</target></edge><edge><source>63</source><target>32</target></edge><edge><source>77</source><target>13</target></edge><edge><source>77</source><target>44</target></edge><edge><source>80</source><target>15</target></edge><edge><source>80</source><target>75</target></edge><edge><source>14</source><target>30</target></edge><edge><source>29</source><target>58</target></edge><edge><source>29</source><target>39</target></edge><edge><source>29</source><target>74</target></edge><edge><source>81</source><target>0</target></edge><edge><source>26</source><target>8</target></edge><edge><source>26</source><target>82</target></edge><edge><source>55</source><target>1</target></edge><edge><source>55</source><target>37</target></edge><edge><source>55</source><target>46</target></edge><edge><source>21</source><target>52</target></edge><edge><source>83</source><target>63</target></edge><edge><source>83</source><target>66</target></edge><edge><source>66</source><target>25</target></edge><edge><source>64</source><target>22</target></edge><edge><source>64</source><target>37</target></edge><edge><source>64</source><target>84</target></edge><edge><source>85</source><target>56</target></edge><edge><source>85</source><target>38</target></edge><edge><source>85</source><target>81</target></edge><edge><source>85</source><target>8</target></edge><edge><source>79</source><target>86</target></edge><edge><source>79</source><target>39</target></edge><edge><source>79</source><target>43</target></edge><edge><source>79</source><target>76</target></edge><edge><source>8</source><target>45</target></edge><edge><source>8</source><target>77</target></edge><edge><source>8</source><target>59</target></edge><edge><source>72</source><target>16</target></edge><edge><source>16</source><target>84</target></edge><edge><source>67</source><target>33</target></edge><edge><source>87</source><target>74</target></edge><edge><source>87</source><target>76</target></edge><edge><source>87</source><target>77</target></edge><edge><source>87</source><target>66</target></edge><edge><source>88</source><target>67</target></edge><edge><source>88</source><target>70</target></edge><edge><source>59</source><target>85</target></edge><edge><source>89</source><target>90</target></edge><edge><source>82</source><target>56</target></edge><edge><source>82</source><target>91</target></edge><edge><source>84</source><target>5</target></edge><edge><source>84</source><target>16</target></edge><edge><source>84</source><target>92</target></edge><edge><source>93</source><target>54</target></edge><edge><source>19</source><target>15</target></edge><edge><source>19</source><target>90</target></edge><edge><source>19</source><target>46</target></edge><edge><source>19</source><target>94</target></edge><edge><source>70</source><target>58</target></edge><edge><source>70</source><target>69</target></edge><edge><source>70</source><target>78</target></edge><edge><source>70</source><target>79</target></edge><edge><source>17</source><target>54</target></edge><edge><source>17</source><target>65</target></edge><edge><source>17</source><target>14</target></edge><edge><source>17</source><target>40</target></edge><edge><source>41</source><target>60</target></edge><edge><source>95</source><target>1</target></edge><edge><source>95</source><target>45</target></edge><edge><source>95</source><target>96</target></edge><edge><source>95</source><target>67</target></edge><edge><source>95</source><target>93</target></edge><edge><source>95</source><target>27</target></edge><edge><source>44</source><target>19</target></edge><edge><source>34</source><target>62</target></edge><edge><source>92</source><target>54</target></edge><edge><source>94</source><target>7</target></edge><edge><source>94</source><target>96</target></edge><edge><source>94</source><target>68</target></edge><edge><source>94</source><target>29</target></edge><edge><source>97</source><target>14</target></edge><edge><source>97</source><target>28</target></edge></edges></harm>