<harm><nodes><node id="55786773902153097941845135381618306636" name="Attacker"/><node id="147260418231172458976604252394316593281" name="WS2"><host_values><impact>6.4</impact><risk>7.5</risk><probability>0.8575</probability><asset_value>11290</asset_value><rate_occurance>0.64</rate_occurance><cost>1</cost><defense_cost>13</defense_cost><exposure_factor>0.06</exposure_factor></host_values><vulnerabilities><or><vulnerability id="156455828627659987445722759667871015738" name="CVE-2014-8109"><vulner_values><impact>2.9</impact><rate_occurance>0.29</rate_occurance><cost>1</cost><risk>4.3</risk><probability>0.43</probability><defense_cost>13</defense_cost></vulner_values></vulnerability><vulnerability id="97656559920094541632846683060703081645" name="CVE-2015-4022"><vulner_values><impact>6.4</impact><rate_occurance>0.64</rate_occurance><cost>1</cost><risk>7.5</risk><probability>0.75</probability><defense_cost>18</defense_cost></vulner_values></vulnerability></or></vulnerabilities></node><node id="105166731563539286643632458272163486651" name="AS2"><host_values><impact>6.4</impact><risk>7.5</risk><probability>0.875</probability><asset_value>11290</asset_value><rate_occurance>0.64</rate_occurance><cost>1</cost><defense_cost>17</defense_cost><exposure_factor>0.06</exposure_factor></host_values><vulnerabilities><or><vulnerability id="298400594467468582998990984071384116971" name="CVE-2015-4022"><vulner_values><impact>6.4</impact><rate_occurance>0.64</rate_occurance><cost>1</cost><risk>7.5</risk><probability>0.75</probability><defense_cost>18</defense_cost></vulner_values></vulnerability><vulnerability id="202053013086494326644781240763141219106" name="CVE-2015-5345"><vulner_values><impact>2.9</impact><rate_occurance>0.29</rate_occurance><cost>2.5</cost><risk>5.0</risk><probability>0.5</probability><defense_cost>17</defense_cost></vulner_values></vulnerability></or></vulnerabilities></node><node id="168461658187427787906758417934130787536" name="DB3"><host_values><impact>6.4</impact><risk>6.5</risk><probability>0.8005</probability><asset_value>11290</asset_value><rate_occurance>0.64</rate_occurance><cost>2.5</cost><defense_cost>18</defense_cost><exposure_factor>0.06</exposure_factor></host_values><vulnerabilities><or><vulnerability id="131036522453310900918287410787150005323" name="CVE-2012-3132"><vulner_values><impact>6.4</impact><rate_occurance>0.64</rate_occurance><cost>2.5</cost><risk>6.5</risk><probability>0.65</probability><defense_cost>20</defense_cost></vulner_values></vulnerability><vulnerability id="278533291968827814712254051434208470157" name="CVE-2015-2586"><vulner_values><impact>2.9</impact><rate_occurance>0.29</rate_occurance><cost>5.7</cost><risk>4.3</risk><probability>0.43</probability><defense_cost>18</defense_cost></vulner_values></vulnerability></or></vulnerabilities></node></nodes><edges><edge><source>0</source><target>1</target></edge><edge><source>1</source><target>2</target></edge><edge><source>2</source><target>3</target></edge></edges></harm>