<harm><nodes><node id="90589943459347586834237630262399906046" name="Attacker"/><node id="285283479755261264040839646887623175159" name="WS1"><host_values><impact>10</impact><risk>6.9</risk><probability>0.8233</probability><asset_value>11290</asset_value><rate_occurance>1.0</rate_occurance><cost>4.1</cost><defense_cost>13</defense_cost><exposure_factor>0.06</exposure_factor></host_values><vulnerabilities><or><vulnerability id="241978135439726265614337657115614567033" name="CVE-2015-3247"><vulner_values><impact>10</impact><rate_occurance>1.0</rate_occurance><cost>4.1</cost><risk>6.9</risk><probability>0.69</probability><defense_cost>15</defense_cost></vulner_values></vulnerability><vulnerability id="237820346210226485405512708613322752317" name="CVE-2014-8109"><vulner_values><impact>2.9</impact><rate_occurance>0.29</rate_occurance><cost>5.7</cost><risk>4.3</risk><probability>0.43</probability><defense_cost>13</defense_cost></vulner_values></vulnerability></or></vulnerabilities></node><node id="42957031956673627995163729818129720930" name="WS2"><host_values><impact>6.4</impact><risk>7.5</risk><probability>0.8575</probability><asset_value>11290</asset_value><rate_occurance>0.64</rate_occurance><cost>3.5</cost><defense_cost>13</defense_cost><exposure_factor>0.06</exposure_factor></host_values><vulnerabilities><or><vulnerability id="192736946157105324980524246587029463779" name="CVE-2014-8109"><vulner_values><impact>2.9</impact><rate_occurance>0.29</rate_occurance><cost>5.7</cost><risk>4.3</risk><probability>0.43</probability><defense_cost>13</defense_cost></vulner_values></vulnerability><vulnerability id="278270357971070366296822165952367462689" name="CVE-2015-4022"><vulner_values><impact>6.4</impact><rate_occurance>0.64</rate_occurance><cost>3.5</cost><risk>7.5</risk><probability>0.75</probability><defense_cost>18</defense_cost></vulner_values></vulnerability></or></vulnerabilities></node><node id="103372211299360803158034624504299403428" name="AS2"><host_values><impact>6.4</impact><risk>7.5</risk><probability>0.875</probability><asset_value>11290</asset_value><rate_occurance>0.64</rate_occurance><cost>3.5</cost><defense_cost>17</defense_cost><exposure_factor>0.06</exposure_factor></host_values><vulnerabilities><or><vulnerability id="259781051046275213529091984188937487368" name="CVE-2015-4022"><vulner_values><impact>6.4</impact><rate_occurance>0.64</rate_occurance><cost>3.5</cost><risk>7.5</risk><probability>0.75</probability><defense_cost>18</defense_cost></vulner_values></vulnerability><vulnerability id="2135566027940533121373616222420773227" name="CVE-2015-5345"><vulner_values><impact>2.9</impact><rate_occurance>0.29</rate_occurance><cost>5.0</cost><risk>5.0</risk><probability>0.5</probability><defense_cost>17</defense_cost></vulner_values></vulnerability></or></vulnerabilities></node><node id="145568537047390122039280908771925184503" name="DB3"><host_values><impact>6.4</impact><risk>6.5</risk><probability>0.8005</probability><asset_value>11290</asset_value><rate_occurance>0.64</rate_occurance><cost>3.5</cost><defense_cost>18</defense_cost><exposure_factor>0.06</exposure_factor></host_values><vulnerabilities><or><vulnerability id="252585503241073939631630846864271612051" name="CVE-2012-3132"><vulner_values><impact>6.4</impact><rate_occurance>0.64</rate_occurance><cost>3.5</cost><risk>6.5</risk><probability>0.65</probability><defense_cost>20</defense_cost></vulner_values></vulnerability><vulnerability id="296611959935518464966989413627562105603" name="CVE-2015-2586"><vulner_values><impact>2.9</impact><rate_occurance>0.29</rate_occurance><cost>5.7</cost><risk>4.3</risk><probability>0.43</probability><defense_cost>18</defense_cost></vulner_values></vulnerability></or></vulnerabilities></node></nodes><edges><edge><source>0</source><target>2</target></edge><edge><source>0</source><target>1</target></edge><edge><source>1</source><target>3</target></edge><edge><source>2</source><target>3</target></edge><edge><source>3</source><target>4</target></edge></edges></harm>