<harm><nodes><node id="248277215236497975519563212330653444972" name="User18"><host_values><impact>10.0</impact><risk>9.1</risk><probability>0.6922</probability><defense_cost>5.0</defense_cost><cost>1.0</cost><threat_impact>{'E': 0.4, 'D': 0.0, 'I': 0.2, 'S': 0.3, 'R': 0.1, 'T': 0.0}</threat_impact><type>user</type><exploitability>0.579052605973</exploitability></host_values><vulnerabilities><or><vulnerability id="181163150178516345309121716328636908164" name="CVE-2015-2004"><vulner_values><impact>2</impact><cost>5.7</cost><risk>4.3</risk><probability>0.43</probability><defense_cost>5.0</defense_cost><exploitability>0.579052605973</exploitability></vulner_values></vulnerability><vulnerability id="116040116457899860735848191489489839738" name="CVE-2017-2005"><vulner_values><impact>10.0</impact><cost>1.0</cost><risk>9.1</risk><probability>0.1</probability><defense_cost>10</defense_cost><exploitability>0.579052605973</exploitability></vulner_values></vulnerability><vulnerability id="124728882641315764602232479965434254231" name="CVE-2017-2003"><vulner_values><impact>9.0</impact><cost>4.0</cost><risk>6.0</risk><probability>0.4</probability><defense_cost>10</defense_cost><exploitability>0.579052605973</exploitability></vulner_values></vulnerability></or></vulnerabilities></node><node id="73373188456822653772526814730641235210" name="AS4"><host_values><impact>10.0</impact><risk>10.0</risk><probability>1.0</probability><defense_cost>5.0</defense_cost><cost>1</cost><threat_impact>{'E': 0.3, 'D': 0.2, 'I': 0.2, 'S': 0.0, 'R': 0.0, 'T': 0.3}</threat_impact><type>app server</type><exploitability>0.579052605973</exploitability></host_values><vulnerabilities><or><vulnerability id="329683181088475937067792335001795374111" name="CVE-2015-5479"><vulner_values><impact>2</impact><cost>5.7</cost><risk>4.3</risk><probability>0.43</probability><defense_cost>5.0</defense_cost><exploitability>0.579052605973</exploitability></vulner_values></vulnerability><vulnerability id="27382378204809865589007279844135113994" name="CVE-2017-2002"><vulner_values><impact>5.0</impact><cost>3.0</cost><risk>7.0</risk><probability>0.7</probability><defense_cost>10</defense_cost><exploitability>0.579052605973</exploitability></vulner_values></vulnerability><vulnerability id="256286186922722430485996119929872027721" name="CVE-2017-2001"><vulner_values><impact>10.0</impact><cost>1</cost><risk>10.0</risk><probability>1.0</probability><defense_cost>10</defense_cost><exploitability>0.579052605973</exploitability></vulner_values></vulnerability></or></vulnerabilities></node><node id="131454003155739531218852196853879344807" name="AS5"><host_values><impact>10.0</impact><risk>10.0</risk><probability>1.0</probability><defense_cost>5.0</defense_cost><cost>1</cost><threat_impact>{'E': 0.3, 'D': 0.2, 'I': 0.2, 'S': 0.0, 'R': 0.0, 'T': 0.3}</threat_impact><type>app server</type><exploitability>0.579052605973</exploitability></host_values><vulnerabilities><or><vulnerability id="219592763872419407360237745857806269425" name="CVE-2015-5479"><vulner_values><impact>2</impact><cost>5.7</cost><risk>4.3</risk><probability>0.43</probability><defense_cost>5.0</defense_cost><exploitability>0.579052605973</exploitability></vulner_values></vulnerability><vulnerability id="131128965397333699665863982096103657217" name="CVE-2017-2002"><vulner_values><impact>5.0</impact><cost>3.0</cost><risk>7.0</risk><probability>0.7</probability><defense_cost>10</defense_cost><exploitability>0.579052605973</exploitability></vulner_values></vulnerability><vulnerability id="291024628358346485382521540749380853444" name="CVE-2017-2001"><vulner_values><impact>10.0</impact><cost>1</cost><risk>10.0</risk><probability>1.0</probability><defense_cost>10</defense_cost><exploitability>0.579052605973</exploitability></vulner_values></vulnerability></or></vulnerabilities></node><node id="244227516117895536099598872299246100728" name="AS6"><host_values><impact>10.0</impact><risk>10.0</risk><probability>1.0</probability><defense_cost>5.0</defense_cost><cost>1</cost><threat_impact>{'E': 0.3, 'D': 0.2, 'I': 0.2, 'S': 0.0, 'R': 0.0, 'T': 0.3}</threat_impact><type>app server</type><exploitability>0.579052605973</exploitability></host_values><vulnerabilities><or><vulnerability id="180808168600263731930315211497881784383" name="CVE-2015-5479"><vulner_values><impact>2</impact><cost>5.7</cost><risk>4.3</risk><probability>0.43</probability><defense_cost>5.0</defense_cost><exploitability>0.579052605973</exploitability></vulner_values></vulnerability><vulnerability id="253195412661352587895013470668773606707" name="CVE-2017-2002"><vulner_values><impact>5.0</impact><cost>3.0</cost><risk>7.0</risk><probability>0.7</probability><defense_cost>10</defense_cost><exploitability>0.579052605973</exploitability></vulner_values></vulnerability><vulnerability id="301318742043113369765736918715344534382" name="CVE-2017-2001"><vulner_values><impact>10.0</impact><cost>1</cost><risk>10.0</risk><probability>1.0</probability><defense_cost>10</defense_cost><exploitability>0.579052605973</exploitability></vulner_values></vulnerability></or></vulnerabilities></node><node id="150254755188448779918161673442166238340" name="AS7"><host_values><impact>10.0</impact><risk>10.0</risk><probability>1.0</probability><defense_cost>5.0</defense_cost><cost>1</cost><threat_impact>{'E': 0.3, 'D': 0.2, 'I': 0.2, 'S': 0.0, 'R': 0.0, 'T': 0.3}</threat_impact><type>app server</type><exploitability>0.579052605973</exploitability></host_values><vulnerabilities><or><vulnerability id="271454777075949289437797218059325063712" name="CVE-2015-5479"><vulner_values><impact>2</impact><cost>5.7</cost><risk>4.3</risk><probability>0.43</probability><defense_cost>5.0</defense_cost><exploitability>0.579052605973</exploitability></vulner_values></vulnerability><vulnerability id="132030533086951442569506356206761037945" name="CVE-2017-2002"><vulner_values><impact>5.0</impact><cost>3.0</cost><risk>7.0</risk><probability>0.7</probability><defense_cost>10</defense_cost><exploitability>0.579052605973</exploitability></vulner_values></vulnerability><vulnerability id="102180718563944690729912829517514386355" name="CVE-2017-2001"><vulner_values><impact>10.0</impact><cost>1</cost><risk>10.0</risk><probability>1.0</probability><defense_cost>10</defense_cost><exploitability>0.579052605973</exploitability></vulner_values></vulnerability></or></vulnerabilities></node><node id="77128331223440461856689487692759227596" name="AS8"><host_values><impact>10.0</impact><risk>10.0</risk><probability>1.0</probability><defense_cost>5.0</defense_cost><cost>1</cost><threat_impact>{'E': 0.3, 'D': 0.2, 'I': 0.2, 'S': 0.0, 'R': 0.0, 'T': 0.3}</threat_impact><type>app server</type><exploitability>0.579052605973</exploitability></host_values><vulnerabilities><or><vulnerability id="17472283122019837038645080190479495094" name="CVE-2015-5479"><vulner_values><impact>2</impact><cost>5.7</cost><risk>4.3</risk><probability>0.43</probability><defense_cost>5.0</defense_cost><exploitability>0.579052605973</exploitability></vulner_values></vulnerability><vulnerability id="106634645771045205130461767832318724985" name="CVE-2017-2002"><vulner_values><impact>5.0</impact><cost>3.0</cost><risk>7.0</risk><probability>0.7</probability><defense_cost>10</defense_cost><exploitability>0.579052605973</exploitability></vulner_values></vulnerability><vulnerability id="239721344727721636476358527851959069555" name="CVE-2017-2001"><vulner_values><impact>10.0</impact><cost>1</cost><risk>10.0</risk><probability>1.0</probability><defense_cost>10</defense_cost><exploitability>0.579052605973</exploitability></vulner_values></vulnerability></or></vulnerabilities></node><node id="292904304664905649770534000024522727282" name="AS9"><host_values><impact>10.0</impact><risk>10.0</risk><probability>1.0</probability><defense_cost>5.0</defense_cost><cost>1</cost><threat_impact>{'E': 0.3, 'D': 0.2, 'I': 0.2, 'S': 0.0, 'R': 0.0, 'T': 0.3}</threat_impact><type>app server</type><exploitability>0.579052605973</exploitability></host_values><vulnerabilities><or><vulnerability id="171378773972162532886338226010889843512" name="CVE-2015-5479"><vulner_values><impact>2</impact><cost>5.7</cost><risk>4.3</risk><probability>0.43</probability><defense_cost>5.0</defense_cost><exploitability>0.579052605973</exploitability></vulner_values></vulnerability><vulnerability id="199716947241295177300930949065200058035" name="CVE-2017-2002"><vulner_values><impact>5.0</impact><cost>3.0</cost><risk>7.0</risk><probability>0.7</probability><defense_cost>10</defense_cost><exploitability>0.579052605973</exploitability></vulner_values></vulnerability><vulnerability id="201184245631715620954889567561089520999" name="CVE-2017-2001"><vulner_values><impact>10.0</impact><cost>1</cost><risk>10.0</risk><probability>1.0</probability><defense_cost>10</defense_cost><exploitability>0.579052605973</exploitability></vulner_values></vulnerability></or></vulnerabilities></node><node id="177569601431593247087399049762506139257" name="AS10"><host_values><impact>10.0</impact><risk>10.0</risk><probability>1.0</probability><defense_cost>5.0</defense_cost><cost>1</cost><threat_impact>{'E': 0.3, 'D': 0.2, 'I': 0.2, 'S': 0.0, 'R': 0.0, 'T': 0.3}</threat_impact><type>app server</type><exploitability>0.579052605973</exploitability></host_values><vulnerabilities><or><vulnerability id="82710676737609481892789098344689786659" name="CVE-2015-5479"><vulner_values><impact>2</impact><cost>5.7</cost><risk>4.3</risk><probability>0.43</probability><defense_cost>5.0</defense_cost><exploitability>0.579052605973</exploitability></vulner_values></vulnerability><vulnerability id="235231389163604811424045096792677205128" name="CVE-2017-2002"><vulner_values><impact>5.0</impact><cost>3.0</cost><risk>7.0</risk><probability>0.7</probability><defense_cost>10</defense_cost><exploitability>0.579052605973</exploitability></vulner_values></vulnerability><vulnerability id="99664558691924485087871158697218693034" name="CVE-2017-2001"><vulner_values><impact>10.0</impact><cost>1</cost><risk>10.0</risk><probability>1.0</probability><defense_cost>10</defense_cost><exploitability>0.579052605973</exploitability></vulner_values></vulnerability></or></vulnerabilities></node><node id="158104103653787473867502196656645318103" name="AS11"><host_values><impact>10.0</impact><risk>10.0</risk><probability>1.0</probability><defense_cost>5.0</defense_cost><cost>1</cost><threat_impact>{'E': 0.3, 'D': 0.2, 'I': 0.2, 'S': 0.0, 'R': 0.0, 'T': 0.3}</threat_impact><type>app server</type><exploitability>0.579052605973</exploitability></host_values><vulnerabilities><or><vulnerability id="205360045605443282418292133147693595211" name="CVE-2015-5479"><vulner_values><impact>2</impact><cost>5.7</cost><risk>4.3</risk><probability>0.43</probability><defense_cost>5.0</defense_cost><exploitability>0.579052605973</exploitability></vulner_values></vulnerability><vulnerability id="228823772612792331412897232496984652424" name="CVE-2017-2002"><vulner_values><impact>5.0</impact><cost>3.0</cost><risk>7.0</risk><probability>0.7</probability><defense_cost>10</defense_cost><exploitability>0.579052605973</exploitability></vulner_values></vulnerability><vulnerability id="229765326163295911050161523330677870922" name="CVE-2017-2001"><vulner_values><impact>10.0</impact><cost>1</cost><risk>10.0</risk><probability>1.0</probability><defense_cost>10</defense_cost><exploitability>0.579052605973</exploitability></vulner_values></vulnerability></or></vulnerabilities></node><node id="255377320920393535019479067458869326929" name="AS12"><host_values><impact>10.0</impact><risk>10.0</risk><probability>1.0</probability><defense_cost>5.0</defense_cost><cost>1</cost><threat_impact>{'E': 0.3, 'D': 0.2, 'I': 0.2, 'S': 0.0, 'R': 0.0, 'T': 0.3}</threat_impact><type>app server</type><exploitability>0.579052605973</exploitability></host_values><vulnerabilities><or><vulnerability id="334713200532989060634418739948480445181" name="CVE-2015-5479"><vulner_values><impact>2</impact><cost>5.7</cost><risk>4.3</risk><probability>0.43</probability><defense_cost>5.0</defense_cost><exploitability>0.579052605973</exploitability></vulner_values></vulnerability><vulnerability id="159222937097762388302933787886783411723" name="CVE-2017-2002"><vulner_values><impact>5.0</impact><cost>3.0</cost><risk>7.0</risk><probability>0.7</probability><defense_cost>10</defense_cost><exploitability>0.579052605973</exploitability></vulner_values></vulnerability><vulnerability id="27210536782837607425678131033568591564" name="CVE-2017-2001"><vulner_values><impact>10.0</impact><cost>1</cost><risk>10.0</risk><probability>1.0</probability><defense_cost>10</defense_cost><exploitability>0.579052605973</exploitability></vulner_values></vulnerability></or></vulnerabilities></node><node id="124476683802620648370520889953092590548" name="AS13"><host_values><impact>10.0</impact><risk>10.0</risk><probability>1.0</probability><defense_cost>5.0</defense_cost><cost>1</cost><threat_impact>{'E': 0.3, 'D': 0.2, 'I': 0.2, 'S': 0.0, 'R': 0.0, 'T': 0.3}</threat_impact><type>app server</type><exploitability>0.579052605973</exploitability></host_values><vulnerabilities><or><vulnerability id="259193349840759051201364981471108362474" name="CVE-2015-5479"><vulner_values><impact>2</impact><cost>5.7</cost><risk>4.3</risk><probability>0.43</probability><defense_cost>5.0</defense_cost><exploitability>0.579052605973</exploitability></vulner_values></vulnerability><vulnerability id="73027489316583571059669106529022505441" name="CVE-2017-2002"><vulner_values><impact>5.0</impact><cost>3.0</cost><risk>7.0</risk><probability>0.7</probability><defense_cost>10</defense_cost><exploitability>0.579052605973</exploitability></vulner_values></vulnerability><vulnerability id="141133281374608286691645171828778449111" name="CVE-2017-2001"><vulner_values><impact>10.0</impact><cost>1</cost><risk>10.0</risk><probability>1.0</probability><defense_cost>10</defense_cost><exploitability>0.579052605973</exploitability></vulner_values></vulnerability></or></vulnerabilities></node><node id="10695290185745382758674498314205982112" name="User19"><host_values><impact>10.0</impact><risk>9.1</risk><probability>0.6922</probability><defense_cost>5.0</defense_cost><cost>1.0</cost><threat_impact>{'E': 0.4, 'D': 0.0, 'I': 0.2, 'S': 0.3, 'R': 0.1, 'T': 0.0}</threat_impact><type>user</type><exploitability>0.579052605973</exploitability></host_values><vulnerabilities><or><vulnerability id="141298487108557019663618748729702622725" name="CVE-2015-2004"><vulner_values><impact>2</impact><cost>5.7</cost><risk>4.3</risk><probability>0.43</probability><defense_cost>5.0</defense_cost><exploitability>0.579052605973</exploitability></vulner_values></vulnerability><vulnerability id="140006948366834493086780805197559340107" name="CVE-2017-2005"><vulner_values><impact>10.0</impact><cost>1.0</cost><risk>9.1</risk><probability>0.1</probability><defense_cost>10</defense_cost><exploitability>0.579052605973</exploitability></vulner_values></vulnerability><vulnerability id="242317325538317979617095211232734416563" name="CVE-2017-2003"><vulner_values><impact>9.0</impact><cost>4.0</cost><risk>6.0</risk><probability>0.4</probability><defense_cost>10</defense_cost><exploitability>0.579052605973</exploitability></vulner_values></vulnerability></or></vulnerabilities></node><node id="80978563139379870444819718384053433450" name="AS14"><host_values><impact>10.0</impact><risk>10.0</risk><probability>1.0</probability><defense_cost>5.0</defense_cost><cost>1</cost><threat_impact>{'E': 0.3, 'D': 0.2, 'I': 0.2, 'S': 0.0, 'R': 0.0, 'T': 0.3}</threat_impact><type>app server</type><exploitability>0.579052605973</exploitability></host_values><vulnerabilities><or><vulnerability id="41313630511100125202668987422869521842" name="CVE-2015-5479"><vulner_values><impact>2</impact><cost>5.7</cost><risk>4.3</risk><probability>0.43</probability><defense_cost>5.0</defense_cost><exploitability>0.579052605973</exploitability></vulner_values></vulnerability><vulnerability id="325909897182217885195194362378456323790" name="CVE-2017-2002"><vulner_values><impact>5.0</impact><cost>3.0</cost><risk>7.0</risk><probability>0.7</probability><defense_cost>10</defense_cost><exploitability>0.579052605973</exploitability></vulner_values></vulnerability><vulnerability id="232353584897329938542127477185429172143" name="CVE-2017-2001"><vulner_values><impact>10.0</impact><cost>1</cost><risk>10.0</risk><probability>1.0</probability><defense_cost>10</defense_cost><exploitability>0.579052605973</exploitability></vulner_values></vulnerability></or></vulnerabilities></node><node id="40089494030184904445328518738477369569" name="AS15"><host_values><impact>10.0</impact><risk>10.0</risk><probability>1.0</probability><defense_cost>5.0</defense_cost><cost>1</cost><threat_impact>{'E': 0.3, 'D': 0.2, 'I': 0.2, 'S': 0.0, 'R': 0.0, 'T': 0.3}</threat_impact><type>app server</type><exploitability>0.579052605973</exploitability></host_values><vulnerabilities><or><vulnerability id="300369222452150271778193956554633279985" name="CVE-2015-5479"><vulner_values><impact>2</impact><cost>5.7</cost><risk>4.3</risk><probability>0.43</probability><defense_cost>5.0</defense_cost><exploitability>0.579052605973</exploitability></vulner_values></vulnerability><vulnerability id="238959385802658462261936139578177280799" name="CVE-2017-2002"><vulner_values><impact>5.0</impact><cost>3.0</cost><risk>7.0</risk><probability>0.7</probability><defense_cost>10</defense_cost><exploitability>0.579052605973</exploitability></vulner_values></vulnerability><vulnerability id="327757491457406553885934258819497313214" name="CVE-2017-2001"><vulner_values><impact>10.0</impact><cost>1</cost><risk>10.0</risk><probability>1.0</probability><defense_cost>10</defense_cost><exploitability>0.579052605973</exploitability></vulner_values></vulnerability></or></vulnerabilities></node><node id="29659417846894353665401488102352102522" name="AS16"><host_values><impact>10.0</impact><risk>10.0</risk><probability>1.0</probability><defense_cost>5.0</defense_cost><cost>1</cost><threat_impact>{'E': 0.3, 'D': 0.2, 'I': 0.2, 'S': 0.0, 'R': 0.0, 'T': 0.3}</threat_impact><type>app server</type><exploitability>0.579052605973</exploitability></host_values><vulnerabilities><or><vulnerability id="84032558884003354584428419783841125846" name="CVE-2015-5479"><vulner_values><impact>2</impact><cost>5.7</cost><risk>4.3</risk><probability>0.43</probability><defense_cost>5.0</defense_cost><exploitability>0.579052605973</exploitability></vulner_values></vulnerability><vulnerability id="136034333658853370149833409092856032314" name="CVE-2017-2002"><vulner_values><impact>5.0</impact><cost>3.0</cost><risk>7.0</risk><probability>0.7</probability><defense_cost>10</defense_cost><exploitability>0.579052605973</exploitability></vulner_values></vulnerability><vulnerability id="262815814437045642346199224012704824859" name="CVE-2017-2001"><vulner_values><impact>10.0</impact><cost>1</cost><risk>10.0</risk><probability>1.0</probability><defense_cost>10</defense_cost><exploitability>0.579052605973</exploitability></vulner_values></vulnerability></or></vulnerabilities></node><node id="112248104609184167908861436039727863846" name="DB0"><host_values><impact>5.9</impact><risk>8.5</risk><probability>0.920395</probability><defense_cost>10</defense_cost><cost>2.5</cost><threat_impact>{'E': 0.0, 'D': 0.3, 'I': 0.3, 'S': 0.0, 'R': 0.0, 'T': 0.4}</threat_impact><type>database</type><exploitability>0.579052605973</exploitability></host_values><vulnerabilities><or><vulnerability id="133413308125311857080509111440316413978" name="CVE-2017-10810"><vulner_values><impact>3.6</impact><cost>2.5</cost><risk>7.5</risk><probability>0.39</probability><defense_cost>15</defense_cost><exploitability>0.43</exploitability></vulner_values></vulnerability><vulnerability id="235573091165540840439979812720024111070" name="CVE-2017-1297"><vulner_values><impact>5.9</impact><cost>2.8</cost><risk>7.3</risk><probability>0.13</probability><defense_cost>15</defense_cost><exploitability>0.43</exploitability></vulner_values></vulnerability><vulnerability id="92678840702914485629899042985627788508" name="CVE-2017-2006"><vulner_values><impact>5.0</impact><cost>2.5</cost><risk>8.5</risk><probability>0.85</probability><defense_cost>10</defense_cost><exploitability>0.579052605973</exploitability></vulner_values></vulnerability></or></vulnerabilities></node><node id="300242229049337292098198865078972632679" name="AS17"><host_values><impact>10.0</impact><risk>10.0</risk><probability>1.0</probability><defense_cost>5.0</defense_cost><cost>1</cost><threat_impact>{'E': 0.3, 'D': 0.2, 'I': 0.2, 'S': 0.0, 'R': 0.0, 'T': 0.3}</threat_impact><type>app server</type><exploitability>0.579052605973</exploitability></host_values><vulnerabilities><or><vulnerability id="32520035770724558199912577304398420333" name="CVE-2015-5479"><vulner_values><impact>2</impact><cost>5.7</cost><risk>4.3</risk><probability>0.43</probability><defense_cost>5.0</defense_cost><exploitability>0.579052605973</exploitability></vulner_values></vulnerability><vulnerability id="150478229450619273149390572189543109974" name="CVE-2017-2002"><vulner_values><impact>5.0</impact><cost>3.0</cost><risk>7.0</risk><probability>0.7</probability><defense_cost>10</defense_cost><exploitability>0.579052605973</exploitability></vulner_values></vulnerability><vulnerability id="264903555668877674497119704887574116190" name="CVE-2017-2001"><vulner_values><impact>10.0</impact><cost>1</cost><risk>10.0</risk><probability>1.0</probability><defense_cost>10</defense_cost><exploitability>0.579052605973</exploitability></vulner_values></vulnerability></or></vulnerabilities></node><node id="305490773976986587111095266054051136489" name="AS18"><host_values><impact>10.0</impact><risk>10.0</risk><probability>1.0</probability><defense_cost>5.0</defense_cost><cost>1</cost><threat_impact>{'E': 0.3, 'D': 0.2, 'I': 0.2, 'S': 0.0, 'R': 0.0, 'T': 0.3}</threat_impact><type>app server</type><exploitability>0.579052605973</exploitability></host_values><vulnerabilities><or><vulnerability id="27228728079683342615061940014626688973" name="CVE-2015-5479"><vulner_values><impact>2</impact><cost>5.7</cost><risk>4.3</risk><probability>0.43</probability><defense_cost>5.0</defense_cost><exploitability>0.579052605973</exploitability></vulner_values></vulnerability><vulnerability id="258467385161171633466628485724567268328" name="CVE-2017-2002"><vulner_values><impact>5.0</impact><cost>3.0</cost><risk>7.0</risk><probability>0.7</probability><defense_cost>10</defense_cost><exploitability>0.579052605973</exploitability></vulner_values></vulnerability><vulnerability id="284295823451481954581173143855689866671" name="CVE-2017-2001"><vulner_values><impact>10.0</impact><cost>1</cost><risk>10.0</risk><probability>1.0</probability><defense_cost>10</defense_cost><exploitability>0.579052605973</exploitability></vulner_values></vulnerability></or></vulnerabilities></node><node id="29308049951873289208078801966200351639" name="AS19"><host_values><impact>10.0</impact><risk>10.0</risk><probability>1.0</probability><defense_cost>5.0</defense_cost><cost>1</cost><threat_impact>{'E': 0.3, 'D': 0.2, 'I': 0.2, 'S': 0.0, 'R': 0.0, 'T': 0.3}</threat_impact><type>app server</type><exploitability>0.579052605973</exploitability></host_values><vulnerabilities><or><vulnerability id="247487050642790088291203481729970113941" name="CVE-2015-5479"><vulner_values><impact>2</impact><cost>5.7</cost><risk>4.3</risk><probability>0.43</probability><defense_cost>5.0</defense_cost><exploitability>0.579052605973</exploitability></vulner_values></vulnerability><vulnerability id="288398648341819281394941726548486999694" name="CVE-2017-2002"><vulner_values><impact>5.0</impact><cost>3.0</cost><risk>7.0</risk><probability>0.7</probability><defense_cost>10</defense_cost><exploitability>0.579052605973</exploitability></vulner_values></vulnerability><vulnerability id="329401265965418060628159320921755767043" name="CVE-2017-2001"><vulner_values><impact>10.0</impact><cost>1</cost><risk>10.0</risk><probability>1.0</probability><defense_cost>10</defense_cost><exploitability>0.579052605973</exploitability></vulner_values></vulnerability></or></vulnerabilities></node><node id="186452359126871020922214827602750475444" name="User17"><host_values><impact>10.0</impact><risk>9.1</risk><probability>0.6922</probability><defense_cost>5.0</defense_cost><cost>1.0</cost><threat_impact>{'E': 0.4, 'D': 0.0, 'I': 0.2, 'S': 0.3, 'R': 0.1, 'T': 0.0}</threat_impact><type>user</type><exploitability>0.579052605973</exploitability></host_values><vulnerabilities><or><vulnerability id="249434380770958129768523915425450459750" name="CVE-2015-2004"><vulner_values><impact>2</impact><cost>5.7</cost><risk>4.3</risk><probability>0.43</probability><defense_cost>5.0</defense_cost><exploitability>0.579052605973</exploitability></vulner_values></vulnerability><vulnerability id="59483893826037890385049799699022332975" name="CVE-2017-2005"><vulner_values><impact>10.0</impact><cost>1.0</cost><risk>9.1</risk><probability>0.1</probability><defense_cost>10</defense_cost><exploitability>0.579052605973</exploitability></vulner_values></vulnerability><vulnerability id="171298521478603556789480897903938830882" name="CVE-2017-2003"><vulner_values><impact>9.0</impact><cost>4.0</cost><risk>6.0</risk><probability>0.4</probability><defense_cost>10</defense_cost><exploitability>0.579052605973</exploitability></vulner_values></vulnerability></or></vulnerabilities></node><node id="33367160080424244698917456784385745840" name="User0"><host_values><impact>10.0</impact><risk>9.1</risk><probability>0.6922</probability><defense_cost>5.0</defense_cost><cost>1.0</cost><threat_impact>{'E': 0.4, 'D': 0.0, 'I': 0.2, 'S': 0.3, 'R': 0.1, 'T': 0.0}</threat_impact><type>user</type><exploitability>0.579052605973</exploitability></host_values><vulnerabilities><or><vulnerability id="39957277069574008178497908487256758278" name="CVE-2015-2004"><vulner_values><impact>2</impact><cost>5.7</cost><risk>4.3</risk><probability>0.43</probability><defense_cost>5.0</defense_cost><exploitability>0.579052605973</exploitability></vulner_values></vulnerability><vulnerability id="214833851510077750822658886422415003681" name="CVE-2017-2005"><vulner_values><impact>10.0</impact><cost>1.0</cost><risk>9.1</risk><probability>0.1</probability><defense_cost>10</defense_cost><exploitability>0.579052605973</exploitability></vulner_values></vulnerability><vulnerability id="336082079125669356052051940197661795875" name="CVE-2017-2003"><vulner_values><impact>9.0</impact><cost>4.0</cost><risk>6.0</risk><probability>0.4</probability><defense_cost>10</defense_cost><exploitability>0.579052605973</exploitability></vulner_values></vulnerability></or></vulnerabilities></node><node id="189363327514737637960869636853609498115" name="User1"><host_values><impact>10.0</impact><risk>9.1</risk><probability>0.6922</probability><defense_cost>5.0</defense_cost><cost>1.0</cost><threat_impact>{'E': 0.4, 'D': 0.0, 'I': 0.2, 'S': 0.3, 'R': 0.1, 'T': 0.0}</threat_impact><type>user</type><exploitability>0.579052605973</exploitability></host_values><vulnerabilities><or><vulnerability id="240135921055379441939019566788265929902" name="CVE-2015-2004"><vulner_values><impact>2</impact><cost>5.7</cost><risk>4.3</risk><probability>0.43</probability><defense_cost>5.0</defense_cost><exploitability>0.579052605973</exploitability></vulner_values></vulnerability><vulnerability id="290790664202880247165058561095895391505" name="CVE-2017-2005"><vulner_values><impact>10.0</impact><cost>1.0</cost><risk>9.1</risk><probability>0.1</probability><defense_cost>10</defense_cost><exploitability>0.579052605973</exploitability></vulner_values></vulnerability><vulnerability id="17311903538034467565985006728456891798" name="CVE-2017-2003"><vulner_values><impact>9.0</impact><cost>4.0</cost><risk>6.0</risk><probability>0.4</probability><defense_cost>10</defense_cost><exploitability>0.579052605973</exploitability></vulner_values></vulnerability></or></vulnerabilities></node><node id="175744345490021931027263986871090762614" name="User15"><host_values><impact>10.0</impact><risk>9.1</risk><probability>0.6922</probability><defense_cost>5.0</defense_cost><cost>1.0</cost><threat_impact>{'E': 0.4, 'D': 0.0, 'I': 0.2, 'S': 0.3, 'R': 0.1, 'T': 0.0}</threat_impact><type>user</type><exploitability>0.579052605973</exploitability></host_values><vulnerabilities><or><vulnerability id="258158507711142427244934711473753767399" name="CVE-2015-2004"><vulner_values><impact>2</impact><cost>5.7</cost><risk>4.3</risk><probability>0.43</probability><defense_cost>5.0</defense_cost><exploitability>0.579052605973</exploitability></vulner_values></vulnerability><vulnerability id="268099889033399689436676581612672483778" name="CVE-2017-2005"><vulner_values><impact>10.0</impact><cost>1.0</cost><risk>9.1</risk><probability>0.1</probability><defense_cost>10</defense_cost><exploitability>0.579052605973</exploitability></vulner_values></vulnerability><vulnerability id="147116310612215991332966868131507258110" name="CVE-2017-2003"><vulner_values><impact>9.0</impact><cost>4.0</cost><risk>6.0</risk><probability>0.4</probability><defense_cost>10</defense_cost><exploitability>0.579052605973</exploitability></vulner_values></vulnerability></or></vulnerabilities></node><node id="260216618134555959186214700870711090905" name="User2"><host_values><impact>10.0</impact><risk>9.1</risk><probability>0.6922</probability><defense_cost>5.0</defense_cost><cost>1.0</cost><threat_impact>{'E': 0.4, 'D': 0.0, 'I': 0.2, 'S': 0.3, 'R': 0.1, 'T': 0.0}</threat_impact><type>user</type><exploitability>0.579052605973</exploitability></host_values><vulnerabilities><or><vulnerability id="313810329510874045800473175862271195605" name="CVE-2015-2004"><vulner_values><impact>2</impact><cost>5.7</cost><risk>4.3</risk><probability>0.43</probability><defense_cost>5.0</defense_cost><exploitability>0.579052605973</exploitability></vulner_values></vulnerability><vulnerability id="244773415989812637989721805028162530722" name="CVE-2017-2005"><vulner_values><impact>10.0</impact><cost>1.0</cost><risk>9.1</risk><probability>0.1</probability><defense_cost>10</defense_cost><exploitability>0.579052605973</exploitability></vulner_values></vulnerability><vulnerability id="172999922952706382179870905059855853191" name="CVE-2017-2003"><vulner_values><impact>9.0</impact><cost>4.0</cost><risk>6.0</risk><probability>0.4</probability><defense_cost>10</defense_cost><exploitability>0.579052605973</exploitability></vulner_values></vulnerability></or></vulnerabilities></node><node id="93286551799234200152235479147326646712" name="User3"><host_values><impact>10.0</impact><risk>9.1</risk><probability>0.6922</probability><defense_cost>5.0</defense_cost><cost>1.0</cost><threat_impact>{'E': 0.4, 'D': 0.0, 'I': 0.2, 'S': 0.3, 'R': 0.1, 'T': 0.0}</threat_impact><type>user</type><exploitability>0.579052605973</exploitability></host_values><vulnerabilities><or><vulnerability id="294894715465022682826552110267800376982" name="CVE-2015-2004"><vulner_values><impact>2</impact><cost>5.7</cost><risk>4.3</risk><probability>0.43</probability><defense_cost>5.0</defense_cost><exploitability>0.579052605973</exploitability></vulner_values></vulnerability><vulnerability id="245585588114736522676855702753076654148" name="CVE-2017-2005"><vulner_values><impact>10.0</impact><cost>1.0</cost><risk>9.1</risk><probability>0.1</probability><defense_cost>10</defense_cost><exploitability>0.579052605973</exploitability></vulner_values></vulnerability><vulnerability id="69835708940089583135080975718919332659" name="CVE-2017-2003"><vulner_values><impact>9.0</impact><cost>4.0</cost><risk>6.0</risk><probability>0.4</probability><defense_cost>10</defense_cost><exploitability>0.579052605973</exploitability></vulner_values></vulnerability></or></vulnerabilities></node><node id="301038417486178554138576704026551729976" name="User4"><host_values><impact>10.0</impact><risk>9.1</risk><probability>0.6922</probability><defense_cost>5.0</defense_cost><cost>1.0</cost><threat_impact>{'E': 0.4, 'D': 0.0, 'I': 0.2, 'S': 0.3, 'R': 0.1, 'T': 0.0}</threat_impact><type>user</type><exploitability>0.579052605973</exploitability></host_values><vulnerabilities><or><vulnerability id="123290306003126351639410462068938448811" name="CVE-2015-2004"><vulner_values><impact>2</impact><cost>5.7</cost><risk>4.3</risk><probability>0.43</probability><defense_cost>5.0</defense_cost><exploitability>0.579052605973</exploitability></vulner_values></vulnerability><vulnerability id="144587274493425247192345762055125090208" name="CVE-2017-2005"><vulner_values><impact>10.0</impact><cost>1.0</cost><risk>9.1</risk><probability>0.1</probability><defense_cost>10</defense_cost><exploitability>0.579052605973</exploitability></vulner_values></vulnerability><vulnerability id="120129037985438913191546417092015024374" name="CVE-2017-2003"><vulner_values><impact>9.0</impact><cost>4.0</cost><risk>6.0</risk><probability>0.4</probability><defense_cost>10</defense_cost><exploitability>0.579052605973</exploitability></vulner_values></vulnerability></or></vulnerabilities></node><node id="90799433953515648115748220191580406974" name="User5"><host_values><impact>10.0</impact><risk>9.1</risk><probability>0.6922</probability><defense_cost>5.0</defense_cost><cost>1.0</cost><threat_impact>{'E': 0.4, 'D': 0.0, 'I': 0.2, 'S': 0.3, 'R': 0.1, 'T': 0.0}</threat_impact><type>user</type><exploitability>0.579052605973</exploitability></host_values><vulnerabilities><or><vulnerability id="109782040850132686071291762733282115044" name="CVE-2015-2004"><vulner_values><impact>2</impact><cost>5.7</cost><risk>4.3</risk><probability>0.43</probability><defense_cost>5.0</defense_cost><exploitability>0.579052605973</exploitability></vulner_values></vulnerability><vulnerability id="155510479448458945391241577321670727807" name="CVE-2017-2005"><vulner_values><impact>10.0</impact><cost>1.0</cost><risk>9.1</risk><probability>0.1</probability><defense_cost>10</defense_cost><exploitability>0.579052605973</exploitability></vulner_values></vulnerability><vulnerability id="332283880106322042443980803347461144299" name="CVE-2017-2003"><vulner_values><impact>9.0</impact><cost>4.0</cost><risk>6.0</risk><probability>0.4</probability><defense_cost>10</defense_cost><exploitability>0.579052605973</exploitability></vulner_values></vulnerability></or></vulnerabilities></node><node id="216825973284227003019633434275779238055" name="DB3"><host_values><impact>5.9</impact><risk>8.5</risk><probability>0.920395</probability><defense_cost>10</defense_cost><cost>2.5</cost><threat_impact>{'E': 0.0, 'D': 0.3, 'I': 0.3, 'S': 0.0, 'R': 0.0, 'T': 0.4}</threat_impact><type>database</type><exploitability>0.579052605973</exploitability></host_values><vulnerabilities><or><vulnerability id="119392589979431055826770432999855613985" name="CVE-2017-10810"><vulner_values><impact>3.6</impact><cost>2.5</cost><risk>7.5</risk><probability>0.39</probability><defense_cost>15</defense_cost><exploitability>0.43</exploitability></vulner_values></vulnerability><vulnerability id="131848412336737031060541836038913911557" name="CVE-2017-1297"><vulner_values><impact>5.9</impact><cost>2.8</cost><risk>7.3</risk><probability>0.13</probability><defense_cost>15</defense_cost><exploitability>0.43</exploitability></vulner_values></vulnerability><vulnerability id="42224503432593704589740417412000131078" name="CVE-2017-2006"><vulner_values><impact>5.0</impact><cost>2.5</cost><risk>8.5</risk><probability>0.85</probability><defense_cost>10</defense_cost><exploitability>0.579052605973</exploitability></vulner_values></vulnerability></or></vulnerabilities></node><node id="194285842528782376095654915701879718432" name="User6"><host_values><impact>10.0</impact><risk>9.1</risk><probability>0.6922</probability><defense_cost>5.0</defense_cost><cost>1.0</cost><threat_impact>{'E': 0.4, 'D': 0.0, 'I': 0.2, 'S': 0.3, 'R': 0.1, 'T': 0.0}</threat_impact><type>user</type><exploitability>0.579052605973</exploitability></host_values><vulnerabilities><or><vulnerability id="115434187123874417887671187682296235775" name="CVE-2015-2004"><vulner_values><impact>2</impact><cost>5.7</cost><risk>4.3</risk><probability>0.43</probability><defense_cost>5.0</defense_cost><exploitability>0.579052605973</exploitability></vulner_values></vulnerability><vulnerability id="339655500700847381578497364513148982562" name="CVE-2017-2005"><vulner_values><impact>10.0</impact><cost>1.0</cost><risk>9.1</risk><probability>0.1</probability><defense_cost>10</defense_cost><exploitability>0.579052605973</exploitability></vulner_values></vulnerability><vulnerability id="292400371628838140051463602787616075270" name="CVE-2017-2003"><vulner_values><impact>9.0</impact><cost>4.0</cost><risk>6.0</risk><probability>0.4</probability><defense_cost>10</defense_cost><exploitability>0.579052605973</exploitability></vulner_values></vulnerability></or></vulnerabilities></node><node id="18578212587006367023207184827148083920" name="User7"><host_values><impact>10.0</impact><risk>9.1</risk><probability>0.6922</probability><defense_cost>5.0</defense_cost><cost>1.0</cost><threat_impact>{'E': 0.4, 'D': 0.0, 'I': 0.2, 'S': 0.3, 'R': 0.1, 'T': 0.0}</threat_impact><type>user</type><exploitability>0.579052605973</exploitability></host_values><vulnerabilities><or><vulnerability id="292393126981997932716636765183037652215" name="CVE-2015-2004"><vulner_values><impact>2</impact><cost>5.7</cost><risk>4.3</risk><probability>0.43</probability><defense_cost>5.0</defense_cost><exploitability>0.579052605973</exploitability></vulner_values></vulnerability><vulnerability id="252063611121951829296758167740495548290" name="CVE-2017-2005"><vulner_values><impact>10.0</impact><cost>1.0</cost><risk>9.1</risk><probability>0.1</probability><defense_cost>10</defense_cost><exploitability>0.579052605973</exploitability></vulner_values></vulnerability><vulnerability id="308433957704379527556433395823481434539" name="CVE-2017-2003"><vulner_values><impact>9.0</impact><cost>4.0</cost><risk>6.0</risk><probability>0.4</probability><defense_cost>10</defense_cost><exploitability>0.579052605973</exploitability></vulner_values></vulnerability></or></vulnerabilities></node><node id="128038167891075532083232404010788067023" name="User16"><host_values><impact>10.0</impact><risk>9.1</risk><probability>0.6922</probability><defense_cost>5.0</defense_cost><cost>1.0</cost><threat_impact>{'E': 0.4, 'D': 0.0, 'I': 0.2, 'S': 0.3, 'R': 0.1, 'T': 0.0}</threat_impact><type>user</type><exploitability>0.579052605973</exploitability></host_values><vulnerabilities><or><vulnerability id="228692937372955215361050301051551341786" name="CVE-2015-2004"><vulner_values><impact>2</impact><cost>5.7</cost><risk>4.3</risk><probability>0.43</probability><defense_cost>5.0</defense_cost><exploitability>0.579052605973</exploitability></vulner_values></vulnerability><vulnerability id="307960497450040100751704168213175218148" name="CVE-2017-2005"><vulner_values><impact>10.0</impact><cost>1.0</cost><risk>9.1</risk><probability>0.1</probability><defense_cost>10</defense_cost><exploitability>0.579052605973</exploitability></vulner_values></vulnerability><vulnerability id="249446281875076845516836254582113500006" name="CVE-2017-2003"><vulner_values><impact>9.0</impact><cost>4.0</cost><risk>6.0</risk><probability>0.4</probability><defense_cost>10</defense_cost><exploitability>0.579052605973</exploitability></vulner_values></vulnerability></or></vulnerabilities></node><node id="133290166944684303316848743425363252814" name="User8"><host_values><impact>10.0</impact><risk>9.1</risk><probability>0.6922</probability><defense_cost>5.0</defense_cost><cost>1.0</cost><threat_impact>{'E': 0.4, 'D': 0.0, 'I': 0.2, 'S': 0.3, 'R': 0.1, 'T': 0.0}</threat_impact><type>user</type><exploitability>0.579052605973</exploitability></host_values><vulnerabilities><or><vulnerability id="212376973664906115995287305166176534908" name="CVE-2015-2004"><vulner_values><impact>2</impact><cost>5.7</cost><risk>4.3</risk><probability>0.43</probability><defense_cost>5.0</defense_cost><exploitability>0.579052605973</exploitability></vulner_values></vulnerability><vulnerability id="320417469265180964671226840049505780318" name="CVE-2017-2005"><vulner_values><impact>10.0</impact><cost>1.0</cost><risk>9.1</risk><probability>0.1</probability><defense_cost>10</defense_cost><exploitability>0.579052605973</exploitability></vulner_values></vulnerability><vulnerability id="219573318899896029552284068049842962279" name="CVE-2017-2003"><vulner_values><impact>9.0</impact><cost>4.0</cost><risk>6.0</risk><probability>0.4</probability><defense_cost>10</defense_cost><exploitability>0.579052605973</exploitability></vulner_values></vulnerability></or></vulnerabilities></node><node id="85957849343414294616873039826944545236" name="User9"><host_values><impact>10.0</impact><risk>9.1</risk><probability>0.6922</probability><defense_cost>5.0</defense_cost><cost>1.0</cost><threat_impact>{'E': 0.4, 'D': 0.0, 'I': 0.2, 'S': 0.3, 'R': 0.1, 'T': 0.0}</threat_impact><type>user</type><exploitability>0.579052605973</exploitability></host_values><vulnerabilities><or><vulnerability id="173547916778691959718774269145210314626" name="CVE-2015-2004"><vulner_values><impact>2</impact><cost>5.7</cost><risk>4.3</risk><probability>0.43</probability><defense_cost>5.0</defense_cost><exploitability>0.579052605973</exploitability></vulner_values></vulnerability><vulnerability id="221362264950660892826180389324324068892" name="CVE-2017-2005"><vulner_values><impact>10.0</impact><cost>1.0</cost><risk>9.1</risk><probability>0.1</probability><defense_cost>10</defense_cost><exploitability>0.579052605973</exploitability></vulner_values></vulnerability><vulnerability id="244400776551498623378459899147338487785" name="CVE-2017-2003"><vulner_values><impact>9.0</impact><cost>4.0</cost><risk>6.0</risk><probability>0.4</probability><defense_cost>10</defense_cost><exploitability>0.579052605973</exploitability></vulner_values></vulnerability></or></vulnerabilities></node><node id="29145657394009262395298075553947536204" name="User10"><host_values><impact>10.0</impact><risk>9.1</risk><probability>0.6922</probability><defense_cost>5.0</defense_cost><cost>1.0</cost><threat_impact>{'E': 0.4, 'D': 0.0, 'I': 0.2, 'S': 0.3, 'R': 0.1, 'T': 0.0}</threat_impact><type>user</type><exploitability>0.579052605973</exploitability></host_values><vulnerabilities><or><vulnerability id="256316356223478832060431002432045866993" name="CVE-2015-2004"><vulner_values><impact>2</impact><cost>5.7</cost><risk>4.3</risk><probability>0.43</probability><defense_cost>5.0</defense_cost><exploitability>0.579052605973</exploitability></vulner_values></vulnerability><vulnerability id="58276924750533823524055844243529869911" name="CVE-2017-2005"><vulner_values><impact>10.0</impact><cost>1.0</cost><risk>9.1</risk><probability>0.1</probability><defense_cost>10</defense_cost><exploitability>0.579052605973</exploitability></vulner_values></vulnerability><vulnerability id="31019238486412651484140441950229391910" name="CVE-2017-2003"><vulner_values><impact>9.0</impact><cost>4.0</cost><risk>6.0</risk><probability>0.4</probability><defense_cost>10</defense_cost><exploitability>0.579052605973</exploitability></vulner_values></vulnerability></or></vulnerabilities></node><node id="287272261566860538785463357313765144581" name="User11"><host_values><impact>10.0</impact><risk>9.1</risk><probability>0.6922</probability><defense_cost>5.0</defense_cost><cost>1.0</cost><threat_impact>{'E': 0.4, 'D': 0.0, 'I': 0.2, 'S': 0.3, 'R': 0.1, 'T': 0.0}</threat_impact><type>user</type><exploitability>0.579052605973</exploitability></host_values><vulnerabilities><or><vulnerability id="240081934932163637576280734636614536214" name="CVE-2015-2004"><vulner_values><impact>2</impact><cost>5.7</cost><risk>4.3</risk><probability>0.43</probability><defense_cost>5.0</defense_cost><exploitability>0.579052605973</exploitability></vulner_values></vulnerability><vulnerability id="163118943707675999171668516937326762727" name="CVE-2017-2005"><vulner_values><impact>10.0</impact><cost>1.0</cost><risk>9.1</risk><probability>0.1</probability><defense_cost>10</defense_cost><exploitability>0.579052605973</exploitability></vulner_values></vulnerability><vulnerability id="49641123797858498794538638284331331254" name="CVE-2017-2003"><vulner_values><impact>9.0</impact><cost>4.0</cost><risk>6.0</risk><probability>0.4</probability><defense_cost>10</defense_cost><exploitability>0.579052605973</exploitability></vulner_values></vulnerability></or></vulnerabilities></node><node id="134565156179815088586584265297042790672" name="User12"><host_values><impact>10.0</impact><risk>9.1</risk><probability>0.6922</probability><defense_cost>5.0</defense_cost><cost>1.0</cost><threat_impact>{'E': 0.4, 'D': 0.0, 'I': 0.2, 'S': 0.3, 'R': 0.1, 'T': 0.0}</threat_impact><type>user</type><exploitability>0.579052605973</exploitability></host_values><vulnerabilities><or><vulnerability id="300494993181316538449337244629304557316" name="CVE-2015-2004"><vulner_values><impact>2</impact><cost>5.7</cost><risk>4.3</risk><probability>0.43</probability><defense_cost>5.0</defense_cost><exploitability>0.579052605973</exploitability></vulner_values></vulnerability><vulnerability id="184923728403397796293620535740118573836" name="CVE-2017-2005"><vulner_values><impact>10.0</impact><cost>1.0</cost><risk>9.1</risk><probability>0.1</probability><defense_cost>10</defense_cost><exploitability>0.579052605973</exploitability></vulner_values></vulnerability><vulnerability id="123998459333896583407068060237215467882" name="CVE-2017-2003"><vulner_values><impact>9.0</impact><cost>4.0</cost><risk>6.0</risk><probability>0.4</probability><defense_cost>10</defense_cost><exploitability>0.579052605973</exploitability></vulner_values></vulnerability></or></vulnerabilities></node><node id="55742897541442754194267063786865456953" name="Attacker"/><node id="199976884152374825621768601199084389281" name="User13"><host_values><impact>10.0</impact><risk>9.1</risk><probability>0.6922</probability><defense_cost>5.0</defense_cost><cost>1.0</cost><threat_impact>{'E': 0.4, 'D': 0.0, 'I': 0.2, 'S': 0.3, 'R': 0.1, 'T': 0.0}</threat_impact><type>user</type><exploitability>0.579052605973</exploitability></host_values><vulnerabilities><or><vulnerability id="148034632604515191874096310147511614537" name="CVE-2015-2004"><vulner_values><impact>2</impact><cost>5.7</cost><risk>4.3</risk><probability>0.43</probability><defense_cost>5.0</defense_cost><exploitability>0.579052605973</exploitability></vulner_values></vulnerability><vulnerability id="127987508796571809241156893988849521645" name="CVE-2017-2005"><vulner_values><impact>10.0</impact><cost>1.0</cost><risk>9.1</risk><probability>0.1</probability><defense_cost>10</defense_cost><exploitability>0.579052605973</exploitability></vulner_values></vulnerability><vulnerability id="148772108879132154287732882170806776128" name="CVE-2017-2003"><vulner_values><impact>9.0</impact><cost>4.0</cost><risk>6.0</risk><probability>0.4</probability><defense_cost>10</defense_cost><exploitability>0.579052605973</exploitability></vulner_values></vulnerability></or></vulnerabilities></node><node id="96130097633206705686235364359417690086" name="WS0"><host_values><impact>9.0</impact><risk>9.3</risk><probability>0.965</probability><defense_cost>10</defense_cost><cost>0.7</cost><threat_impact>{'E': 0.4, 'D': 0.2, 'I': 0.2, 'S': 0.2, 'R': 0.0, 'T': 0.0}</threat_impact><type>web server</type><exploitability>0.579052605973</exploitability></host_values><vulnerabilities><or><vulnerability id="242744370860969756486372943905033365162" name="CVE-2017-8464"><vulner_values><impact>9.0</impact><cost>0.7</cost><risk>9.3</risk><probability>0.93</probability><defense_cost>10</defense_cost><exploitability>0.579052605973</exploitability></vulner_values></vulnerability><vulnerability id="73706519905414007125819876755220529769" name="CVE-2017-9953"><vulner_values><impact>5.0</impact><cost>5.0</cost><risk>5.0</risk><probability>0.5</probability><defense_cost>10</defense_cost><exploitability>0.579052605973</exploitability></vulner_values></vulnerability><vulnerability id="321832943654069512726647800153441283827" name="CVE-2017-8589"><vulner_values><impact>10.0</impact><cost>0.1</cost><risk>10.0</risk><probability>1.0</probability><defense_cost>10</defense_cost><exploitability>0.579052605973</exploitability></vulner_values></vulnerability></or></vulnerabilities></node><node id="284079923095956487527353749076425723835" name="User14"><host_values><impact>10.0</impact><risk>9.1</risk><probability>0.6922</probability><defense_cost>5.0</defense_cost><cost>1.0</cost><threat_impact>{'E': 0.4, 'D': 0.0, 'I': 0.2, 'S': 0.3, 'R': 0.1, 'T': 0.0}</threat_impact><type>user</type><exploitability>0.579052605973</exploitability></host_values><vulnerabilities><or><vulnerability id="217342579341113501239467686079320925904" name="CVE-2015-2004"><vulner_values><impact>2</impact><cost>5.7</cost><risk>4.3</risk><probability>0.43</probability><defense_cost>5.0</defense_cost><exploitability>0.579052605973</exploitability></vulner_values></vulnerability><vulnerability id="292076474744162496049031527851688206735" name="CVE-2017-2005"><vulner_values><impact>10.0</impact><cost>1.0</cost><risk>9.1</risk><probability>0.1</probability><defense_cost>10</defense_cost><exploitability>0.579052605973</exploitability></vulner_values></vulnerability><vulnerability id="186154392615287430919784241311059519725" name="CVE-2017-2003"><vulner_values><impact>9.0</impact><cost>4.0</cost><risk>6.0</risk><probability>0.4</probability><defense_cost>10</defense_cost><exploitability>0.579052605973</exploitability></vulner_values></vulnerability></or></vulnerabilities></node><node id="285041542598177365063931848922327562800" name="WS2"><host_values><impact>9.0</impact><risk>9.3</risk><probability>0.965</probability><defense_cost>10</defense_cost><cost>0.7</cost><threat_impact>{'E': 0.4, 'D': 0.2, 'I': 0.2, 'S': 0.2, 'R': 0.0, 'T': 0.0}</threat_impact><type>web server</type><exploitability>0.579052605973</exploitability></host_values><vulnerabilities><or><vulnerability id="293220063291876921628506140971116271688" name="CVE-2017-8464"><vulner_values><impact>9.0</impact><cost>0.7</cost><risk>9.3</risk><probability>0.93</probability><defense_cost>10</defense_cost><exploitability>0.579052605973</exploitability></vulner_values></vulnerability><vulnerability id="230712951715220626835049622229990527170" name="CVE-2017-9953"><vulner_values><impact>5.0</impact><cost>5.0</cost><risk>5.0</risk><probability>0.5</probability><defense_cost>10</defense_cost><exploitability>0.579052605973</exploitability></vulner_values></vulnerability><vulnerability id="9073985457141116832872464874982012274" name="CVE-2017-8589"><vulner_values><impact>10.0</impact><cost>0.1</cost><risk>10.0</risk><probability>1.0</probability><defense_cost>10</defense_cost><exploitability>0.579052605973</exploitability></vulner_values></vulnerability></or></vulnerabilities></node><node id="281709975981675783315081925933338621529" name="WS3"><host_values><impact>9.0</impact><risk>9.3</risk><probability>0.965</probability><defense_cost>10</defense_cost><cost>0.7</cost><threat_impact>{'E': 0.4, 'D': 0.2, 'I': 0.2, 'S': 0.2, 'R': 0.0, 'T': 0.0}</threat_impact><type>web server</type><exploitability>0.579052605973</exploitability></host_values><vulnerabilities><or><vulnerability id="122363409688635129765317109524884278630" name="CVE-2017-8464"><vulner_values><impact>9.0</impact><cost>0.7</cost><risk>9.3</risk><probability>0.93</probability><defense_cost>10</defense_cost><exploitability>0.579052605973</exploitability></vulner_values></vulnerability><vulnerability id="147234921584532099058862493564131018293" name="CVE-2017-9953"><vulner_values><impact>5.0</impact><cost>5.0</cost><risk>5.0</risk><probability>0.5</probability><defense_cost>10</defense_cost><exploitability>0.579052605973</exploitability></vulner_values></vulnerability><vulnerability id="283319882320300963135682248432742417034" name="CVE-2017-8589"><vulner_values><impact>10.0</impact><cost>0.1</cost><risk>10.0</risk><probability>1.0</probability><defense_cost>10</defense_cost><exploitability>0.579052605973</exploitability></vulner_values></vulnerability></or></vulnerabilities></node><node id="207876604981217533408337020867324956052" name="WS4"><host_values><impact>9.0</impact><risk>9.3</risk><probability>0.965</probability><defense_cost>10</defense_cost><cost>0.7</cost><threat_impact>{'E': 0.4, 'D': 0.2, 'I': 0.2, 'S': 0.2, 'R': 0.0, 'T': 0.0}</threat_impact><type>web server</type><exploitability>0.579052605973</exploitability></host_values><vulnerabilities><or><vulnerability id="73995024811911295574808850112237464718" name="CVE-2017-8464"><vulner_values><impact>9.0</impact><cost>0.7</cost><risk>9.3</risk><probability>0.93</probability><defense_cost>10</defense_cost><exploitability>0.579052605973</exploitability></vulner_values></vulnerability><vulnerability id="234055983377459618553030736073448836674" name="CVE-2017-9953"><vulner_values><impact>5.0</impact><cost>5.0</cost><risk>5.0</risk><probability>0.5</probability><defense_cost>10</defense_cost><exploitability>0.579052605973</exploitability></vulner_values></vulnerability><vulnerability id="246253268657573903320043776811530084789" name="CVE-2017-8589"><vulner_values><impact>10.0</impact><cost>0.1</cost><risk>10.0</risk><probability>1.0</probability><defense_cost>10</defense_cost><exploitability>0.579052605973</exploitability></vulner_values></vulnerability></or></vulnerabilities></node><node id="248143703562406475368126956564197177587" name="AS0"><host_values><impact>10.0</impact><risk>10.0</risk><probability>1.0</probability><defense_cost>5.0</defense_cost><cost>1</cost><threat_impact>{'E': 0.3, 'D': 0.2, 'I': 0.2, 'S': 0.0, 'R': 0.0, 'T': 0.3}</threat_impact><type>app server</type><exploitability>0.579052605973</exploitability></host_values><vulnerabilities><or><vulnerability id="171720042344264183127222898281977808322" name="CVE-2015-5479"><vulner_values><impact>2</impact><cost>5.7</cost><risk>4.3</risk><probability>0.43</probability><defense_cost>5.0</defense_cost><exploitability>0.579052605973</exploitability></vulner_values></vulnerability><vulnerability id="244900758283984528002951363893393713890" name="CVE-2017-2002"><vulner_values><impact>5.0</impact><cost>3.0</cost><risk>7.0</risk><probability>0.7</probability><defense_cost>10</defense_cost><exploitability>0.579052605973</exploitability></vulner_values></vulnerability><vulnerability id="289528222380155530195877089739769676449" name="CVE-2017-2001"><vulner_values><impact>10.0</impact><cost>1</cost><risk>10.0</risk><probability>1.0</probability><defense_cost>10</defense_cost><exploitability>0.579052605973</exploitability></vulner_values></vulnerability></or></vulnerabilities></node><node id="185585919706741338668720881979014429441" name="AS1"><host_values><impact>10.0</impact><risk>10.0</risk><probability>1.0</probability><defense_cost>5.0</defense_cost><cost>1</cost><threat_impact>{'E': 0.3, 'D': 0.2, 'I': 0.2, 'S': 0.0, 'R': 0.0, 'T': 0.3}</threat_impact><type>app server</type><exploitability>0.579052605973</exploitability></host_values><vulnerabilities><or><vulnerability id="133658084762624586607729840291820679082" name="CVE-2015-5479"><vulner_values><impact>2</impact><cost>5.7</cost><risk>4.3</risk><probability>0.43</probability><defense_cost>5.0</defense_cost><exploitability>0.579052605973</exploitability></vulner_values></vulnerability><vulnerability id="313163186098792857662303227920583527796" name="CVE-2017-2002"><vulner_values><impact>5.0</impact><cost>3.0</cost><risk>7.0</risk><probability>0.7</probability><defense_cost>10</defense_cost><exploitability>0.579052605973</exploitability></vulner_values></vulnerability><vulnerability id="145455031144585913155032149452883215375" name="CVE-2017-2001"><vulner_values><impact>10.0</impact><cost>1</cost><risk>10.0</risk><probability>1.0</probability><defense_cost>10</defense_cost><exploitability>0.579052605973</exploitability></vulner_values></vulnerability></or></vulnerabilities></node><node id="20158568161879315166785442224198832461" name="AS2"><host_values><impact>10.0</impact><risk>10.0</risk><probability>1.0</probability><defense_cost>5.0</defense_cost><cost>1</cost><threat_impact>{'E': 0.3, 'D': 0.2, 'I': 0.2, 'S': 0.0, 'R': 0.0, 'T': 0.3}</threat_impact><type>app server</type><exploitability>0.579052605973</exploitability></host_values><vulnerabilities><or><vulnerability id="17845733843142923480688979650410897037" name="CVE-2015-5479"><vulner_values><impact>2</impact><cost>5.7</cost><risk>4.3</risk><probability>0.43</probability><defense_cost>5.0</defense_cost><exploitability>0.579052605973</exploitability></vulner_values></vulnerability><vulnerability id="111222446122244426289444283166627777708" name="CVE-2017-2002"><vulner_values><impact>5.0</impact><cost>3.0</cost><risk>7.0</risk><probability>0.7</probability><defense_cost>10</defense_cost><exploitability>0.579052605973</exploitability></vulner_values></vulnerability><vulnerability id="133767514303919817134498376526634577679" name="CVE-2017-2001"><vulner_values><impact>10.0</impact><cost>1</cost><risk>10.0</risk><probability>1.0</probability><defense_cost>10</defense_cost><exploitability>0.579052605973</exploitability></vulner_values></vulnerability></or></vulnerabilities></node><node id="312168938859061712963305299085605182395" name="AS3"><host_values><impact>10.0</impact><risk>10.0</risk><probability>1.0</probability><defense_cost>5.0</defense_cost><cost>1</cost><threat_impact>{'E': 0.3, 'D': 0.2, 'I': 0.2, 'S': 0.0, 'R': 0.0, 'T': 0.3}</threat_impact><type>app server</type><exploitability>0.579052605973</exploitability></host_values><vulnerabilities><or><vulnerability id="213197364690980284605282248053143881859" name="CVE-2015-5479"><vulner_values><impact>2</impact><cost>5.7</cost><risk>4.3</risk><probability>0.43</probability><defense_cost>5.0</defense_cost><exploitability>0.579052605973</exploitability></vulner_values></vulnerability><vulnerability id="100904926618916021636051713489802960203" name="CVE-2017-2002"><vulner_values><impact>5.0</impact><cost>3.0</cost><risk>7.0</risk><probability>0.7</probability><defense_cost>10</defense_cost><exploitability>0.579052605973</exploitability></vulner_values></vulnerability><vulnerability id="325043222168277045404887032869855687058" name="CVE-2017-2001"><vulner_values><impact>10.0</impact><cost>1</cost><risk>10.0</risk><probability>1.0</probability><defense_cost>10</defense_cost><exploitability>0.579052605973</exploitability></vulner_values></vulnerability></or></vulnerabilities></node></nodes><edges><edge><source>0</source><target>23</target></edge><edge><source>0</source><target>29</target></edge><edge><source>0</source><target>28</target></edge><edge><source>0</source><target>39</target></edge><edge><source>1</source><target>43</target></edge><edge><source>1</source><target>6</target></edge><edge><source>1</source><target>3</target></edge><edge><source>2</source><target>10</target></edge><edge><source>3</source><target>9</target></edge><edge><source>3</source><target>1</target></edge><edge><source>3</source><target>8</target></edge><edge><source>4</source><target>18</target></edge><edge><source>4</source><target>46</target></edge><edge><source>5</source><target>14</target></edge><edge><source>5</source><target>3</target></edge><edge><source>5</source><target>8</target></edge><edge><source>5</source><target>2</target></edge><edge><source>6</source><target>14</target></edge><edge><source>6</source><target>2</target></edge><edge><source>7</source><target>14</target></edge><edge><source>7</source><target>13</target></edge><edge><source>7</source><target>16</target></edge><edge><source>8</source><target>10</target></edge><edge><source>8</source><target>16</target></edge><edge><source>8</source><target>45</target></edge><edge><source>9</source><target>46</target></edge><edge><source>9</source><target>15</target></edge><edge><source>9</source><target>27</target></edge><edge><source>9</source><target>3</target></edge><edge><source>10</source><target>15</target></edge><edge><source>10</source><target>27</target></edge><edge><source>10</source><target>46</target></edge><edge><source>11</source><target>33</target></edge><edge><source>11</source><target>22</target></edge><edge><source>11</source><target>0</target></edge><edge><source>12</source><target>14</target></edge><edge><source>12</source><target>13</target></edge><edge><source>12</source><target>1</target></edge><edge><source>12</source><target>18</target></edge><edge><source>12</source><target>2</target></edge><edge><source>14</source><target>7</target></edge><edge><source>14</source><target>10</target></edge><edge><source>17</source><target>10</target></edge><edge><source>17</source><target>13</target></edge><edge><source>18</source><target>14</target></edge><edge><source>18</source><target>1</target></edge><edge><source>18</source><target>6</target></edge><edge><source>18</source><target>13</target></edge><edge><source>18</source><target>45</target></edge><edge><source>19</source><target>20</target></edge><edge><source>19</source><target>22</target></edge><edge><source>19</source><target>31</target></edge><edge><source>19</source><target>29</target></edge><edge><source>21</source><target>29</target></edge><edge><source>22</source><target>28</target></edge><edge><source>22</source><target>32</target></edge><edge><source>22</source><target>37</target></edge><edge><source>23</source><target>20</target></edge><edge><source>23</source><target>37</target></edge><edge><source>23</source><target>19</target></edge><edge><source>23</source><target>29</target></edge><edge><source>23</source><target>39</target></edge><edge><source>24</source><target>0</target></edge><edge><source>24</source><target>33</target></edge><edge><source>24</source><target>19</target></edge><edge><source>24</source><target>20</target></edge><edge><source>25</source><target>20</target></edge><edge><source>25</source><target>33</target></edge><edge><source>25</source><target>35</target></edge><edge><source>26</source><target>31</target></edge><edge><source>26</source><target>32</target></edge><edge><source>26</source><target>34</target></edge><edge><source>28</source><target>23</target></edge><edge><source>28</source><target>19</target></edge><edge><source>28</source><target>35</target></edge><edge><source>29</source><target>30</target></edge><edge><source>30</source><target>35</target></edge><edge><source>30</source><target>29</target></edge><edge><source>30</source><target>19</target></edge><edge><source>31</source><target>11</target></edge><edge><source>31</source><target>25</target></edge><edge><source>31</source><target>26</target></edge><edge><source>31</source><target>37</target></edge><edge><source>31</source><target>39</target></edge><edge><source>31</source><target>30</target></edge><edge><source>31</source><target>32</target></edge><edge><source>32</source><target>23</target></edge><edge><source>32</source><target>34</target></edge><edge><source>32</source><target>25</target></edge><edge><source>33</source><target>29</target></edge><edge><source>33</source><target>34</target></edge><edge><source>34</source><target>31</target></edge><edge><source>34</source><target>32</target></edge><edge><source>34</source><target>19</target></edge><edge><source>35</source><target>39</target></edge><edge><source>36</source><target>41</target></edge><edge><source>37</source><target>20</target></edge><edge><source>38</source><target>0</target></edge><edge><source>38</source><target>9</target></edge><edge><source>38</source><target>10</target></edge><edge><source>38</source><target>28</target></edge><edge><source>39</source><target>35</target></edge><edge><source>39</source><target>34</target></edge><edge><source>40</source><target>38</target></edge><edge><source>40</source><target>42</target></edge><edge><source>41</source><target>0</target></edge><edge><source>41</source><target>9</target></edge><edge><source>41</source><target>10</target></edge><edge><source>41</source><target>28</target></edge><edge><source>41</source><target>38</target></edge><edge><source>43</source><target>13</target></edge><edge><source>43</source><target>18</target></edge><edge><source>44</source><target>1</target></edge><edge><source>44</source><target>10</target></edge><edge><source>45</source><target>2</target></edge><edge><source>45</source><target>4</target></edge><edge><source>45</source><target>5</target></edge><edge><source>45</source><target>16</target></edge><edge><source>45</source><target>43</target></edge><edge><source>45</source><target>44</target></edge></edges></harm>