<harm><nodes><node id="275079116383936616191975338745650175484" name="User5"><host_values><impact>10</impact><risk>10</risk><probability>1.0</probability><defense_cost>15</defense_cost><cost>0</cost><threat_impact>{'E': 0.4, 'D': 0.0, 'I': 0.2, 'S': 0.3, 'R': 0.1, 'T': 0.0}</threat_impact><type>user</type><exploitability>0.754671068631</exploitability></host_values><vulnerabilities><or><vulnerability id="289276471383684186995770556629326074875" name="v 6"><vulner_values><impact>10</impact><cost>0</cost><risk>10</risk><probability>1.0</probability><defense_cost>15</defense_cost><exploitability>0.754671068631</exploitability></vulner_values></vulnerability><vulnerability id="234827248990959554268168322874007261576" name="v 7"><vulner_values><impact>2</impact><cost>8</cost><risk>2</risk><probability>0.2</probability><defense_cost>15</defense_cost><exploitability>0.754671068631</exploitability></vulner_values></vulnerability><vulnerability id="25269355321626719834286007836594591481" name="v 8"><vulner_values><impact>4</impact><cost>6</cost><risk>4</risk><probability>0.4</probability><defense_cost>15</defense_cost><exploitability>0.754671068631</exploitability></vulner_values></vulnerability></or></vulnerabilities></node><node id="274343567831114399474845575583592731757" name="User6"><host_values><impact>10</impact><risk>10</risk><probability>1.0</probability><defense_cost>15</defense_cost><cost>0</cost><threat_impact>{'E': 0.4, 'D': 0.0, 'I': 0.2, 'S': 0.3, 'R': 0.1, 'T': 0.0}</threat_impact><type>user</type><exploitability>0.754671068631</exploitability></host_values><vulnerabilities><or><vulnerability id="122586985050823809859013759264494359159" name="v 6"><vulner_values><impact>10</impact><cost>0</cost><risk>10</risk><probability>1.0</probability><defense_cost>15</defense_cost><exploitability>0.754671068631</exploitability></vulner_values></vulnerability><vulnerability id="195940550956169834221226194352778725377" name="v 7"><vulner_values><impact>2</impact><cost>8</cost><risk>2</risk><probability>0.2</probability><defense_cost>15</defense_cost><exploitability>0.754671068631</exploitability></vulner_values></vulnerability><vulnerability id="303956946963787961417313068988195093134" name="v 8"><vulner_values><impact>4</impact><cost>6</cost><risk>4</risk><probability>0.4</probability><defense_cost>15</defense_cost><exploitability>0.754671068631</exploitability></vulner_values></vulnerability></or></vulnerabilities></node><node id="53166272333113959057193897171199309015" name="Attacker"/><node id="244206765935863360489184039768729996138" name="User7"><host_values><impact>10</impact><risk>10</risk><probability>1.0</probability><defense_cost>15</defense_cost><cost>0</cost><threat_impact>{'E': 0.4, 'D': 0.0, 'I': 0.2, 'S': 0.3, 'R': 0.1, 'T': 0.0}</threat_impact><type>user</type><exploitability>0.754671068631</exploitability></host_values><vulnerabilities><or><vulnerability id="236430414457422880072602008606362303301" name="v 6"><vulner_values><impact>10</impact><cost>0</cost><risk>10</risk><probability>1.0</probability><defense_cost>15</defense_cost><exploitability>0.754671068631</exploitability></vulner_values></vulnerability><vulnerability id="42039960277405595027925236867664247431" name="v 7"><vulner_values><impact>2</impact><cost>8</cost><risk>2</risk><probability>0.2</probability><defense_cost>15</defense_cost><exploitability>0.754671068631</exploitability></vulner_values></vulnerability><vulnerability id="87987738957071471453803195459670144045" name="v 8"><vulner_values><impact>4</impact><cost>6</cost><risk>4</risk><probability>0.4</probability><defense_cost>15</defense_cost><exploitability>0.754671068631</exploitability></vulner_values></vulnerability></or></vulnerabilities></node><node id="84536616330235277102855094163082312861" name="User8"><host_values><impact>10</impact><risk>10</risk><probability>1.0</probability><defense_cost>15</defense_cost><cost>0</cost><threat_impact>{'E': 0.4, 'D': 0.0, 'I': 0.2, 'S': 0.3, 'R': 0.1, 'T': 0.0}</threat_impact><type>user</type><exploitability>0.754671068631</exploitability></host_values><vulnerabilities><or><vulnerability id="84813794316587417800091728228028678179" name="v 6"><vulner_values><impact>10</impact><cost>0</cost><risk>10</risk><probability>1.0</probability><defense_cost>15</defense_cost><exploitability>0.754671068631</exploitability></vulner_values></vulnerability><vulnerability id="164773130754586851433638179101097713306" name="v 7"><vulner_values><impact>2</impact><cost>8</cost><risk>2</risk><probability>0.2</probability><defense_cost>15</defense_cost><exploitability>0.754671068631</exploitability></vulner_values></vulnerability><vulnerability id="218863881472042380867607839792245478635" name="v 8"><vulner_values><impact>4</impact><cost>6</cost><risk>4</risk><probability>0.4</probability><defense_cost>15</defense_cost><exploitability>0.754671068631</exploitability></vulner_values></vulnerability></or></vulnerabilities></node><node id="302200691550855574087094082993445132859" name="User16"><host_values><impact>10</impact><risk>10</risk><probability>1.0</probability><defense_cost>15</defense_cost><cost>0</cost><threat_impact>{'E': 0.4, 'D': 0.0, 'I': 0.2, 'S': 0.3, 'R': 0.1, 'T': 0.0}</threat_impact><type>user</type><exploitability>0.754671068631</exploitability></host_values><vulnerabilities><or><vulnerability id="273350503400382980081210559958204265548" name="v 6"><vulner_values><impact>10</impact><cost>0</cost><risk>10</risk><probability>1.0</probability><defense_cost>15</defense_cost><exploitability>0.754671068631</exploitability></vulner_values></vulnerability><vulnerability id="84638341986376182350435173421256074999" name="v 7"><vulner_values><impact>2</impact><cost>8</cost><risk>2</risk><probability>0.2</probability><defense_cost>15</defense_cost><exploitability>0.754671068631</exploitability></vulner_values></vulnerability><vulnerability id="339121601459299757717171508343257692903" name="v 8"><vulner_values><impact>4</impact><cost>6</cost><risk>4</risk><probability>0.4</probability><defense_cost>15</defense_cost><exploitability>0.754671068631</exploitability></vulner_values></vulnerability></or></vulnerabilities></node><node id="161388430315726523205876286513667639550" name="User9"><host_values><impact>10</impact><risk>10</risk><probability>1.0</probability><defense_cost>15</defense_cost><cost>0</cost><threat_impact>{'E': 0.4, 'D': 0.0, 'I': 0.2, 'S': 0.3, 'R': 0.1, 'T': 0.0}</threat_impact><type>user</type><exploitability>0.754671068631</exploitability></host_values><vulnerabilities><or><vulnerability id="94426680220882334420138299145140028319" name="v 6"><vulner_values><impact>10</impact><cost>0</cost><risk>10</risk><probability>1.0</probability><defense_cost>15</defense_cost><exploitability>0.754671068631</exploitability></vulner_values></vulnerability><vulnerability id="163438138304846378944311485773216817715" name="v 7"><vulner_values><impact>2</impact><cost>8</cost><risk>2</risk><probability>0.2</probability><defense_cost>15</defense_cost><exploitability>0.754671068631</exploitability></vulner_values></vulnerability><vulnerability id="238182570594165116951017668945818079622" name="v 8"><vulner_values><impact>4</impact><cost>6</cost><risk>4</risk><probability>0.4</probability><defense_cost>15</defense_cost><exploitability>0.754671068631</exploitability></vulner_values></vulnerability></or></vulnerabilities></node><node id="72437290664108859457667967322785546712" name="User10"><host_values><impact>10</impact><risk>10</risk><probability>1.0</probability><defense_cost>15</defense_cost><cost>0</cost><threat_impact>{'E': 0.4, 'D': 0.0, 'I': 0.2, 'S': 0.3, 'R': 0.1, 'T': 0.0}</threat_impact><type>user</type><exploitability>0.754671068631</exploitability></host_values><vulnerabilities><or><vulnerability id="70625164700783131557914828984297081532" name="v 6"><vulner_values><impact>10</impact><cost>0</cost><risk>10</risk><probability>1.0</probability><defense_cost>15</defense_cost><exploitability>0.754671068631</exploitability></vulner_values></vulnerability><vulnerability id="226503624735387916697843113239257365835" name="v 7"><vulner_values><impact>2</impact><cost>8</cost><risk>2</risk><probability>0.2</probability><defense_cost>15</defense_cost><exploitability>0.754671068631</exploitability></vulner_values></vulnerability><vulnerability id="150986408444236636615155626738717209501" name="v 8"><vulner_values><impact>4</impact><cost>6</cost><risk>4</risk><probability>0.4</probability><defense_cost>15</defense_cost><exploitability>0.754671068631</exploitability></vulner_values></vulnerability></or></vulnerabilities></node><node id="260463461443523027902174457597963723723" name="User11"><host_values><impact>10</impact><risk>10</risk><probability>1.0</probability><defense_cost>15</defense_cost><cost>0</cost><threat_impact>{'E': 0.4, 'D': 0.0, 'I': 0.2, 'S': 0.3, 'R': 0.1, 'T': 0.0}</threat_impact><type>user</type><exploitability>0.754671068631</exploitability></host_values><vulnerabilities><or><vulnerability id="189192989157755235663914224366934824088" name="v 6"><vulner_values><impact>10</impact><cost>0</cost><risk>10</risk><probability>1.0</probability><defense_cost>15</defense_cost><exploitability>0.754671068631</exploitability></vulner_values></vulnerability><vulnerability id="97950010580276009137384134515011648915" name="v 7"><vulner_values><impact>2</impact><cost>8</cost><risk>2</risk><probability>0.2</probability><defense_cost>15</defense_cost><exploitability>0.754671068631</exploitability></vulner_values></vulnerability><vulnerability id="313339331407470101919226450748171868736" name="v 8"><vulner_values><impact>4</impact><cost>6</cost><risk>4</risk><probability>0.4</probability><defense_cost>15</defense_cost><exploitability>0.754671068631</exploitability></vulner_values></vulnerability></or></vulnerabilities></node><node id="309043345085245738518093073823437838633" name="User12"><host_values><impact>10</impact><risk>10</risk><probability>1.0</probability><defense_cost>15</defense_cost><cost>0</cost><threat_impact>{'E': 0.4, 'D': 0.0, 'I': 0.2, 'S': 0.3, 'R': 0.1, 'T': 0.0}</threat_impact><type>user</type><exploitability>0.754671068631</exploitability></host_values><vulnerabilities><or><vulnerability id="19713811326219766163227396091330871422" name="v 6"><vulner_values><impact>10</impact><cost>0</cost><risk>10</risk><probability>1.0</probability><defense_cost>15</defense_cost><exploitability>0.754671068631</exploitability></vulner_values></vulnerability><vulnerability id="244184385511098705647437788269659797864" name="v 7"><vulner_values><impact>2</impact><cost>8</cost><risk>2</risk><probability>0.2</probability><defense_cost>15</defense_cost><exploitability>0.754671068631</exploitability></vulner_values></vulnerability><vulnerability id="1606260251224288099001721579269702447" name="v 8"><vulner_values><impact>4</impact><cost>6</cost><risk>4</risk><probability>0.4</probability><defense_cost>15</defense_cost><exploitability>0.754671068631</exploitability></vulner_values></vulnerability></or></vulnerabilities></node><node id="277337841343083580596648140108739629747" name="User13"><host_values><impact>10</impact><risk>10</risk><probability>1.0</probability><defense_cost>15</defense_cost><cost>0</cost><threat_impact>{'E': 0.4, 'D': 0.0, 'I': 0.2, 'S': 0.3, 'R': 0.1, 'T': 0.0}</threat_impact><type>user</type><exploitability>0.754671068631</exploitability></host_values><vulnerabilities><or><vulnerability id="36168345817970173136674669383130202357" name="v 6"><vulner_values><impact>10</impact><cost>0</cost><risk>10</risk><probability>1.0</probability><defense_cost>15</defense_cost><exploitability>0.754671068631</exploitability></vulner_values></vulnerability><vulnerability id="44470932604053401351722460673886428693" name="v 7"><vulner_values><impact>2</impact><cost>8</cost><risk>2</risk><probability>0.2</probability><defense_cost>15</defense_cost><exploitability>0.754671068631</exploitability></vulner_values></vulnerability><vulnerability id="35661553496426077945460611243327721765" name="v 8"><vulner_values><impact>4</impact><cost>6</cost><risk>4</risk><probability>0.4</probability><defense_cost>15</defense_cost><exploitability>0.754671068631</exploitability></vulner_values></vulnerability></or></vulnerabilities></node><node id="253456732612476514170434839759748230276" name="WS0"><host_values><impact>8</impact><risk>8</risk><probability>0.82</probability><defense_cost>15</defense_cost><cost>2</cost><threat_impact>{'E': 0.4, 'D': 0.2, 'I': 0.2, 'S': 0.2, 'R': 0.0, 'T': 0.0}</threat_impact><type>web server</type><exploitability>0.00229628140174</exploitability></host_values><vulnerabilities><or><vulnerability id="292083651596827970861828163583921090048" name="v 1"><vulner_values><impact>1</impact><cost>9</cost><risk>1</risk><probability>0.1</probability><defense_cost>15</defense_cost><exploitability>0.00229628140174</exploitability></vulner_values></vulnerability><vulnerability id="60217876874503120386351400534453256389" name="v 2"><vulner_values><impact>8</impact><cost>2</cost><risk>8</risk><probability>0.8</probability><defense_cost>15</defense_cost><exploitability>0.00229628140174</exploitability></vulner_values></vulnerability></or></vulnerabilities></node><node id="181966015355955926398182339162077010711" name="User17"><host_values><impact>10</impact><risk>10</risk><probability>1.0</probability><defense_cost>15</defense_cost><cost>0</cost><threat_impact>{'E': 0.4, 'D': 0.0, 'I': 0.2, 'S': 0.3, 'R': 0.1, 'T': 0.0}</threat_impact><type>user</type><exploitability>0.754671068631</exploitability></host_values><vulnerabilities><or><vulnerability id="274781023243535355902016146550665611531" name="v 6"><vulner_values><impact>10</impact><cost>0</cost><risk>10</risk><probability>1.0</probability><defense_cost>15</defense_cost><exploitability>0.754671068631</exploitability></vulner_values></vulnerability><vulnerability id="259669421462957212406275676447076293089" name="v 7"><vulner_values><impact>2</impact><cost>8</cost><risk>2</risk><probability>0.2</probability><defense_cost>15</defense_cost><exploitability>0.754671068631</exploitability></vulner_values></vulnerability><vulnerability id="126883422025235094323326154217546369727" name="v 8"><vulner_values><impact>4</impact><cost>6</cost><risk>4</risk><probability>0.4</probability><defense_cost>15</defense_cost><exploitability>0.754671068631</exploitability></vulner_values></vulnerability></or></vulnerabilities></node><node id="139205967239926737350296075722775243260" name="WS2"><host_values><impact>8</impact><risk>8</risk><probability>0.82</probability><defense_cost>15</defense_cost><cost>2</cost><threat_impact>{'E': 0.4, 'D': 0.2, 'I': 0.2, 'S': 0.2, 'R': 0.0, 'T': 0.0}</threat_impact><type>web server</type><exploitability>0.00229628140174</exploitability></host_values><vulnerabilities><or><vulnerability id="320208096709867449493329612977117776831" name="v 1"><vulner_values><impact>1</impact><cost>9</cost><risk>1</risk><probability>0.1</probability><defense_cost>15</defense_cost><exploitability>0.00229628140174</exploitability></vulner_values></vulnerability><vulnerability id="219241900160330932879545530589903920454" name="v 2"><vulner_values><impact>8</impact><cost>2</cost><risk>8</risk><probability>0.8</probability><defense_cost>15</defense_cost><exploitability>0.00229628140174</exploitability></vulner_values></vulnerability></or></vulnerabilities></node><node id="144731721618836323661944240293427380097" name="WS3"><host_values><impact>8</impact><risk>8</risk><probability>0.82</probability><defense_cost>15</defense_cost><cost>2</cost><threat_impact>{'E': 0.4, 'D': 0.2, 'I': 0.2, 'S': 0.2, 'R': 0.0, 'T': 0.0}</threat_impact><type>web server</type><exploitability>0.00229628140174</exploitability></host_values><vulnerabilities><or><vulnerability id="318983228024913789652771464039317789530" name="v 1"><vulner_values><impact>1</impact><cost>9</cost><risk>1</risk><probability>0.1</probability><defense_cost>15</defense_cost><exploitability>0.00229628140174</exploitability></vulner_values></vulnerability><vulnerability id="6725513326149950316546904027308292253" name="v 2"><vulner_values><impact>8</impact><cost>2</cost><risk>8</risk><probability>0.8</probability><defense_cost>15</defense_cost><exploitability>0.00229628140174</exploitability></vulner_values></vulnerability></or></vulnerabilities></node><node id="321909771943535652468202662308330096256" name="WS4"><host_values><impact>8</impact><risk>8</risk><probability>0.82</probability><defense_cost>15</defense_cost><cost>2</cost><threat_impact>{'E': 0.4, 'D': 0.2, 'I': 0.2, 'S': 0.2, 'R': 0.0, 'T': 0.0}</threat_impact><type>web server</type><exploitability>0.00229628140174</exploitability></host_values><vulnerabilities><or><vulnerability id="55582262822710748287824526571904849614" name="v 1"><vulner_values><impact>1</impact><cost>9</cost><risk>1</risk><probability>0.1</probability><defense_cost>15</defense_cost><exploitability>0.00229628140174</exploitability></vulner_values></vulnerability><vulnerability id="72105437500864650003696659738341427910" name="v 2"><vulner_values><impact>8</impact><cost>2</cost><risk>8</risk><probability>0.8</probability><defense_cost>15</defense_cost><exploitability>0.00229628140174</exploitability></vulner_values></vulnerability></or></vulnerabilities></node><node id="315868315570963038434829169900680378902" name="AS0"><host_values><impact>2</impact><risk>2</risk><probability>0.488</probability><defense_cost>15</defense_cost><cost>8</cost><threat_impact>{'E': 0.3, 'D': 0.2, 'I': 0.2, 'S': 0.0, 'R': 0.0, 'T': 0.3}</threat_impact><type>app server</type><exploitability>0.417111037436</exploitability></host_values><vulnerabilities><or><vulnerability id="294100259512455438093464897740858234705" name="v 3"><vulner_values><impact>2</impact><cost>8</cost><risk>2</risk><probability>0.2</probability><defense_cost>15</defense_cost><exploitability>0.417111037436</exploitability></vulner_values></vulnerability><vulnerability id="221945085211555386477332286005000989853" name="v 4"><vulner_values><impact>2</impact><cost>8</cost><risk>2</risk><probability>0.2</probability><defense_cost>15</defense_cost><exploitability>0.417111037436</exploitability></vulner_values></vulnerability><vulnerability id="228695390557380951050578577634654755505" name="v 5"><vulner_values><impact>2</impact><cost>8</cost><risk>2</risk><probability>0.2</probability><defense_cost>15</defense_cost><exploitability>0.417111037436</exploitability></vulner_values></vulnerability></or></vulnerabilities></node><node id="204857359116465247630238757645463773633" name="AS1"><host_values><impact>2</impact><risk>2</risk><probability>0.488</probability><defense_cost>15</defense_cost><cost>8</cost><threat_impact>{'E': 0.3, 'D': 0.2, 'I': 0.2, 'S': 0.0, 'R': 0.0, 'T': 0.3}</threat_impact><type>app server</type><exploitability>0.417111037436</exploitability></host_values><vulnerabilities><or><vulnerability id="316132232260528858724251672989825046905" name="v 3"><vulner_values><impact>2</impact><cost>8</cost><risk>2</risk><probability>0.2</probability><defense_cost>15</defense_cost><exploitability>0.417111037436</exploitability></vulner_values></vulnerability><vulnerability id="134714275517422950473736885400926534925" name="v 4"><vulner_values><impact>2</impact><cost>8</cost><risk>2</risk><probability>0.2</probability><defense_cost>15</defense_cost><exploitability>0.417111037436</exploitability></vulner_values></vulnerability><vulnerability id="286184445819654158434963696982061105096" name="v 5"><vulner_values><impact>2</impact><cost>8</cost><risk>2</risk><probability>0.2</probability><defense_cost>15</defense_cost><exploitability>0.417111037436</exploitability></vulner_values></vulnerability></or></vulnerabilities></node><node id="73563704686489363833419523769360014244" name="AS2"><host_values><impact>2</impact><risk>2</risk><probability>0.488</probability><defense_cost>15</defense_cost><cost>8</cost><threat_impact>{'E': 0.3, 'D': 0.2, 'I': 0.2, 'S': 0.0, 'R': 0.0, 'T': 0.3}</threat_impact><type>app server</type><exploitability>0.417111037436</exploitability></host_values><vulnerabilities><or><vulnerability id="94819690115569822570045827132179483366" name="v 3"><vulner_values><impact>2</impact><cost>8</cost><risk>2</risk><probability>0.2</probability><defense_cost>15</defense_cost><exploitability>0.417111037436</exploitability></vulner_values></vulnerability><vulnerability id="154813946193616605510615953529023926000" name="v 4"><vulner_values><impact>2</impact><cost>8</cost><risk>2</risk><probability>0.2</probability><defense_cost>15</defense_cost><exploitability>0.417111037436</exploitability></vulner_values></vulnerability><vulnerability id="138898333128443377625822260634641449050" name="v 5"><vulner_values><impact>2</impact><cost>8</cost><risk>2</risk><probability>0.2</probability><defense_cost>15</defense_cost><exploitability>0.417111037436</exploitability></vulner_values></vulnerability></or></vulnerabilities></node><node id="128346320693447557367634600783033731796" name="AS3"><host_values><impact>2</impact><risk>2</risk><probability>0.488</probability><defense_cost>15</defense_cost><cost>8</cost><threat_impact>{'E': 0.3, 'D': 0.2, 'I': 0.2, 'S': 0.0, 'R': 0.0, 'T': 0.3}</threat_impact><type>app server</type><exploitability>0.417111037436</exploitability></host_values><vulnerabilities><or><vulnerability id="203548976441252754170785066526475530182" name="v 3"><vulner_values><impact>2</impact><cost>8</cost><risk>2</risk><probability>0.2</probability><defense_cost>15</defense_cost><exploitability>0.417111037436</exploitability></vulner_values></vulnerability><vulnerability id="57870613466462898118378635453422994828" name="v 4"><vulner_values><impact>2</impact><cost>8</cost><risk>2</risk><probability>0.2</probability><defense_cost>15</defense_cost><exploitability>0.417111037436</exploitability></vulner_values></vulnerability><vulnerability id="209355018995339030632856494461745232505" name="v 5"><vulner_values><impact>2</impact><cost>8</cost><risk>2</risk><probability>0.2</probability><defense_cost>15</defense_cost><exploitability>0.417111037436</exploitability></vulner_values></vulnerability></or></vulnerabilities></node><node id="100425676157206740230402323707402648247" name="AS4"><host_values><impact>2</impact><risk>2</risk><probability>0.488</probability><defense_cost>15</defense_cost><cost>8</cost><threat_impact>{'E': 0.3, 'D': 0.2, 'I': 0.2, 'S': 0.0, 'R': 0.0, 'T': 0.3}</threat_impact><type>app server</type><exploitability>0.417111037436</exploitability></host_values><vulnerabilities><or><vulnerability id="239475976509094509064685310740274131799" name="v 3"><vulner_values><impact>2</impact><cost>8</cost><risk>2</risk><probability>0.2</probability><defense_cost>15</defense_cost><exploitability>0.417111037436</exploitability></vulner_values></vulnerability><vulnerability id="122930138688616284126767768288964089368" name="v 4"><vulner_values><impact>2</impact><cost>8</cost><risk>2</risk><probability>0.2</probability><defense_cost>15</defense_cost><exploitability>0.417111037436</exploitability></vulner_values></vulnerability><vulnerability id="32727415616299663561325430489758419858" name="v 5"><vulner_values><impact>2</impact><cost>8</cost><risk>2</risk><probability>0.2</probability><defense_cost>15</defense_cost><exploitability>0.417111037436</exploitability></vulner_values></vulnerability></or></vulnerabilities></node><node id="146919717648719042531697514473492490279" name="AS5"><host_values><impact>2</impact><risk>2</risk><probability>0.488</probability><defense_cost>15</defense_cost><cost>8</cost><threat_impact>{'E': 0.3, 'D': 0.2, 'I': 0.2, 'S': 0.0, 'R': 0.0, 'T': 0.3}</threat_impact><type>app server</type><exploitability>0.417111037436</exploitability></host_values><vulnerabilities><or><vulnerability id="172361309662654085700892289460717396477" name="v 3"><vulner_values><impact>2</impact><cost>8</cost><risk>2</risk><probability>0.2</probability><defense_cost>15</defense_cost><exploitability>0.417111037436</exploitability></vulner_values></vulnerability><vulnerability id="46985772901622181008395752702007366058" name="v 4"><vulner_values><impact>2</impact><cost>8</cost><risk>2</risk><probability>0.2</probability><defense_cost>15</defense_cost><exploitability>0.417111037436</exploitability></vulner_values></vulnerability><vulnerability id="69634393982553251733559766012243430956" name="v 5"><vulner_values><impact>2</impact><cost>8</cost><risk>2</risk><probability>0.2</probability><defense_cost>15</defense_cost><exploitability>0.417111037436</exploitability></vulner_values></vulnerability></or></vulnerabilities></node><node id="130332921899404470307143036796876820346" name="AS6"><host_values><impact>2</impact><risk>2</risk><probability>0.488</probability><defense_cost>15</defense_cost><cost>8</cost><threat_impact>{'E': 0.3, 'D': 0.2, 'I': 0.2, 'S': 0.0, 'R': 0.0, 'T': 0.3}</threat_impact><type>app server</type><exploitability>0.417111037436</exploitability></host_values><vulnerabilities><or><vulnerability id="157114362909414604470960115438485524286" name="v 3"><vulner_values><impact>2</impact><cost>8</cost><risk>2</risk><probability>0.2</probability><defense_cost>15</defense_cost><exploitability>0.417111037436</exploitability></vulner_values></vulnerability><vulnerability id="78532021586405258629419973805024305417" name="v 4"><vulner_values><impact>2</impact><cost>8</cost><risk>2</risk><probability>0.2</probability><defense_cost>15</defense_cost><exploitability>0.417111037436</exploitability></vulner_values></vulnerability><vulnerability id="315461231556282525003046886602084392781" name="v 5"><vulner_values><impact>2</impact><cost>8</cost><risk>2</risk><probability>0.2</probability><defense_cost>15</defense_cost><exploitability>0.417111037436</exploitability></vulner_values></vulnerability></or></vulnerabilities></node><node id="129190091906477838932279954556827559805" name="AS7"><host_values><impact>2</impact><risk>2</risk><probability>0.488</probability><defense_cost>15</defense_cost><cost>8</cost><threat_impact>{'E': 0.3, 'D': 0.2, 'I': 0.2, 'S': 0.0, 'R': 0.0, 'T': 0.3}</threat_impact><type>app server</type><exploitability>0.417111037436</exploitability></host_values><vulnerabilities><or><vulnerability id="98230296334537677618380423621171390999" name="v 3"><vulner_values><impact>2</impact><cost>8</cost><risk>2</risk><probability>0.2</probability><defense_cost>15</defense_cost><exploitability>0.417111037436</exploitability></vulner_values></vulnerability><vulnerability id="103136528560055196927213884646084838489" name="v 4"><vulner_values><impact>2</impact><cost>8</cost><risk>2</risk><probability>0.2</probability><defense_cost>15</defense_cost><exploitability>0.417111037436</exploitability></vulner_values></vulnerability><vulnerability id="97033916177402922137922726443784949621" name="v 5"><vulner_values><impact>2</impact><cost>8</cost><risk>2</risk><probability>0.2</probability><defense_cost>15</defense_cost><exploitability>0.417111037436</exploitability></vulner_values></vulnerability></or></vulnerabilities></node><node id="74230807216583559185108072420075800348" name="AS8"><host_values><impact>2</impact><risk>2</risk><probability>0.488</probability><defense_cost>15</defense_cost><cost>8</cost><threat_impact>{'E': 0.3, 'D': 0.2, 'I': 0.2, 'S': 0.0, 'R': 0.0, 'T': 0.3}</threat_impact><type>app server</type><exploitability>0.417111037436</exploitability></host_values><vulnerabilities><or><vulnerability id="152109686585331137245232133020024775275" name="v 3"><vulner_values><impact>2</impact><cost>8</cost><risk>2</risk><probability>0.2</probability><defense_cost>15</defense_cost><exploitability>0.417111037436</exploitability></vulner_values></vulnerability><vulnerability id="158344409356118246540442692314997002524" name="v 4"><vulner_values><impact>2</impact><cost>8</cost><risk>2</risk><probability>0.2</probability><defense_cost>15</defense_cost><exploitability>0.417111037436</exploitability></vulner_values></vulnerability><vulnerability id="260976644634587968976639332135694116774" name="v 5"><vulner_values><impact>2</impact><cost>8</cost><risk>2</risk><probability>0.2</probability><defense_cost>15</defense_cost><exploitability>0.417111037436</exploitability></vulner_values></vulnerability></or></vulnerabilities></node><node id="96572223312740250600048777562198768843" name="AS9"><host_values><impact>2</impact><risk>2</risk><probability>0.488</probability><defense_cost>15</defense_cost><cost>8</cost><threat_impact>{'E': 0.3, 'D': 0.2, 'I': 0.2, 'S': 0.0, 'R': 0.0, 'T': 0.3}</threat_impact><type>app server</type><exploitability>0.417111037436</exploitability></host_values><vulnerabilities><or><vulnerability id="167732452220630100041777145359124429076" name="v 3"><vulner_values><impact>2</impact><cost>8</cost><risk>2</risk><probability>0.2</probability><defense_cost>15</defense_cost><exploitability>0.417111037436</exploitability></vulner_values></vulnerability><vulnerability id="7505928815123516531992255210882203496" name="v 4"><vulner_values><impact>2</impact><cost>8</cost><risk>2</risk><probability>0.2</probability><defense_cost>15</defense_cost><exploitability>0.417111037436</exploitability></vulner_values></vulnerability><vulnerability id="274703018869085735602182012454066458553" name="v 5"><vulner_values><impact>2</impact><cost>8</cost><risk>2</risk><probability>0.2</probability><defense_cost>15</defense_cost><exploitability>0.417111037436</exploitability></vulner_values></vulnerability></or></vulnerabilities></node><node id="319721161240947533041503112923003225943" name="DB4"><host_values><impact>7</impact><risk>7</risk><probability>0.757</probability><defense_cost>15</defense_cost><cost>3</cost><threat_impact>{'E': 0.0, 'D': 0.3, 'I': 0.3, 'S': 0.0, 'R': 0.0, 'T': 0.4}</threat_impact><type>database</type><exploitability>0.220423258884</exploitability></host_values><vulnerabilities><or><vulnerability id="192054858851895647304435744338919258681" name="v 9"><vulner_values><impact>7</impact><cost>3</cost><risk>7</risk><probability>0.7</probability><defense_cost>15</defense_cost><exploitability>0.220423258884</exploitability></vulner_values></vulnerability><vulnerability id="214347649433776958283865774423588338639" name="v 10"><vulner_values><impact>1</impact><cost>9</cost><risk>1</risk><probability>0.1</probability><defense_cost>15</defense_cost><exploitability>0.220423258884</exploitability></vulner_values></vulnerability><vulnerability id="311794550261651053344072940715685514951" name="v 11"><vulner_values><impact>1</impact><cost>9</cost><risk>1</risk><probability>0.1</probability><defense_cost>15</defense_cost><exploitability>0.220423258884</exploitability></vulner_values></vulnerability></or></vulnerabilities></node><node id="18530835109715085666142206837965582754" name="AS10"><host_values><impact>2</impact><risk>2</risk><probability>0.488</probability><defense_cost>15</defense_cost><cost>8</cost><threat_impact>{'E': 0.3, 'D': 0.2, 'I': 0.2, 'S': 0.0, 'R': 0.0, 'T': 0.3}</threat_impact><type>app server</type><exploitability>0.417111037436</exploitability></host_values><vulnerabilities><or><vulnerability id="260468334561410278233353535184652914350" name="v 3"><vulner_values><impact>2</impact><cost>8</cost><risk>2</risk><probability>0.2</probability><defense_cost>15</defense_cost><exploitability>0.417111037436</exploitability></vulner_values></vulnerability><vulnerability id="171640558203371316349080653062643200703" name="v 4"><vulner_values><impact>2</impact><cost>8</cost><risk>2</risk><probability>0.2</probability><defense_cost>15</defense_cost><exploitability>0.417111037436</exploitability></vulner_values></vulnerability><vulnerability id="134265912283974705209923065527742628112" name="v 5"><vulner_values><impact>2</impact><cost>8</cost><risk>2</risk><probability>0.2</probability><defense_cost>15</defense_cost><exploitability>0.417111037436</exploitability></vulner_values></vulnerability></or></vulnerabilities></node><node id="335409876168309370039021956846038266446" name="AS11"><host_values><impact>2</impact><risk>2</risk><probability>0.488</probability><defense_cost>15</defense_cost><cost>8</cost><threat_impact>{'E': 0.3, 'D': 0.2, 'I': 0.2, 'S': 0.0, 'R': 0.0, 'T': 0.3}</threat_impact><type>app server</type><exploitability>0.417111037436</exploitability></host_values><vulnerabilities><or><vulnerability id="52818723414656262113538502191235870154" name="v 3"><vulner_values><impact>2</impact><cost>8</cost><risk>2</risk><probability>0.2</probability><defense_cost>15</defense_cost><exploitability>0.417111037436</exploitability></vulner_values></vulnerability><vulnerability id="53592916774252085419309894739307621628" name="v 4"><vulner_values><impact>2</impact><cost>8</cost><risk>2</risk><probability>0.2</probability><defense_cost>15</defense_cost><exploitability>0.417111037436</exploitability></vulner_values></vulnerability><vulnerability id="219069048630187262112949242737319148901" name="v 5"><vulner_values><impact>2</impact><cost>8</cost><risk>2</risk><probability>0.2</probability><defense_cost>15</defense_cost><exploitability>0.417111037436</exploitability></vulner_values></vulnerability></or></vulnerabilities></node><node id="73688967034529835344161409772444001389" name="AS12"><host_values><impact>2</impact><risk>2</risk><probability>0.488</probability><defense_cost>15</defense_cost><cost>8</cost><threat_impact>{'E': 0.3, 'D': 0.2, 'I': 0.2, 'S': 0.0, 'R': 0.0, 'T': 0.3}</threat_impact><type>app server</type><exploitability>0.417111037436</exploitability></host_values><vulnerabilities><or><vulnerability id="211236166914868177973930503456826501518" name="v 3"><vulner_values><impact>2</impact><cost>8</cost><risk>2</risk><probability>0.2</probability><defense_cost>15</defense_cost><exploitability>0.417111037436</exploitability></vulner_values></vulnerability><vulnerability id="292512295194526236898270057715294651452" name="v 4"><vulner_values><impact>2</impact><cost>8</cost><risk>2</risk><probability>0.2</probability><defense_cost>15</defense_cost><exploitability>0.417111037436</exploitability></vulner_values></vulnerability><vulnerability id="263783123944191166573234044072003606182" name="v 5"><vulner_values><impact>2</impact><cost>8</cost><risk>2</risk><probability>0.2</probability><defense_cost>15</defense_cost><exploitability>0.417111037436</exploitability></vulner_values></vulnerability></or></vulnerabilities></node><node id="129938078872028659108379015786776240429" name="AS13"><host_values><impact>2</impact><risk>2</risk><probability>0.488</probability><defense_cost>15</defense_cost><cost>8</cost><threat_impact>{'E': 0.3, 'D': 0.2, 'I': 0.2, 'S': 0.0, 'R': 0.0, 'T': 0.3}</threat_impact><type>app server</type><exploitability>0.417111037436</exploitability></host_values><vulnerabilities><or><vulnerability id="49094578832576195283798420757253095959" name="v 3"><vulner_values><impact>2</impact><cost>8</cost><risk>2</risk><probability>0.2</probability><defense_cost>15</defense_cost><exploitability>0.417111037436</exploitability></vulner_values></vulnerability><vulnerability id="101267578145485484656632844452087138949" name="v 4"><vulner_values><impact>2</impact><cost>8</cost><risk>2</risk><probability>0.2</probability><defense_cost>15</defense_cost><exploitability>0.417111037436</exploitability></vulner_values></vulnerability><vulnerability id="334732438689672774022989179319120410109" name="v 5"><vulner_values><impact>2</impact><cost>8</cost><risk>2</risk><probability>0.2</probability><defense_cost>15</defense_cost><exploitability>0.417111037436</exploitability></vulner_values></vulnerability></or></vulnerabilities></node><node id="333915934848714191487871636236706833980" name="DB1"><host_values><impact>7</impact><risk>7</risk><probability>0.757</probability><defense_cost>15</defense_cost><cost>3</cost><threat_impact>{'E': 0.0, 'D': 0.3, 'I': 0.3, 'S': 0.0, 'R': 0.0, 'T': 0.4}</threat_impact><type>database</type><exploitability>0.220423258884</exploitability></host_values><vulnerabilities><or><vulnerability id="50281142649975948643243896942509291644" name="v 9"><vulner_values><impact>7</impact><cost>3</cost><risk>7</risk><probability>0.7</probability><defense_cost>15</defense_cost><exploitability>0.220423258884</exploitability></vulner_values></vulnerability><vulnerability id="150499015988269006344245583848537224564" name="v 10"><vulner_values><impact>1</impact><cost>9</cost><risk>1</risk><probability>0.1</probability><defense_cost>15</defense_cost><exploitability>0.220423258884</exploitability></vulner_values></vulnerability><vulnerability id="111949999114600686904062311314604424483" name="v 11"><vulner_values><impact>1</impact><cost>9</cost><risk>1</risk><probability>0.1</probability><defense_cost>15</defense_cost><exploitability>0.220423258884</exploitability></vulner_values></vulnerability></or></vulnerabilities></node><node id="321111720559695120025477502893900227042" name="AS14"><host_values><impact>2</impact><risk>2</risk><probability>0.488</probability><defense_cost>15</defense_cost><cost>8</cost><threat_impact>{'E': 0.3, 'D': 0.2, 'I': 0.2, 'S': 0.0, 'R': 0.0, 'T': 0.3}</threat_impact><type>app server</type><exploitability>0.417111037436</exploitability></host_values><vulnerabilities><or><vulnerability id="331528012612888830639237185521799671106" name="v 3"><vulner_values><impact>2</impact><cost>8</cost><risk>2</risk><probability>0.2</probability><defense_cost>15</defense_cost><exploitability>0.417111037436</exploitability></vulner_values></vulnerability><vulnerability id="47999522158934778699077636534843448016" name="v 4"><vulner_values><impact>2</impact><cost>8</cost><risk>2</risk><probability>0.2</probability><defense_cost>15</defense_cost><exploitability>0.417111037436</exploitability></vulner_values></vulnerability><vulnerability id="70644813742592601354703879795674822176" name="v 5"><vulner_values><impact>2</impact><cost>8</cost><risk>2</risk><probability>0.2</probability><defense_cost>15</defense_cost><exploitability>0.417111037436</exploitability></vulner_values></vulnerability></or></vulnerabilities></node><node id="176970068182806931824391258991447428407" name="User19"><host_values><impact>10</impact><risk>10</risk><probability>1.0</probability><defense_cost>15</defense_cost><cost>0</cost><threat_impact>{'E': 0.4, 'D': 0.0, 'I': 0.2, 'S': 0.3, 'R': 0.1, 'T': 0.0}</threat_impact><type>user</type><exploitability>0.754671068631</exploitability></host_values><vulnerabilities><or><vulnerability id="323349258273757990172926716101287460757" name="v 6"><vulner_values><impact>10</impact><cost>0</cost><risk>10</risk><probability>1.0</probability><defense_cost>15</defense_cost><exploitability>0.754671068631</exploitability></vulner_values></vulnerability><vulnerability id="179102439222860681585419758972823214413" name="v 7"><vulner_values><impact>2</impact><cost>8</cost><risk>2</risk><probability>0.2</probability><defense_cost>15</defense_cost><exploitability>0.754671068631</exploitability></vulner_values></vulnerability><vulnerability id="223251088361979449156401494310966317263" name="v 8"><vulner_values><impact>4</impact><cost>6</cost><risk>4</risk><probability>0.4</probability><defense_cost>15</defense_cost><exploitability>0.754671068631</exploitability></vulner_values></vulnerability></or></vulnerabilities></node><node id="58529258524821388034902094363118697121" name="AS15"><host_values><impact>2</impact><risk>2</risk><probability>0.488</probability><defense_cost>15</defense_cost><cost>8</cost><threat_impact>{'E': 0.3, 'D': 0.2, 'I': 0.2, 'S': 0.0, 'R': 0.0, 'T': 0.3}</threat_impact><type>app server</type><exploitability>0.417111037436</exploitability></host_values><vulnerabilities><or><vulnerability id="78648884922440938971759272335760317757" name="v 3"><vulner_values><impact>2</impact><cost>8</cost><risk>2</risk><probability>0.2</probability><defense_cost>15</defense_cost><exploitability>0.417111037436</exploitability></vulner_values></vulnerability><vulnerability id="207744584308946267865836141374819028416" name="v 4"><vulner_values><impact>2</impact><cost>8</cost><risk>2</risk><probability>0.2</probability><defense_cost>15</defense_cost><exploitability>0.417111037436</exploitability></vulner_values></vulnerability><vulnerability id="321439996772568324234313511795230110151" name="v 5"><vulner_values><impact>2</impact><cost>8</cost><risk>2</risk><probability>0.2</probability><defense_cost>15</defense_cost><exploitability>0.417111037436</exploitability></vulner_values></vulnerability></or></vulnerabilities></node><node id="147648732591277715118143179566127418609" name="AS16"><host_values><impact>2</impact><risk>2</risk><probability>0.488</probability><defense_cost>15</defense_cost><cost>8</cost><threat_impact>{'E': 0.3, 'D': 0.2, 'I': 0.2, 'S': 0.0, 'R': 0.0, 'T': 0.3}</threat_impact><type>app server</type><exploitability>0.417111037436</exploitability></host_values><vulnerabilities><or><vulnerability id="286885205929157891837518699604273503115" name="v 3"><vulner_values><impact>2</impact><cost>8</cost><risk>2</risk><probability>0.2</probability><defense_cost>15</defense_cost><exploitability>0.417111037436</exploitability></vulner_values></vulnerability><vulnerability id="116336230229210331685928221071310512065" name="v 4"><vulner_values><impact>2</impact><cost>8</cost><risk>2</risk><probability>0.2</probability><defense_cost>15</defense_cost><exploitability>0.417111037436</exploitability></vulner_values></vulnerability><vulnerability id="155470220772225900919825962094033463700" name="v 5"><vulner_values><impact>2</impact><cost>8</cost><risk>2</risk><probability>0.2</probability><defense_cost>15</defense_cost><exploitability>0.417111037436</exploitability></vulner_values></vulnerability></or></vulnerabilities></node><node id="140673742736669485721993614285680069570" name="User14"><host_values><impact>10</impact><risk>10</risk><probability>1.0</probability><defense_cost>15</defense_cost><cost>0</cost><threat_impact>{'E': 0.4, 'D': 0.0, 'I': 0.2, 'S': 0.3, 'R': 0.1, 'T': 0.0}</threat_impact><type>user</type><exploitability>0.754671068631</exploitability></host_values><vulnerabilities><or><vulnerability id="209296502668234135253753062431242737379" name="v 6"><vulner_values><impact>10</impact><cost>0</cost><risk>10</risk><probability>1.0</probability><defense_cost>15</defense_cost><exploitability>0.754671068631</exploitability></vulner_values></vulnerability><vulnerability id="290902087841221524082549654064678046808" name="v 7"><vulner_values><impact>2</impact><cost>8</cost><risk>2</risk><probability>0.2</probability><defense_cost>15</defense_cost><exploitability>0.754671068631</exploitability></vulner_values></vulnerability><vulnerability id="172878216927622859819019493771591387892" name="v 8"><vulner_values><impact>4</impact><cost>6</cost><risk>4</risk><probability>0.4</probability><defense_cost>15</defense_cost><exploitability>0.754671068631</exploitability></vulner_values></vulnerability></or></vulnerabilities></node><node id="335893340148368910256720806578165332591" name="AS17"><host_values><impact>2</impact><risk>2</risk><probability>0.488</probability><defense_cost>15</defense_cost><cost>8</cost><threat_impact>{'E': 0.3, 'D': 0.2, 'I': 0.2, 'S': 0.0, 'R': 0.0, 'T': 0.3}</threat_impact><type>app server</type><exploitability>0.417111037436</exploitability></host_values><vulnerabilities><or><vulnerability id="171816674855038700966069924016613315980" name="v 3"><vulner_values><impact>2</impact><cost>8</cost><risk>2</risk><probability>0.2</probability><defense_cost>15</defense_cost><exploitability>0.417111037436</exploitability></vulner_values></vulnerability><vulnerability id="186026072412805412637085269741855584536" name="v 4"><vulner_values><impact>2</impact><cost>8</cost><risk>2</risk><probability>0.2</probability><defense_cost>15</defense_cost><exploitability>0.417111037436</exploitability></vulner_values></vulnerability><vulnerability id="113827958056132845675009909572746891993" name="v 5"><vulner_values><impact>2</impact><cost>8</cost><risk>2</risk><probability>0.2</probability><defense_cost>15</defense_cost><exploitability>0.417111037436</exploitability></vulner_values></vulnerability></or></vulnerabilities></node><node id="53961347619007225284732213188842406711" name="DB3"><host_values><impact>7</impact><risk>7</risk><probability>0.757</probability><defense_cost>15</defense_cost><cost>3</cost><threat_impact>{'E': 0.0, 'D': 0.3, 'I': 0.3, 'S': 0.0, 'R': 0.0, 'T': 0.4}</threat_impact><type>database</type><exploitability>0.220423258884</exploitability></host_values><vulnerabilities><or><vulnerability id="252202623976835000051875848665030968077" name="v 9"><vulner_values><impact>7</impact><cost>3</cost><risk>7</risk><probability>0.7</probability><defense_cost>15</defense_cost><exploitability>0.220423258884</exploitability></vulner_values></vulnerability><vulnerability id="123349175047175504142565105234792780482" name="v 10"><vulner_values><impact>1</impact><cost>9</cost><risk>1</risk><probability>0.1</probability><defense_cost>15</defense_cost><exploitability>0.220423258884</exploitability></vulner_values></vulnerability><vulnerability id="34352199651217875980224166558651925712" name="v 11"><vulner_values><impact>1</impact><cost>9</cost><risk>1</risk><probability>0.1</probability><defense_cost>15</defense_cost><exploitability>0.220423258884</exploitability></vulner_values></vulnerability></or></vulnerabilities></node><node id="220759188327202180360240680030226571451" name="DB0"><host_values><impact>7</impact><risk>7</risk><probability>0.757</probability><defense_cost>15</defense_cost><cost>3</cost><threat_impact>{'E': 0.0, 'D': 0.3, 'I': 0.3, 'S': 0.0, 'R': 0.0, 'T': 0.4}</threat_impact><type>database</type><exploitability>0.220423258884</exploitability></host_values><vulnerabilities><or><vulnerability id="45512331741239716048149544938288900526" name="v 9"><vulner_values><impact>7</impact><cost>3</cost><risk>7</risk><probability>0.7</probability><defense_cost>15</defense_cost><exploitability>0.220423258884</exploitability></vulner_values></vulnerability><vulnerability id="66088541890619752205053904757336738787" name="v 10"><vulner_values><impact>1</impact><cost>9</cost><risk>1</risk><probability>0.1</probability><defense_cost>15</defense_cost><exploitability>0.220423258884</exploitability></vulner_values></vulnerability><vulnerability id="109671265936839938995260749835331924792" name="v 11"><vulner_values><impact>1</impact><cost>9</cost><risk>1</risk><probability>0.1</probability><defense_cost>15</defense_cost><exploitability>0.220423258884</exploitability></vulner_values></vulnerability></or></vulnerabilities></node><node id="320919375141505347309864770983712602847" name="AS18"><host_values><impact>2</impact><risk>2</risk><probability>0.488</probability><defense_cost>15</defense_cost><cost>8</cost><threat_impact>{'E': 0.3, 'D': 0.2, 'I': 0.2, 'S': 0.0, 'R': 0.0, 'T': 0.3}</threat_impact><type>app server</type><exploitability>0.417111037436</exploitability></host_values><vulnerabilities><or><vulnerability id="317243430026091939719082073013859369356" name="v 3"><vulner_values><impact>2</impact><cost>8</cost><risk>2</risk><probability>0.2</probability><defense_cost>15</defense_cost><exploitability>0.417111037436</exploitability></vulner_values></vulnerability><vulnerability id="15322064586607818747310122300995892544" name="v 4"><vulner_values><impact>2</impact><cost>8</cost><risk>2</risk><probability>0.2</probability><defense_cost>15</defense_cost><exploitability>0.417111037436</exploitability></vulner_values></vulnerability><vulnerability id="128984738800197099276613781837772218632" name="v 5"><vulner_values><impact>2</impact><cost>8</cost><risk>2</risk><probability>0.2</probability><defense_cost>15</defense_cost><exploitability>0.417111037436</exploitability></vulner_values></vulnerability></or></vulnerabilities></node><node id="136888343359989519564683223158855670246" name="AS19"><host_values><impact>2</impact><risk>2</risk><probability>0.488</probability><defense_cost>15</defense_cost><cost>8</cost><threat_impact>{'E': 0.3, 'D': 0.2, 'I': 0.2, 'S': 0.0, 'R': 0.0, 'T': 0.3}</threat_impact><type>app server</type><exploitability>0.417111037436</exploitability></host_values><vulnerabilities><or><vulnerability id="339186799944087170472478651798363016863" name="v 3"><vulner_values><impact>2</impact><cost>8</cost><risk>2</risk><probability>0.2</probability><defense_cost>15</defense_cost><exploitability>0.417111037436</exploitability></vulner_values></vulnerability><vulnerability id="192471249551324523665379315093258614202" name="v 4"><vulner_values><impact>2</impact><cost>8</cost><risk>2</risk><probability>0.2</probability><defense_cost>15</defense_cost><exploitability>0.417111037436</exploitability></vulner_values></vulnerability><vulnerability id="334173496192829154194373905539343471187" name="v 5"><vulner_values><impact>2</impact><cost>8</cost><risk>2</risk><probability>0.2</probability><defense_cost>15</defense_cost><exploitability>0.417111037436</exploitability></vulner_values></vulnerability></or></vulnerabilities></node><node id="154520401858744538898462788401983467513" name="User0"><host_values><impact>10</impact><risk>10</risk><probability>1.0</probability><defense_cost>15</defense_cost><cost>0</cost><threat_impact>{'E': 0.4, 'D': 0.0, 'I': 0.2, 'S': 0.3, 'R': 0.1, 'T': 0.0}</threat_impact><type>user</type><exploitability>0.754671068631</exploitability></host_values><vulnerabilities><or><vulnerability id="94932128992347775942678443514595917275" name="v 6"><vulner_values><impact>10</impact><cost>0</cost><risk>10</risk><probability>1.0</probability><defense_cost>15</defense_cost><exploitability>0.754671068631</exploitability></vulner_values></vulnerability><vulnerability id="189206695043512144693920919042239721373" name="v 7"><vulner_values><impact>2</impact><cost>8</cost><risk>2</risk><probability>0.2</probability><defense_cost>15</defense_cost><exploitability>0.754671068631</exploitability></vulner_values></vulnerability><vulnerability id="72132805419259355814446525261120334289" name="v 8"><vulner_values><impact>4</impact><cost>6</cost><risk>4</risk><probability>0.4</probability><defense_cost>15</defense_cost><exploitability>0.754671068631</exploitability></vulner_values></vulnerability></or></vulnerabilities></node><node id="156451925742699909658762264737861028907" name="User3"><host_values><impact>10</impact><risk>10</risk><probability>1.0</probability><defense_cost>15</defense_cost><cost>0</cost><threat_impact>{'E': 0.4, 'D': 0.0, 'I': 0.2, 'S': 0.3, 'R': 0.1, 'T': 0.0}</threat_impact><type>user</type><exploitability>0.754671068631</exploitability></host_values><vulnerabilities><or><vulnerability id="148060080439495309219980827248510758095" name="v 6"><vulner_values><impact>10</impact><cost>0</cost><risk>10</risk><probability>1.0</probability><defense_cost>15</defense_cost><exploitability>0.754671068631</exploitability></vulner_values></vulnerability><vulnerability id="115945779641462471828585354230744814920" name="v 7"><vulner_values><impact>2</impact><cost>8</cost><risk>2</risk><probability>0.2</probability><defense_cost>15</defense_cost><exploitability>0.754671068631</exploitability></vulner_values></vulnerability><vulnerability id="268975881493210278061916599638614966641" name="v 8"><vulner_values><impact>4</impact><cost>6</cost><risk>4</risk><probability>0.4</probability><defense_cost>15</defense_cost><exploitability>0.754671068631</exploitability></vulner_values></vulnerability></or></vulnerabilities></node><node id="214824308327296146559082063557322801664" name="User1"><host_values><impact>10</impact><risk>10</risk><probability>1.0</probability><defense_cost>15</defense_cost><cost>0</cost><threat_impact>{'E': 0.4, 'D': 0.0, 'I': 0.2, 'S': 0.3, 'R': 0.1, 'T': 0.0}</threat_impact><type>user</type><exploitability>0.754671068631</exploitability></host_values><vulnerabilities><or><vulnerability id="17220690180049558483701454614948198329" name="v 6"><vulner_values><impact>10</impact><cost>0</cost><risk>10</risk><probability>1.0</probability><defense_cost>15</defense_cost><exploitability>0.754671068631</exploitability></vulner_values></vulnerability><vulnerability id="217036488147062765830639646637668121937" name="v 7"><vulner_values><impact>2</impact><cost>8</cost><risk>2</risk><probability>0.2</probability><defense_cost>15</defense_cost><exploitability>0.754671068631</exploitability></vulner_values></vulnerability><vulnerability id="177484993567116102942435444774418580506" name="v 8"><vulner_values><impact>4</impact><cost>6</cost><risk>4</risk><probability>0.4</probability><defense_cost>15</defense_cost><exploitability>0.754671068631</exploitability></vulner_values></vulnerability></or></vulnerabilities></node><node id="307066216756349924213171337742175842886" name="User2"><host_values><impact>10</impact><risk>10</risk><probability>1.0</probability><defense_cost>15</defense_cost><cost>0</cost><threat_impact>{'E': 0.4, 'D': 0.0, 'I': 0.2, 'S': 0.3, 'R': 0.1, 'T': 0.0}</threat_impact><type>user</type><exploitability>0.754671068631</exploitability></host_values><vulnerabilities><or><vulnerability id="204271938728032271455232027148893144915" name="v 6"><vulner_values><impact>10</impact><cost>0</cost><risk>10</risk><probability>1.0</probability><defense_cost>15</defense_cost><exploitability>0.754671068631</exploitability></vulner_values></vulnerability><vulnerability id="123388140027469868015644160663203849388" name="v 7"><vulner_values><impact>2</impact><cost>8</cost><risk>2</risk><probability>0.2</probability><defense_cost>15</defense_cost><exploitability>0.754671068631</exploitability></vulner_values></vulnerability><vulnerability id="321097687880595966837154535474351384773" name="v 8"><vulner_values><impact>4</impact><cost>6</cost><risk>4</risk><probability>0.4</probability><defense_cost>15</defense_cost><exploitability>0.754671068631</exploitability></vulner_values></vulnerability></or></vulnerabilities></node><node id="117326108532322207388465203832552732941" name="User15"><host_values><impact>10</impact><risk>10</risk><probability>1.0</probability><defense_cost>15</defense_cost><cost>0</cost><threat_impact>{'E': 0.4, 'D': 0.0, 'I': 0.2, 'S': 0.3, 'R': 0.1, 'T': 0.0}</threat_impact><type>user</type><exploitability>0.754671068631</exploitability></host_values><vulnerabilities><or><vulnerability id="102936154592426230888858658406903040529" name="v 6"><vulner_values><impact>10</impact><cost>0</cost><risk>10</risk><probability>1.0</probability><defense_cost>15</defense_cost><exploitability>0.754671068631</exploitability></vulner_values></vulnerability><vulnerability id="11893168814725562197356141014573466884" name="v 7"><vulner_values><impact>2</impact><cost>8</cost><risk>2</risk><probability>0.2</probability><defense_cost>15</defense_cost><exploitability>0.754671068631</exploitability></vulner_values></vulnerability><vulnerability id="269530747456113414964608676863266601004" name="v 8"><vulner_values><impact>4</impact><cost>6</cost><risk>4</risk><probability>0.4</probability><defense_cost>15</defense_cost><exploitability>0.754671068631</exploitability></vulner_values></vulnerability></or></vulnerabilities></node><node id="264526160454739984768368920474098636633" name="User18"><host_values><impact>10</impact><risk>10</risk><probability>1.0</probability><defense_cost>15</defense_cost><cost>0</cost><threat_impact>{'E': 0.4, 'D': 0.0, 'I': 0.2, 'S': 0.3, 'R': 0.1, 'T': 0.0}</threat_impact><type>user</type><exploitability>0.754671068631</exploitability></host_values><vulnerabilities><or><vulnerability id="26749663184513795615408500334054564011" name="v 6"><vulner_values><impact>10</impact><cost>0</cost><risk>10</risk><probability>1.0</probability><defense_cost>15</defense_cost><exploitability>0.754671068631</exploitability></vulner_values></vulnerability><vulnerability id="256551466003912106973048076788080523326" name="v 7"><vulner_values><impact>2</impact><cost>8</cost><risk>2</risk><probability>0.2</probability><defense_cost>15</defense_cost><exploitability>0.754671068631</exploitability></vulner_values></vulnerability><vulnerability id="226792674869286808220076968551389045011" name="v 8"><vulner_values><impact>4</impact><cost>6</cost><risk>4</risk><probability>0.4</probability><defense_cost>15</defense_cost><exploitability>0.754671068631</exploitability></vulner_values></vulnerability></or></vulnerabilities></node><node id="20176735906855367438757710382670361583" name="DB2"><host_values><impact>7</impact><risk>7</risk><probability>0.757</probability><defense_cost>15</defense_cost><cost>3</cost><threat_impact>{'E': 0.0, 'D': 0.3, 'I': 0.3, 'S': 0.0, 'R': 0.0, 'T': 0.4}</threat_impact><type>database</type><exploitability>0.220423258884</exploitability></host_values><vulnerabilities><or><vulnerability id="265129804224445664617748696545507020572" name="v 9"><vulner_values><impact>7</impact><cost>3</cost><risk>7</risk><probability>0.7</probability><defense_cost>15</defense_cost><exploitability>0.220423258884</exploitability></vulner_values></vulnerability><vulnerability id="229746302049021191269887907441595396045" name="v 10"><vulner_values><impact>1</impact><cost>9</cost><risk>1</risk><probability>0.1</probability><defense_cost>15</defense_cost><exploitability>0.220423258884</exploitability></vulner_values></vulnerability><vulnerability id="266379575300745805934320173157279522139" name="v 11"><vulner_values><impact>1</impact><cost>9</cost><risk>1</risk><probability>0.1</probability><defense_cost>15</defense_cost><exploitability>0.220423258884</exploitability></vulner_values></vulnerability></or></vulnerabilities></node><node id="5500712316610988245456488573411643459" name="User4"><host_values><impact>10</impact><risk>10</risk><probability>1.0</probability><defense_cost>15</defense_cost><cost>0</cost><threat_impact>{'E': 0.4, 'D': 0.0, 'I': 0.2, 'S': 0.3, 'R': 0.1, 'T': 0.0}</threat_impact><type>user</type><exploitability>0.754671068631</exploitability></host_values><vulnerabilities><or><vulnerability id="68390639299436764373454041501727841310" name="v 6"><vulner_values><impact>10</impact><cost>0</cost><risk>10</risk><probability>1.0</probability><defense_cost>15</defense_cost><exploitability>0.754671068631</exploitability></vulner_values></vulnerability><vulnerability id="110497029179742601124443150335683955956" name="v 7"><vulner_values><impact>2</impact><cost>8</cost><risk>2</risk><probability>0.2</probability><defense_cost>15</defense_cost><exploitability>0.754671068631</exploitability></vulner_values></vulnerability><vulnerability id="16979989979910050768442972606480836353" name="v 8"><vulner_values><impact>4</impact><cost>6</cost><risk>4</risk><probability>0.4</probability><defense_cost>15</defense_cost><exploitability>0.754671068631</exploitability></vulner_values></vulnerability></or></vulnerabilities></node></nodes><edges><edge><source>0</source><target>42</target></edge><edge><source>1</source><target>6</target></edge><edge><source>2</source><target>13</target></edge><edge><source>3</source><target>36</target></edge><edge><source>4</source><target>0</target></edge><edge><source>4</source><target>46</target></edge><edge><source>4</source><target>47</target></edge><edge><source>4</source><target>9</target></edge><edge><source>5</source><target>36</target></edge><edge><source>5</source><target>46</target></edge><edge><source>5</source><target>42</target></edge><edge><source>5</source><target>4</target></edge><edge><source>5</source><target>6</target></edge><edge><source>5</source><target>45</target></edge><edge><source>6</source><target>5</target></edge><edge><source>7</source><target>10</target></edge><edge><source>8</source><target>0</target></edge><edge><source>8</source><target>49</target></edge><edge><source>8</source><target>4</target></edge><edge><source>8</source><target>42</target></edge><edge><source>9</source><target>44</target></edge><edge><source>10</source><target>36</target></edge><edge><source>10</source><target>47</target></edge><edge><source>10</source><target>4</target></edge><edge><source>11</source><target>13</target></edge><edge><source>12</source><target>7</target></edge><edge><source>12</source><target>6</target></edge><edge><source>12</source><target>45</target></edge><edge><source>12</source><target>47</target></edge><edge><source>12</source><target>46</target></edge><edge><source>13</source><target>1</target></edge><edge><source>13</source><target>10</target></edge><edge><source>13</source><target>16</target></edge><edge><source>13</source><target>15</target></edge><edge><source>13</source><target>40</target></edge><edge><source>14</source><target>11</target></edge><edge><source>15</source><target>1</target></edge><edge><source>15</source><target>10</target></edge><edge><source>15</source><target>14</target></edge><edge><source>15</source><target>40</target></edge><edge><source>15</source><target>16</target></edge><edge><source>16</source><target>27</target></edge><edge><source>16</source><target>41</target></edge><edge><source>16</source><target>35</target></edge><edge><source>16</source><target>30</target></edge><edge><source>16</source><target>39</target></edge><edge><source>16</source><target>31</target></edge><edge><source>17</source><target>30</target></edge><edge><source>17</source><target>18</target></edge><edge><source>17</source><target>37</target></edge><edge><source>18</source><target>41</target></edge><edge><source>18</source><target>19</target></edge><edge><source>18</source><target>16</target></edge><edge><source>19</source><target>17</target></edge><edge><source>19</source><target>23</target></edge><edge><source>19</source><target>16</target></edge><edge><source>20</source><target>37</target></edge><edge><source>20</source><target>23</target></edge><edge><source>21</source><target>17</target></edge><edge><source>21</source><target>22</target></edge><edge><source>21</source><target>40</target></edge><edge><source>21</source><target>28</target></edge><edge><source>21</source><target>32</target></edge><edge><source>22</source><target>37</target></edge><edge><source>22</source><target>40</target></edge><edge><source>23</source><target>18</target></edge><edge><source>23</source><target>16</target></edge><edge><source>25</source><target>28</target></edge><edge><source>25</source><target>35</target></edge><edge><source>26</source><target>38</target></edge><edge><source>26</source><target>39</target></edge><edge><source>27</source><target>28</target></edge><edge><source>27</source><target>19</target></edge><edge><source>28</source><target>25</target></edge><edge><source>28</source><target>22</target></edge><edge><source>28</source><target>27</target></edge><edge><source>28</source><target>29</target></edge><edge><source>29</source><target>19</target></edge><edge><source>30</source><target>28</target></edge><edge><source>30</source><target>16</target></edge><edge><source>30</source><target>20</target></edge><edge><source>32</source><target>34</target></edge><edge><source>32</source><target>24</target></edge><edge><source>32</source><target>35</target></edge><edge><source>32</source><target>41</target></edge><edge><source>33</source><target>9</target></edge><edge><source>33</source><target>10</target></edge><edge><source>33</source><target>45</target></edge><edge><source>33</source><target>12</target></edge><edge><source>34</source><target>17</target></edge><edge><source>34</source><target>28</target></edge><edge><source>34</source><target>30</target></edge><edge><source>35</source><target>40</target></edge><edge><source>35</source><target>28</target></edge><edge><source>35</source><target>16</target></edge><edge><source>35</source><target>30</target></edge><edge><source>35</source><target>19</target></edge><edge><source>35</source><target>34</target></edge><edge><source>36</source><target>3</target></edge><edge><source>36</source><target>49</target></edge><edge><source>36</source><target>10</target></edge><edge><source>37</source><target>21</target></edge><edge><source>37</source><target>18</target></edge><edge><source>37</source><target>24</target></edge><edge><source>37</source><target>25</target></edge><edge><source>37</source><target>41</target></edge><edge><source>39</source><target>31</target></edge><edge><source>40</source><target>17</target></edge><edge><source>40</source><target>39</target></edge><edge><source>40</source><target>31</target></edge><edge><source>40</source><target>21</target></edge><edge><source>41</source><target>17</target></edge><edge><source>41</source><target>16</target></edge><edge><source>42</source><target>43</target></edge><edge><source>42</source><target>36</target></edge><edge><source>43</source><target>6</target></edge><edge><source>43</source><target>36</target></edge><edge><source>43</source><target>33</target></edge><edge><source>44</source><target>10</target></edge><edge><source>44</source><target>45</target></edge><edge><source>44</source><target>49</target></edge><edge><source>45</source><target>47</target></edge><edge><source>46</source><target>0</target></edge><edge><source>46</source><target>6</target></edge><edge><source>47</source><target>44</target></edge><edge><source>47</source><target>45</target></edge><edge><source>47</source><target>8</target></edge><edge><source>48</source><target>31</target></edge><edge><source>49</source><target>1</target></edge><edge><source>49</source><target>8</target></edge><edge><source>49</source><target>4</target></edge><edge><source>49</source><target>42</target></edge></edges></harm>