<harm><nodes><node id="309826397320082169970658418656985753253" name="WS6"><host_values><impact>10.0</impact><risk>10.0</risk><probability>1.0</probability><defense_cost>10</defense_cost><cost>0.1</cost><threat_impact>{'E': 0.4, 'D': 0.2, 'I': 0.2, 'S': 0.2, 'R': 0.0, 'T': 0.0}</threat_impact><type>web server</type><exploitability>0.341169351103</exploitability></host_values><vulnerabilities><or><vulnerability id="247323446296330206226153491577769915582" name="CVE-2017-8464"><vulner_values><impact>9.0</impact><cost>0.7</cost><risk>9.3</risk><probability>0.93</probability><defense_cost>10</defense_cost><exploitability>0.341169351103</exploitability></vulner_values></vulnerability><vulnerability id="255763690186038709384585763230107400131" name="CVE-2017-9953"><vulner_values><impact>5.0</impact><cost>5.0</cost><risk>5.0</risk><probability>0.5</probability><defense_cost>10</defense_cost><exploitability>0.341169351103</exploitability></vulner_values></vulnerability><vulnerability id="328210958246566722607960230927477402667" name="CVE-2017-8589"><vulner_values><impact>10.0</impact><cost>0.1</cost><risk>10.0</risk><probability>1.0</probability><defense_cost>10</defense_cost><exploitability>0.341169351103</exploitability></vulner_values></vulnerability></or></vulnerabilities></node><node id="74159393454097398439705723399961100366" name="WS7"><host_values><impact>10.0</impact><risk>10.0</risk><probability>1.0</probability><defense_cost>10</defense_cost><cost>0.1</cost><threat_impact>{'E': 0.4, 'D': 0.2, 'I': 0.2, 'S': 0.2, 'R': 0.0, 'T': 0.0}</threat_impact><type>web server</type><exploitability>0.341169351103</exploitability></host_values><vulnerabilities><or><vulnerability id="307140199666339944846142248835065774373" name="CVE-2017-8464"><vulner_values><impact>9.0</impact><cost>0.7</cost><risk>9.3</risk><probability>0.93</probability><defense_cost>10</defense_cost><exploitability>0.341169351103</exploitability></vulner_values></vulnerability><vulnerability id="166284892827707033330786002635596643455" name="CVE-2017-9953"><vulner_values><impact>5.0</impact><cost>5.0</cost><risk>5.0</risk><probability>0.5</probability><defense_cost>10</defense_cost><exploitability>0.341169351103</exploitability></vulner_values></vulnerability><vulnerability id="176441789126560312043779252624236194249" name="CVE-2017-8589"><vulner_values><impact>10.0</impact><cost>0.1</cost><risk>10.0</risk><probability>1.0</probability><defense_cost>10</defense_cost><exploitability>0.341169351103</exploitability></vulner_values></vulnerability></or></vulnerabilities></node><node id="301401030567741567776386803158702341955" name="WS8"><host_values><impact>10.0</impact><risk>10.0</risk><probability>1.0</probability><defense_cost>10</defense_cost><cost>0.1</cost><threat_impact>{'E': 0.4, 'D': 0.2, 'I': 0.2, 'S': 0.2, 'R': 0.0, 'T': 0.0}</threat_impact><type>web server</type><exploitability>0.341169351103</exploitability></host_values><vulnerabilities><or><vulnerability id="213869885222030917935271847168606514067" name="CVE-2017-8464"><vulner_values><impact>9.0</impact><cost>0.7</cost><risk>9.3</risk><probability>0.93</probability><defense_cost>10</defense_cost><exploitability>0.341169351103</exploitability></vulner_values></vulnerability><vulnerability id="132105432941250196409665508223345141819" name="CVE-2017-9953"><vulner_values><impact>5.0</impact><cost>5.0</cost><risk>5.0</risk><probability>0.5</probability><defense_cost>10</defense_cost><exploitability>0.341169351103</exploitability></vulner_values></vulnerability><vulnerability id="105637548851277727977778063364801269648" name="CVE-2017-8589"><vulner_values><impact>10.0</impact><cost>0.1</cost><risk>10.0</risk><probability>1.0</probability><defense_cost>10</defense_cost><exploitability>0.341169351103</exploitability></vulner_values></vulnerability></or></vulnerabilities></node><node id="230090896359297933102526351322255634680" name="WS9"><host_values><impact>10.0</impact><risk>10.0</risk><probability>1.0</probability><defense_cost>10</defense_cost><cost>0.1</cost><threat_impact>{'E': 0.4, 'D': 0.2, 'I': 0.2, 'S': 0.2, 'R': 0.0, 'T': 0.0}</threat_impact><type>web server</type><exploitability>0.341169351103</exploitability></host_values><vulnerabilities><or><vulnerability id="296547126886666597467769644442015842202" name="CVE-2017-8464"><vulner_values><impact>9.0</impact><cost>0.7</cost><risk>9.3</risk><probability>0.93</probability><defense_cost>10</defense_cost><exploitability>0.341169351103</exploitability></vulner_values></vulnerability><vulnerability id="221394580125405478872618322628647349644" name="CVE-2017-9953"><vulner_values><impact>5.0</impact><cost>5.0</cost><risk>5.0</risk><probability>0.5</probability><defense_cost>10</defense_cost><exploitability>0.341169351103</exploitability></vulner_values></vulnerability><vulnerability id="205663478211528381617715012530938625891" name="CVE-2017-8589"><vulner_values><impact>10.0</impact><cost>0.1</cost><risk>10.0</risk><probability>1.0</probability><defense_cost>10</defense_cost><exploitability>0.341169351103</exploitability></vulner_values></vulnerability></or></vulnerabilities></node><node id="11499443274138005116191614744609722907" name="WS10"><host_values><impact>10.0</impact><risk>10.0</risk><probability>1.0</probability><defense_cost>10</defense_cost><cost>0.1</cost><threat_impact>{'E': 0.4, 'D': 0.2, 'I': 0.2, 'S': 0.2, 'R': 0.0, 'T': 0.0}</threat_impact><type>web server</type><exploitability>0.341169351103</exploitability></host_values><vulnerabilities><or><vulnerability id="136922422061823403511223085062959983068" name="CVE-2017-8464"><vulner_values><impact>9.0</impact><cost>0.7</cost><risk>9.3</risk><probability>0.93</probability><defense_cost>10</defense_cost><exploitability>0.341169351103</exploitability></vulner_values></vulnerability><vulnerability id="124938742152135586037383363319687623292" name="CVE-2017-9953"><vulner_values><impact>5.0</impact><cost>5.0</cost><risk>5.0</risk><probability>0.5</probability><defense_cost>10</defense_cost><exploitability>0.341169351103</exploitability></vulner_values></vulnerability><vulnerability id="312446103960191625248544201871572449121" name="CVE-2017-8589"><vulner_values><impact>10.0</impact><cost>0.1</cost><risk>10.0</risk><probability>1.0</probability><defense_cost>10</defense_cost><exploitability>0.341169351103</exploitability></vulner_values></vulnerability></or></vulnerabilities></node><node id="7891121027800736652744134794640984667" name="WS11"><host_values><impact>10.0</impact><risk>10.0</risk><probability>1.0</probability><defense_cost>10</defense_cost><cost>0.1</cost><threat_impact>{'E': 0.4, 'D': 0.2, 'I': 0.2, 'S': 0.2, 'R': 0.0, 'T': 0.0}</threat_impact><type>web server</type><exploitability>0.341169351103</exploitability></host_values><vulnerabilities><or><vulnerability id="226969020640944517927679027695660630055" name="CVE-2017-8464"><vulner_values><impact>9.0</impact><cost>0.7</cost><risk>9.3</risk><probability>0.93</probability><defense_cost>10</defense_cost><exploitability>0.341169351103</exploitability></vulner_values></vulnerability><vulnerability id="305913700911824023789017340919431300349" name="CVE-2017-9953"><vulner_values><impact>5.0</impact><cost>5.0</cost><risk>5.0</risk><probability>0.5</probability><defense_cost>10</defense_cost><exploitability>0.341169351103</exploitability></vulner_values></vulnerability><vulnerability id="275532722571240625228774606988605815567" name="CVE-2017-8589"><vulner_values><impact>10.0</impact><cost>0.1</cost><risk>10.0</risk><probability>1.0</probability><defense_cost>10</defense_cost><exploitability>0.341169351103</exploitability></vulner_values></vulnerability></or></vulnerabilities></node><node id="250727411248740806586133607444505289013" name="WS12"><host_values><impact>10.0</impact><risk>10.0</risk><probability>1.0</probability><defense_cost>10</defense_cost><cost>0.1</cost><threat_impact>{'E': 0.4, 'D': 0.2, 'I': 0.2, 'S': 0.2, 'R': 0.0, 'T': 0.0}</threat_impact><type>web server</type><exploitability>0.341169351103</exploitability></host_values><vulnerabilities><or><vulnerability id="228609991231594088754648314064205764575" name="CVE-2017-8464"><vulner_values><impact>9.0</impact><cost>0.7</cost><risk>9.3</risk><probability>0.93</probability><defense_cost>10</defense_cost><exploitability>0.341169351103</exploitability></vulner_values></vulnerability><vulnerability id="94530551052127714282047755183377674624" name="CVE-2017-9953"><vulner_values><impact>5.0</impact><cost>5.0</cost><risk>5.0</risk><probability>0.5</probability><defense_cost>10</defense_cost><exploitability>0.341169351103</exploitability></vulner_values></vulnerability><vulnerability id="175829383187391186454939233775259434814" name="CVE-2017-8589"><vulner_values><impact>10.0</impact><cost>0.1</cost><risk>10.0</risk><probability>1.0</probability><defense_cost>10</defense_cost><exploitability>0.341169351103</exploitability></vulner_values></vulnerability></or></vulnerabilities></node><node id="340102542640004651810381726997153963940" name="WS13"><host_values><impact>10.0</impact><risk>10.0</risk><probability>1.0</probability><defense_cost>10</defense_cost><cost>0.1</cost><threat_impact>{'E': 0.4, 'D': 0.2, 'I': 0.2, 'S': 0.2, 'R': 0.0, 'T': 0.0}</threat_impact><type>web server</type><exploitability>0.341169351103</exploitability></host_values><vulnerabilities><or><vulnerability id="179035927616183578231270044917488004831" name="CVE-2017-8464"><vulner_values><impact>9.0</impact><cost>0.7</cost><risk>9.3</risk><probability>0.93</probability><defense_cost>10</defense_cost><exploitability>0.341169351103</exploitability></vulner_values></vulnerability><vulnerability id="285931825630406644383347319708756009443" name="CVE-2017-9953"><vulner_values><impact>5.0</impact><cost>5.0</cost><risk>5.0</risk><probability>0.5</probability><defense_cost>10</defense_cost><exploitability>0.341169351103</exploitability></vulner_values></vulnerability><vulnerability id="278964477455134278015326408611056874704" name="CVE-2017-8589"><vulner_values><impact>10.0</impact><cost>0.1</cost><risk>10.0</risk><probability>1.0</probability><defense_cost>10</defense_cost><exploitability>0.341169351103</exploitability></vulner_values></vulnerability></or></vulnerabilities></node><node id="55124455781504653497941255721926574593" name="WS14"><host_values><impact>10.0</impact><risk>10.0</risk><probability>1.0</probability><defense_cost>10</defense_cost><cost>0.1</cost><threat_impact>{'E': 0.4, 'D': 0.2, 'I': 0.2, 'S': 0.2, 'R': 0.0, 'T': 0.0}</threat_impact><type>web server</type><exploitability>0.341169351103</exploitability></host_values><vulnerabilities><or><vulnerability id="316941914123212809670168418634359657394" name="CVE-2017-8464"><vulner_values><impact>9.0</impact><cost>0.7</cost><risk>9.3</risk><probability>0.93</probability><defense_cost>10</defense_cost><exploitability>0.341169351103</exploitability></vulner_values></vulnerability><vulnerability id="37411110973983852887464218584919120734" name="CVE-2017-9953"><vulner_values><impact>5.0</impact><cost>5.0</cost><risk>5.0</risk><probability>0.5</probability><defense_cost>10</defense_cost><exploitability>0.341169351103</exploitability></vulner_values></vulnerability><vulnerability id="257514474134453812310841751658383957188" name="CVE-2017-8589"><vulner_values><impact>10.0</impact><cost>0.1</cost><risk>10.0</risk><probability>1.0</probability><defense_cost>10</defense_cost><exploitability>0.341169351103</exploitability></vulner_values></vulnerability></or></vulnerabilities></node><node id="29984250879909569135840005203473342861" name="WS15"><host_values><impact>10.0</impact><risk>10.0</risk><probability>1.0</probability><defense_cost>10</defense_cost><cost>0.1</cost><threat_impact>{'E': 0.4, 'D': 0.2, 'I': 0.2, 'S': 0.2, 'R': 0.0, 'T': 0.0}</threat_impact><type>web server</type><exploitability>0.341169351103</exploitability></host_values><vulnerabilities><or><vulnerability id="111957084824889391708194235325038672763" name="CVE-2017-8464"><vulner_values><impact>9.0</impact><cost>0.7</cost><risk>9.3</risk><probability>0.93</probability><defense_cost>10</defense_cost><exploitability>0.341169351103</exploitability></vulner_values></vulnerability><vulnerability id="99506386990875778171648154602634161797" name="CVE-2017-9953"><vulner_values><impact>5.0</impact><cost>5.0</cost><risk>5.0</risk><probability>0.5</probability><defense_cost>10</defense_cost><exploitability>0.341169351103</exploitability></vulner_values></vulnerability><vulnerability id="32801292502047020082633395385995804435" name="CVE-2017-8589"><vulner_values><impact>10.0</impact><cost>0.1</cost><risk>10.0</risk><probability>1.0</probability><defense_cost>10</defense_cost><exploitability>0.341169351103</exploitability></vulner_values></vulnerability></or></vulnerabilities></node><node id="211819552108290009728376548736534818454" name="AS0"><host_values><impact>10.0</impact><risk>10.0</risk><probability>1.0</probability><defense_cost>5.0</defense_cost><cost>1</cost><threat_impact>{'E': 0.3, 'D': 0.2, 'I': 0.2, 'S': 0.0, 'R': 0.0, 'T': 0.3}</threat_impact><type>app server</type><exploitability>0.341169351103</exploitability></host_values><vulnerabilities><or><vulnerability id="40008927935500546312905218369911721286" name="CVE-2015-5479"><vulner_values><impact>2</impact><cost>5.7</cost><risk>4.3</risk><probability>0.43</probability><defense_cost>5.0</defense_cost><exploitability>0.341169351103</exploitability></vulner_values></vulnerability><vulnerability id="265248070298168165549671502951719339664" name="CVE-2017-2002"><vulner_values><impact>5.0</impact><cost>3.0</cost><risk>7.0</risk><probability>0.7</probability><defense_cost>10</defense_cost><exploitability>0.341169351103</exploitability></vulner_values></vulnerability><vulnerability id="33897673864330019762062146793505044657" name="CVE-2017-2001"><vulner_values><impact>10.0</impact><cost>1</cost><risk>10.0</risk><probability>1.0</probability><defense_cost>10</defense_cost><exploitability>0.341169351103</exploitability></vulner_values></vulnerability></or></vulnerabilities></node><node id="26573018289067021652581465116146967810" name="AS1"><host_values><impact>10.0</impact><risk>10.0</risk><probability>1.0</probability><defense_cost>5.0</defense_cost><cost>1</cost><threat_impact>{'E': 0.3, 'D': 0.2, 'I': 0.2, 'S': 0.0, 'R': 0.0, 'T': 0.3}</threat_impact><type>app server</type><exploitability>0.341169351103</exploitability></host_values><vulnerabilities><or><vulnerability id="109789412380319036878113307145412083132" name="CVE-2015-5479"><vulner_values><impact>2</impact><cost>5.7</cost><risk>4.3</risk><probability>0.43</probability><defense_cost>5.0</defense_cost><exploitability>0.341169351103</exploitability></vulner_values></vulnerability><vulnerability id="88082843336591680882950158647034007173" name="CVE-2017-2002"><vulner_values><impact>5.0</impact><cost>3.0</cost><risk>7.0</risk><probability>0.7</probability><defense_cost>10</defense_cost><exploitability>0.341169351103</exploitability></vulner_values></vulnerability><vulnerability id="244649863465657654557791949455027084239" name="CVE-2017-2001"><vulner_values><impact>10.0</impact><cost>1</cost><risk>10.0</risk><probability>1.0</probability><defense_cost>10</defense_cost><exploitability>0.341169351103</exploitability></vulner_values></vulnerability></or></vulnerabilities></node><node id="125667633270415218524423822469085822061" name="AS2"><host_values><impact>10.0</impact><risk>10.0</risk><probability>1.0</probability><defense_cost>5.0</defense_cost><cost>1</cost><threat_impact>{'E': 0.3, 'D': 0.2, 'I': 0.2, 'S': 0.0, 'R': 0.0, 'T': 0.3}</threat_impact><type>app server</type><exploitability>0.341169351103</exploitability></host_values><vulnerabilities><or><vulnerability id="207858919023441245089578062599957514413" name="CVE-2015-5479"><vulner_values><impact>2</impact><cost>5.7</cost><risk>4.3</risk><probability>0.43</probability><defense_cost>5.0</defense_cost><exploitability>0.341169351103</exploitability></vulner_values></vulnerability><vulnerability id="41605418725356133970773026525512040986" name="CVE-2017-2002"><vulner_values><impact>5.0</impact><cost>3.0</cost><risk>7.0</risk><probability>0.7</probability><defense_cost>10</defense_cost><exploitability>0.341169351103</exploitability></vulner_values></vulnerability><vulnerability id="327775225933637463277088721264140088615" name="CVE-2017-2001"><vulner_values><impact>10.0</impact><cost>1</cost><risk>10.0</risk><probability>1.0</probability><defense_cost>10</defense_cost><exploitability>0.341169351103</exploitability></vulner_values></vulnerability></or></vulnerabilities></node><node id="257237777957136954748836894698903180704" name="AS3"><host_values><impact>10.0</impact><risk>10.0</risk><probability>1.0</probability><defense_cost>5.0</defense_cost><cost>1</cost><threat_impact>{'E': 0.3, 'D': 0.2, 'I': 0.2, 'S': 0.0, 'R': 0.0, 'T': 0.3}</threat_impact><type>app server</type><exploitability>0.341169351103</exploitability></host_values><vulnerabilities><or><vulnerability id="15608901245282252808371201087833615751" name="CVE-2015-5479"><vulner_values><impact>2</impact><cost>5.7</cost><risk>4.3</risk><probability>0.43</probability><defense_cost>5.0</defense_cost><exploitability>0.341169351103</exploitability></vulner_values></vulnerability><vulnerability id="137379371248332263098631132570439839951" name="CVE-2017-2002"><vulner_values><impact>5.0</impact><cost>3.0</cost><risk>7.0</risk><probability>0.7</probability><defense_cost>10</defense_cost><exploitability>0.341169351103</exploitability></vulner_values></vulnerability><vulnerability id="190459034358231776107365928302857160759" name="CVE-2017-2001"><vulner_values><impact>10.0</impact><cost>1</cost><risk>10.0</risk><probability>1.0</probability><defense_cost>10</defense_cost><exploitability>0.341169351103</exploitability></vulner_values></vulnerability></or></vulnerabilities></node><node id="337326176840158566948360995744865632201" name="AS4"><host_values><impact>10.0</impact><risk>10.0</risk><probability>1.0</probability><defense_cost>5.0</defense_cost><cost>1</cost><threat_impact>{'E': 0.3, 'D': 0.2, 'I': 0.2, 'S': 0.0, 'R': 0.0, 'T': 0.3}</threat_impact><type>app server</type><exploitability>0.341169351103</exploitability></host_values><vulnerabilities><or><vulnerability id="124449153043813682731870873488478723117" name="CVE-2015-5479"><vulner_values><impact>2</impact><cost>5.7</cost><risk>4.3</risk><probability>0.43</probability><defense_cost>5.0</defense_cost><exploitability>0.341169351103</exploitability></vulner_values></vulnerability><vulnerability id="23766953040392967897632482641244755352" name="CVE-2017-2002"><vulner_values><impact>5.0</impact><cost>3.0</cost><risk>7.0</risk><probability>0.7</probability><defense_cost>10</defense_cost><exploitability>0.341169351103</exploitability></vulner_values></vulnerability><vulnerability id="245260068091920748991766090764582720192" name="CVE-2017-2001"><vulner_values><impact>10.0</impact><cost>1</cost><risk>10.0</risk><probability>1.0</probability><defense_cost>10</defense_cost><exploitability>0.341169351103</exploitability></vulner_values></vulnerability></or></vulnerabilities></node><node id="330417684099876082455785486605028640779" name="AS5"><host_values><impact>10.0</impact><risk>10.0</risk><probability>1.0</probability><defense_cost>5.0</defense_cost><cost>1</cost><threat_impact>{'E': 0.3, 'D': 0.2, 'I': 0.2, 'S': 0.0, 'R': 0.0, 'T': 0.3}</threat_impact><type>app server</type><exploitability>0.341169351103</exploitability></host_values><vulnerabilities><or><vulnerability id="214334389654311008053139343398492426597" name="CVE-2015-5479"><vulner_values><impact>2</impact><cost>5.7</cost><risk>4.3</risk><probability>0.43</probability><defense_cost>5.0</defense_cost><exploitability>0.341169351103</exploitability></vulner_values></vulnerability><vulnerability id="273277599661622843788109370046507244516" name="CVE-2017-2002"><vulner_values><impact>5.0</impact><cost>3.0</cost><risk>7.0</risk><probability>0.7</probability><defense_cost>10</defense_cost><exploitability>0.341169351103</exploitability></vulner_values></vulnerability><vulnerability id="300274043654907865653155794834444989525" name="CVE-2017-2001"><vulner_values><impact>10.0</impact><cost>1</cost><risk>10.0</risk><probability>1.0</probability><defense_cost>10</defense_cost><exploitability>0.341169351103</exploitability></vulner_values></vulnerability></or></vulnerabilities></node><node id="174954105468217678555552679344852515902" name="AS6"><host_values><impact>10.0</impact><risk>10.0</risk><probability>1.0</probability><defense_cost>5.0</defense_cost><cost>1</cost><threat_impact>{'E': 0.3, 'D': 0.2, 'I': 0.2, 'S': 0.0, 'R': 0.0, 'T': 0.3}</threat_impact><type>app server</type><exploitability>0.341169351103</exploitability></host_values><vulnerabilities><or><vulnerability id="55140256133133611753182091376222619377" name="CVE-2015-5479"><vulner_values><impact>2</impact><cost>5.7</cost><risk>4.3</risk><probability>0.43</probability><defense_cost>5.0</defense_cost><exploitability>0.341169351103</exploitability></vulner_values></vulnerability><vulnerability id="308169215359586021905770197958340835863" name="CVE-2017-2002"><vulner_values><impact>5.0</impact><cost>3.0</cost><risk>7.0</risk><probability>0.7</probability><defense_cost>10</defense_cost><exploitability>0.341169351103</exploitability></vulner_values></vulnerability><vulnerability id="171126565295068285333968714764554838233" name="CVE-2017-2001"><vulner_values><impact>10.0</impact><cost>1</cost><risk>10.0</risk><probability>1.0</probability><defense_cost>10</defense_cost><exploitability>0.341169351103</exploitability></vulner_values></vulnerability></or></vulnerabilities></node><node id="305164926645168578670849592422665180538" name="AS7"><host_values><impact>10.0</impact><risk>10.0</risk><probability>1.0</probability><defense_cost>5.0</defense_cost><cost>1</cost><threat_impact>{'E': 0.3, 'D': 0.2, 'I': 0.2, 'S': 0.0, 'R': 0.0, 'T': 0.3}</threat_impact><type>app server</type><exploitability>0.341169351103</exploitability></host_values><vulnerabilities><or><vulnerability id="52437709622498709623438053916446829071" name="CVE-2015-5479"><vulner_values><impact>2</impact><cost>5.7</cost><risk>4.3</risk><probability>0.43</probability><defense_cost>5.0</defense_cost><exploitability>0.341169351103</exploitability></vulner_values></vulnerability><vulnerability id="69042371842727544811150372948710860615" name="CVE-2017-2002"><vulner_values><impact>5.0</impact><cost>3.0</cost><risk>7.0</risk><probability>0.7</probability><defense_cost>10</defense_cost><exploitability>0.341169351103</exploitability></vulner_values></vulnerability><vulnerability id="99488586286099215432492390519599641923" name="CVE-2017-2001"><vulner_values><impact>10.0</impact><cost>1</cost><risk>10.0</risk><probability>1.0</probability><defense_cost>10</defense_cost><exploitability>0.341169351103</exploitability></vulner_values></vulnerability></or></vulnerabilities></node><node id="318975740532038534047438121848838212694" name="AS8"><host_values><impact>10.0</impact><risk>10.0</risk><probability>1.0</probability><defense_cost>5.0</defense_cost><cost>1</cost><threat_impact>{'E': 0.3, 'D': 0.2, 'I': 0.2, 'S': 0.0, 'R': 0.0, 'T': 0.3}</threat_impact><type>app server</type><exploitability>0.341169351103</exploitability></host_values><vulnerabilities><or><vulnerability id="88958143268563430836672412947606427769" name="CVE-2015-5479"><vulner_values><impact>2</impact><cost>5.7</cost><risk>4.3</risk><probability>0.43</probability><defense_cost>5.0</defense_cost><exploitability>0.341169351103</exploitability></vulner_values></vulnerability><vulnerability id="218433397400608524717273379742998194504" name="CVE-2017-2002"><vulner_values><impact>5.0</impact><cost>3.0</cost><risk>7.0</risk><probability>0.7</probability><defense_cost>10</defense_cost><exploitability>0.341169351103</exploitability></vulner_values></vulnerability><vulnerability id="134970612314941181168128359960304443153" name="CVE-2017-2001"><vulner_values><impact>10.0</impact><cost>1</cost><risk>10.0</risk><probability>1.0</probability><defense_cost>10</defense_cost><exploitability>0.341169351103</exploitability></vulner_values></vulnerability></or></vulnerabilities></node><node id="203063325993505798363863204994128894660" name="AS9"><host_values><impact>10.0</impact><risk>10.0</risk><probability>1.0</probability><defense_cost>5.0</defense_cost><cost>1</cost><threat_impact>{'E': 0.3, 'D': 0.2, 'I': 0.2, 'S': 0.0, 'R': 0.0, 'T': 0.3}</threat_impact><type>app server</type><exploitability>0.341169351103</exploitability></host_values><vulnerabilities><or><vulnerability id="38690957278155023229400422102243598199" name="CVE-2015-5479"><vulner_values><impact>2</impact><cost>5.7</cost><risk>4.3</risk><probability>0.43</probability><defense_cost>5.0</defense_cost><exploitability>0.341169351103</exploitability></vulner_values></vulnerability><vulnerability id="207591915968679903311796584194368163504" name="CVE-2017-2002"><vulner_values><impact>5.0</impact><cost>3.0</cost><risk>7.0</risk><probability>0.7</probability><defense_cost>10</defense_cost><exploitability>0.341169351103</exploitability></vulner_values></vulnerability><vulnerability id="302781866227628085845198870735566869793" name="CVE-2017-2001"><vulner_values><impact>10.0</impact><cost>1</cost><risk>10.0</risk><probability>1.0</probability><defense_cost>10</defense_cost><exploitability>0.341169351103</exploitability></vulner_values></vulnerability></or></vulnerabilities></node><node id="157219257851089087409114298253378140016" name="AS10"><host_values><impact>10.0</impact><risk>10.0</risk><probability>1.0</probability><defense_cost>5.0</defense_cost><cost>1</cost><threat_impact>{'E': 0.3, 'D': 0.2, 'I': 0.2, 'S': 0.0, 'R': 0.0, 'T': 0.3}</threat_impact><type>app server</type><exploitability>0.341169351103</exploitability></host_values><vulnerabilities><or><vulnerability id="28625559279622649137040562895298806955" name="CVE-2015-5479"><vulner_values><impact>2</impact><cost>5.7</cost><risk>4.3</risk><probability>0.43</probability><defense_cost>5.0</defense_cost><exploitability>0.341169351103</exploitability></vulner_values></vulnerability><vulnerability id="99047022438589946106079733834413054594" name="CVE-2017-2002"><vulner_values><impact>5.0</impact><cost>3.0</cost><risk>7.0</risk><probability>0.7</probability><defense_cost>10</defense_cost><exploitability>0.341169351103</exploitability></vulner_values></vulnerability><vulnerability id="324103627480154212263184031814955037051" name="CVE-2017-2001"><vulner_values><impact>10.0</impact><cost>1</cost><risk>10.0</risk><probability>1.0</probability><defense_cost>10</defense_cost><exploitability>0.341169351103</exploitability></vulner_values></vulnerability></or></vulnerabilities></node><node id="295995367236324485388490191695440845637" name="AS11"><host_values><impact>10.0</impact><risk>10.0</risk><probability>1.0</probability><defense_cost>5.0</defense_cost><cost>1</cost><threat_impact>{'E': 0.3, 'D': 0.2, 'I': 0.2, 'S': 0.0, 'R': 0.0, 'T': 0.3}</threat_impact><type>app server</type><exploitability>0.341169351103</exploitability></host_values><vulnerabilities><or><vulnerability id="139187408778937649915645498113542873715" name="CVE-2015-5479"><vulner_values><impact>2</impact><cost>5.7</cost><risk>4.3</risk><probability>0.43</probability><defense_cost>5.0</defense_cost><exploitability>0.341169351103</exploitability></vulner_values></vulnerability><vulnerability id="126997303046259320957132363281359871549" name="CVE-2017-2002"><vulner_values><impact>5.0</impact><cost>3.0</cost><risk>7.0</risk><probability>0.7</probability><defense_cost>10</defense_cost><exploitability>0.341169351103</exploitability></vulner_values></vulnerability><vulnerability id="239053489927036722065468895394583913384" name="CVE-2017-2001"><vulner_values><impact>10.0</impact><cost>1</cost><risk>10.0</risk><probability>1.0</probability><defense_cost>10</defense_cost><exploitability>0.341169351103</exploitability></vulner_values></vulnerability></or></vulnerabilities></node><node id="5481043519764135394265655776975969768" name="User0"><host_values><impact>10.0</impact><risk>9.1</risk><probability>0.6922</probability><defense_cost>5.0</defense_cost><cost>1.0</cost><threat_impact>{'E': 0.4, 'D': 0.0, 'I': 0.2, 'S': 0.3, 'R': 0.1, 'T': 0.0}</threat_impact><type>user</type><exploitability>0.341169351103</exploitability></host_values><vulnerabilities><or><vulnerability id="158815789834848955899372938344744690750" name="CVE-2015-2004"><vulner_values><impact>2</impact><cost>5.7</cost><risk>4.3</risk><probability>0.43</probability><defense_cost>5.0</defense_cost><exploitability>0.341169351103</exploitability></vulner_values></vulnerability><vulnerability id="280442395850879610065379342347477527862" name="CVE-2017-2005"><vulner_values><impact>10.0</impact><cost>1.0</cost><risk>9.1</risk><probability>0.1</probability><defense_cost>10</defense_cost><exploitability>0.341169351103</exploitability></vulner_values></vulnerability><vulnerability id="313591578480267225525219971981927894233" name="CVE-2017-2003"><vulner_values><impact>9.0</impact><cost>4.0</cost><risk>6.0</risk><probability>0.4</probability><defense_cost>10</defense_cost><exploitability>0.341169351103</exploitability></vulner_values></vulnerability></or></vulnerabilities></node><node id="124339387266294095371349620850064662872" name="User1"><host_values><impact>10.0</impact><risk>9.1</risk><probability>0.6922</probability><defense_cost>5.0</defense_cost><cost>1.0</cost><threat_impact>{'E': 0.4, 'D': 0.0, 'I': 0.2, 'S': 0.3, 'R': 0.1, 'T': 0.0}</threat_impact><type>user</type><exploitability>0.341169351103</exploitability></host_values><vulnerabilities><or><vulnerability id="53470592406019250910114537247372519494" name="CVE-2015-2004"><vulner_values><impact>2</impact><cost>5.7</cost><risk>4.3</risk><probability>0.43</probability><defense_cost>5.0</defense_cost><exploitability>0.341169351103</exploitability></vulner_values></vulnerability><vulnerability id="289369734546153518442848676560555228309" name="CVE-2017-2005"><vulner_values><impact>10.0</impact><cost>1.0</cost><risk>9.1</risk><probability>0.1</probability><defense_cost>10</defense_cost><exploitability>0.341169351103</exploitability></vulner_values></vulnerability><vulnerability id="297695284828857335700390222646245596351" name="CVE-2017-2003"><vulner_values><impact>9.0</impact><cost>4.0</cost><risk>6.0</risk><probability>0.4</probability><defense_cost>10</defense_cost><exploitability>0.341169351103</exploitability></vulner_values></vulnerability></or></vulnerabilities></node><node id="69087527972149742463084554761990996681" name="User2"><host_values><impact>10.0</impact><risk>9.1</risk><probability>0.6922</probability><defense_cost>5.0</defense_cost><cost>1.0</cost><threat_impact>{'E': 0.4, 'D': 0.0, 'I': 0.2, 'S': 0.3, 'R': 0.1, 'T': 0.0}</threat_impact><type>user</type><exploitability>0.341169351103</exploitability></host_values><vulnerabilities><or><vulnerability id="28609590316147772944059207716837905263" name="CVE-2015-2004"><vulner_values><impact>2</impact><cost>5.7</cost><risk>4.3</risk><probability>0.43</probability><defense_cost>5.0</defense_cost><exploitability>0.341169351103</exploitability></vulner_values></vulnerability><vulnerability id="324326876563347866446824661533599922041" name="CVE-2017-2005"><vulner_values><impact>10.0</impact><cost>1.0</cost><risk>9.1</risk><probability>0.1</probability><defense_cost>10</defense_cost><exploitability>0.341169351103</exploitability></vulner_values></vulnerability><vulnerability id="259665989388209666163333062026717187620" name="CVE-2017-2003"><vulner_values><impact>9.0</impact><cost>4.0</cost><risk>6.0</risk><probability>0.4</probability><defense_cost>10</defense_cost><exploitability>0.341169351103</exploitability></vulner_values></vulnerability></or></vulnerabilities></node><node id="165882721661780832881536996109820191717" name="User3"><host_values><impact>10.0</impact><risk>9.1</risk><probability>0.6922</probability><defense_cost>5.0</defense_cost><cost>1.0</cost><threat_impact>{'E': 0.4, 'D': 0.0, 'I': 0.2, 'S': 0.3, 'R': 0.1, 'T': 0.0}</threat_impact><type>user</type><exploitability>0.341169351103</exploitability></host_values><vulnerabilities><or><vulnerability id="192757267639947032190193410968202653698" name="CVE-2015-2004"><vulner_values><impact>2</impact><cost>5.7</cost><risk>4.3</risk><probability>0.43</probability><defense_cost>5.0</defense_cost><exploitability>0.341169351103</exploitability></vulner_values></vulnerability><vulnerability id="201662399138271149673276775923057749921" name="CVE-2017-2005"><vulner_values><impact>10.0</impact><cost>1.0</cost><risk>9.1</risk><probability>0.1</probability><defense_cost>10</defense_cost><exploitability>0.341169351103</exploitability></vulner_values></vulnerability><vulnerability id="294283214316573599623264669768796007671" name="CVE-2017-2003"><vulner_values><impact>9.0</impact><cost>4.0</cost><risk>6.0</risk><probability>0.4</probability><defense_cost>10</defense_cost><exploitability>0.341169351103</exploitability></vulner_values></vulnerability></or></vulnerabilities></node><node id="233169557686650726209945621464623577553" name="User4"><host_values><impact>10.0</impact><risk>9.1</risk><probability>0.6922</probability><defense_cost>5.0</defense_cost><cost>1.0</cost><threat_impact>{'E': 0.4, 'D': 0.0, 'I': 0.2, 'S': 0.3, 'R': 0.1, 'T': 0.0}</threat_impact><type>user</type><exploitability>0.341169351103</exploitability></host_values><vulnerabilities><or><vulnerability id="107741428034133204979219516299738754464" name="CVE-2015-2004"><vulner_values><impact>2</impact><cost>5.7</cost><risk>4.3</risk><probability>0.43</probability><defense_cost>5.0</defense_cost><exploitability>0.341169351103</exploitability></vulner_values></vulnerability><vulnerability id="158669316502704470406296269448774030932" name="CVE-2017-2005"><vulner_values><impact>10.0</impact><cost>1.0</cost><risk>9.1</risk><probability>0.1</probability><defense_cost>10</defense_cost><exploitability>0.341169351103</exploitability></vulner_values></vulnerability><vulnerability id="50871234317682573845170277805594538257" name="CVE-2017-2003"><vulner_values><impact>9.0</impact><cost>4.0</cost><risk>6.0</risk><probability>0.4</probability><defense_cost>10</defense_cost><exploitability>0.341169351103</exploitability></vulner_values></vulnerability></or></vulnerabilities></node><node id="249936039808192138197727823430041845745" name="User5"><host_values><impact>10.0</impact><risk>9.1</risk><probability>0.6922</probability><defense_cost>5.0</defense_cost><cost>1.0</cost><threat_impact>{'E': 0.4, 'D': 0.0, 'I': 0.2, 'S': 0.3, 'R': 0.1, 'T': 0.0}</threat_impact><type>user</type><exploitability>0.341169351103</exploitability></host_values><vulnerabilities><or><vulnerability id="166809528501335292943579352892896190719" name="CVE-2015-2004"><vulner_values><impact>2</impact><cost>5.7</cost><risk>4.3</risk><probability>0.43</probability><defense_cost>5.0</defense_cost><exploitability>0.341169351103</exploitability></vulner_values></vulnerability><vulnerability id="165170745954041135698103718800958541926" name="CVE-2017-2005"><vulner_values><impact>10.0</impact><cost>1.0</cost><risk>9.1</risk><probability>0.1</probability><defense_cost>10</defense_cost><exploitability>0.341169351103</exploitability></vulner_values></vulnerability><vulnerability id="221547894763083666448775962931023644944" name="CVE-2017-2003"><vulner_values><impact>9.0</impact><cost>4.0</cost><risk>6.0</risk><probability>0.4</probability><defense_cost>10</defense_cost><exploitability>0.341169351103</exploitability></vulner_values></vulnerability></or></vulnerabilities></node><node id="153318211339555731985098517574414559314" name="User6"><host_values><impact>10.0</impact><risk>9.1</risk><probability>0.6922</probability><defense_cost>5.0</defense_cost><cost>1.0</cost><threat_impact>{'E': 0.4, 'D': 0.0, 'I': 0.2, 'S': 0.3, 'R': 0.1, 'T': 0.0}</threat_impact><type>user</type><exploitability>0.341169351103</exploitability></host_values><vulnerabilities><or><vulnerability id="175801232921008451002959469149069983648" name="CVE-2015-2004"><vulner_values><impact>2</impact><cost>5.7</cost><risk>4.3</risk><probability>0.43</probability><defense_cost>5.0</defense_cost><exploitability>0.341169351103</exploitability></vulner_values></vulnerability><vulnerability id="204168452575249060840071979089739921885" name="CVE-2017-2005"><vulner_values><impact>10.0</impact><cost>1.0</cost><risk>9.1</risk><probability>0.1</probability><defense_cost>10</defense_cost><exploitability>0.341169351103</exploitability></vulner_values></vulnerability><vulnerability id="25648142482206943366889034353696995262" name="CVE-2017-2003"><vulner_values><impact>9.0</impact><cost>4.0</cost><risk>6.0</risk><probability>0.4</probability><defense_cost>10</defense_cost><exploitability>0.341169351103</exploitability></vulner_values></vulnerability></or></vulnerabilities></node><node id="236718678537424810404983201760278174552" name="User7"><host_values><impact>10.0</impact><risk>9.1</risk><probability>0.6922</probability><defense_cost>5.0</defense_cost><cost>1.0</cost><threat_impact>{'E': 0.4, 'D': 0.0, 'I': 0.2, 'S': 0.3, 'R': 0.1, 'T': 0.0}</threat_impact><type>user</type><exploitability>0.341169351103</exploitability></host_values><vulnerabilities><or><vulnerability id="13186874899957829688206431537088755161" name="CVE-2015-2004"><vulner_values><impact>2</impact><cost>5.7</cost><risk>4.3</risk><probability>0.43</probability><defense_cost>5.0</defense_cost><exploitability>0.341169351103</exploitability></vulner_values></vulnerability><vulnerability id="114113307423360478161011294082296164196" name="CVE-2017-2005"><vulner_values><impact>10.0</impact><cost>1.0</cost><risk>9.1</risk><probability>0.1</probability><defense_cost>10</defense_cost><exploitability>0.341169351103</exploitability></vulner_values></vulnerability><vulnerability id="241654225826907827975695086448739805487" name="CVE-2017-2003"><vulner_values><impact>9.0</impact><cost>4.0</cost><risk>6.0</risk><probability>0.4</probability><defense_cost>10</defense_cost><exploitability>0.341169351103</exploitability></vulner_values></vulnerability></or></vulnerabilities></node><node id="59570323277015189586882967078033700174" name="DB0"><host_values><impact>5.9</impact><risk>7.5</risk><probability>0.4693</probability><defense_cost>15</defense_cost><cost>2.5</cost><threat_impact>{'E': 0.0, 'D': 0.3, 'I': 0.3, 'S': 0.0, 'R': 0.0, 'T': 0.4}</threat_impact><type>database</type><exploitability>0.43</exploitability></host_values><vulnerabilities><or><vulnerability id="164214409113451475930698630542489287442" name="CVE-2017-10810"><vulner_values><impact>3.6</impact><cost>2.5</cost><risk>7.5</risk><probability>0.39</probability><defense_cost>15</defense_cost><exploitability>0.43</exploitability></vulner_values></vulnerability><vulnerability id="183399636095333405266251095156996974512" name="CVE-2017-1297"><vulner_values><impact>5.9</impact><cost>2.8</cost><risk>7.3</risk><probability>0.13</probability><defense_cost>15</defense_cost><exploitability>0.43</exploitability></vulner_values></vulnerability><vulnerability id="299382185606735006059178913720283445407" name="CVE-2017-2006"><vulner_values><impact>5.0</impact><cost>2.5</cost><risk>8.5</risk><probability>0.85</probability><defense_cost>10</defense_cost><exploitability>0.341169351103</exploitability></vulner_values></vulnerability></or></vulnerabilities></node><node id="56728567485789674091229167809713334623" name="DB1"><host_values><impact>5.9</impact><risk>7.5</risk><probability>0.4693</probability><defense_cost>15</defense_cost><cost>2.5</cost><threat_impact>{'E': 0.0, 'D': 0.3, 'I': 0.3, 'S': 0.0, 'R': 0.0, 'T': 0.4}</threat_impact><type>database</type><exploitability>0.43</exploitability></host_values><vulnerabilities><or><vulnerability id="113233556127350316740473593057809691353" name="CVE-2017-10810"><vulner_values><impact>3.6</impact><cost>2.5</cost><risk>7.5</risk><probability>0.39</probability><defense_cost>15</defense_cost><exploitability>0.43</exploitability></vulner_values></vulnerability><vulnerability id="155565153335388444796322495920677063778" name="CVE-2017-1297"><vulner_values><impact>5.9</impact><cost>2.8</cost><risk>7.3</risk><probability>0.13</probability><defense_cost>15</defense_cost><exploitability>0.43</exploitability></vulner_values></vulnerability><vulnerability id="144492159122688848585606210381258373373" name="CVE-2017-2006"><vulner_values><impact>5.0</impact><cost>2.5</cost><risk>8.5</risk><probability>0.85</probability><defense_cost>10</defense_cost><exploitability>0.341169351103</exploitability></vulner_values></vulnerability></or></vulnerabilities></node><node id="255033355797050226729313237540974899727" name="DB2"><host_values><impact>5.9</impact><risk>7.5</risk><probability>0.4693</probability><defense_cost>15</defense_cost><cost>2.5</cost><threat_impact>{'E': 0.0, 'D': 0.3, 'I': 0.3, 'S': 0.0, 'R': 0.0, 'T': 0.4}</threat_impact><type>database</type><exploitability>0.43</exploitability></host_values><vulnerabilities><or><vulnerability id="55763945245942556898848700627933429772" name="CVE-2017-10810"><vulner_values><impact>3.6</impact><cost>2.5</cost><risk>7.5</risk><probability>0.39</probability><defense_cost>15</defense_cost><exploitability>0.43</exploitability></vulner_values></vulnerability><vulnerability id="315529914203137188387098321404343321273" name="CVE-2017-1297"><vulner_values><impact>5.9</impact><cost>2.8</cost><risk>7.3</risk><probability>0.13</probability><defense_cost>15</defense_cost><exploitability>0.43</exploitability></vulner_values></vulnerability><vulnerability id="264982597863874490702667461764041896588" name="CVE-2017-2006"><vulner_values><impact>5.0</impact><cost>2.5</cost><risk>8.5</risk><probability>0.85</probability><defense_cost>10</defense_cost><exploitability>0.341169351103</exploitability></vulner_values></vulnerability></or></vulnerabilities></node><node id="35489703732961159764591414289863246821" name="DB3"><host_values><impact>5.9</impact><risk>7.5</risk><probability>0.4693</probability><defense_cost>15</defense_cost><cost>2.5</cost><threat_impact>{'E': 0.0, 'D': 0.3, 'I': 0.3, 'S': 0.0, 'R': 0.0, 'T': 0.4}</threat_impact><type>database</type><exploitability>0.43</exploitability></host_values><vulnerabilities><or><vulnerability id="205055018880233575762848992678786650827" name="CVE-2017-10810"><vulner_values><impact>3.6</impact><cost>2.5</cost><risk>7.5</risk><probability>0.39</probability><defense_cost>15</defense_cost><exploitability>0.43</exploitability></vulner_values></vulnerability><vulnerability id="49470213701887272266765269743402930496" name="CVE-2017-1297"><vulner_values><impact>5.9</impact><cost>2.8</cost><risk>7.3</risk><probability>0.13</probability><defense_cost>15</defense_cost><exploitability>0.43</exploitability></vulner_values></vulnerability><vulnerability id="43083038053914349938311566439980775564" name="CVE-2017-2006"><vulner_values><impact>5.0</impact><cost>2.5</cost><risk>8.5</risk><probability>0.85</probability><defense_cost>10</defense_cost><exploitability>0.341169351103</exploitability></vulner_values></vulnerability></or></vulnerabilities></node><node id="180589347247197535693054326031729226542" name="Attacker"/><node id="26557490548496110130325844051818441754" name="WS0"><host_values><impact>10.0</impact><risk>10.0</risk><probability>1.0</probability><defense_cost>10</defense_cost><cost>0.1</cost><threat_impact>{'E': 0.4, 'D': 0.2, 'I': 0.2, 'S': 0.2, 'R': 0.0, 'T': 0.0}</threat_impact><type>web server</type><exploitability>0.341169351103</exploitability></host_values><vulnerabilities><or><vulnerability id="267611498267017807829955574841173141020" name="CVE-2017-8464"><vulner_values><impact>9.0</impact><cost>0.7</cost><risk>9.3</risk><probability>0.93</probability><defense_cost>10</defense_cost><exploitability>0.341169351103</exploitability></vulner_values></vulnerability><vulnerability id="270548222967100478847931292217491213058" name="CVE-2017-9953"><vulner_values><impact>5.0</impact><cost>5.0</cost><risk>5.0</risk><probability>0.5</probability><defense_cost>10</defense_cost><exploitability>0.341169351103</exploitability></vulner_values></vulnerability><vulnerability id="147337928089833330960338611482204972830" name="CVE-2017-8589"><vulner_values><impact>10.0</impact><cost>0.1</cost><risk>10.0</risk><probability>1.0</probability><defense_cost>10</defense_cost><exploitability>0.341169351103</exploitability></vulner_values></vulnerability></or></vulnerabilities></node><node id="305665139244361312779214293926787211060" name="WS1"><host_values><impact>10.0</impact><risk>10.0</risk><probability>1.0</probability><defense_cost>10</defense_cost><cost>0.1</cost><threat_impact>{'E': 0.4, 'D': 0.2, 'I': 0.2, 'S': 0.2, 'R': 0.0, 'T': 0.0}</threat_impact><type>web server</type><exploitability>0.341169351103</exploitability></host_values><vulnerabilities><or><vulnerability id="85319107849443215713820208657031769086" name="CVE-2017-8464"><vulner_values><impact>9.0</impact><cost>0.7</cost><risk>9.3</risk><probability>0.93</probability><defense_cost>10</defense_cost><exploitability>0.341169351103</exploitability></vulner_values></vulnerability><vulnerability id="43699836738424515911982927993948805077" name="CVE-2017-9953"><vulner_values><impact>5.0</impact><cost>5.0</cost><risk>5.0</risk><probability>0.5</probability><defense_cost>10</defense_cost><exploitability>0.341169351103</exploitability></vulner_values></vulnerability><vulnerability id="332245398379404180237745861126127050108" name="CVE-2017-8589"><vulner_values><impact>10.0</impact><cost>0.1</cost><risk>10.0</risk><probability>1.0</probability><defense_cost>10</defense_cost><exploitability>0.341169351103</exploitability></vulner_values></vulnerability></or></vulnerabilities></node><node id="21480840912276853401154974136235683231" name="WS2"><host_values><impact>10.0</impact><risk>10.0</risk><probability>1.0</probability><defense_cost>10</defense_cost><cost>0.1</cost><threat_impact>{'E': 0.4, 'D': 0.2, 'I': 0.2, 'S': 0.2, 'R': 0.0, 'T': 0.0}</threat_impact><type>web server</type><exploitability>0.341169351103</exploitability></host_values><vulnerabilities><or><vulnerability id="70979781475311558979234135121143663462" name="CVE-2017-8464"><vulner_values><impact>9.0</impact><cost>0.7</cost><risk>9.3</risk><probability>0.93</probability><defense_cost>10</defense_cost><exploitability>0.341169351103</exploitability></vulner_values></vulnerability><vulnerability id="49024731207073120635867234724481784897" name="CVE-2017-9953"><vulner_values><impact>5.0</impact><cost>5.0</cost><risk>5.0</risk><probability>0.5</probability><defense_cost>10</defense_cost><exploitability>0.341169351103</exploitability></vulner_values></vulnerability><vulnerability id="301838494483790219972517553604005900873" name="CVE-2017-8589"><vulner_values><impact>10.0</impact><cost>0.1</cost><risk>10.0</risk><probability>1.0</probability><defense_cost>10</defense_cost><exploitability>0.341169351103</exploitability></vulner_values></vulnerability></or></vulnerabilities></node><node id="69684369730156245756720063734798047686" name="WS3"><host_values><impact>10.0</impact><risk>10.0</risk><probability>1.0</probability><defense_cost>10</defense_cost><cost>0.1</cost><threat_impact>{'E': 0.4, 'D': 0.2, 'I': 0.2, 'S': 0.2, 'R': 0.0, 'T': 0.0}</threat_impact><type>web server</type><exploitability>0.341169351103</exploitability></host_values><vulnerabilities><or><vulnerability id="34414369379056722224606285136730603383" name="CVE-2017-8464"><vulner_values><impact>9.0</impact><cost>0.7</cost><risk>9.3</risk><probability>0.93</probability><defense_cost>10</defense_cost><exploitability>0.341169351103</exploitability></vulner_values></vulnerability><vulnerability id="109565021590417503551137811724005068932" name="CVE-2017-9953"><vulner_values><impact>5.0</impact><cost>5.0</cost><risk>5.0</risk><probability>0.5</probability><defense_cost>10</defense_cost><exploitability>0.341169351103</exploitability></vulner_values></vulnerability><vulnerability id="79674821337397260643696931706696570623" name="CVE-2017-8589"><vulner_values><impact>10.0</impact><cost>0.1</cost><risk>10.0</risk><probability>1.0</probability><defense_cost>10</defense_cost><exploitability>0.341169351103</exploitability></vulner_values></vulnerability></or></vulnerabilities></node><node id="70192148513246446138660673119113823964" name="WS4"><host_values><impact>10.0</impact><risk>10.0</risk><probability>1.0</probability><defense_cost>10</defense_cost><cost>0.1</cost><threat_impact>{'E': 0.4, 'D': 0.2, 'I': 0.2, 'S': 0.2, 'R': 0.0, 'T': 0.0}</threat_impact><type>web server</type><exploitability>0.341169351103</exploitability></host_values><vulnerabilities><or><vulnerability id="206332689429134713313682469507863132447" name="CVE-2017-8464"><vulner_values><impact>9.0</impact><cost>0.7</cost><risk>9.3</risk><probability>0.93</probability><defense_cost>10</defense_cost><exploitability>0.341169351103</exploitability></vulner_values></vulnerability><vulnerability id="212326425393714263605617452868335162181" name="CVE-2017-9953"><vulner_values><impact>5.0</impact><cost>5.0</cost><risk>5.0</risk><probability>0.5</probability><defense_cost>10</defense_cost><exploitability>0.341169351103</exploitability></vulner_values></vulnerability><vulnerability id="229078595191809783618113933041748203995" name="CVE-2017-8589"><vulner_values><impact>10.0</impact><cost>0.1</cost><risk>10.0</risk><probability>1.0</probability><defense_cost>10</defense_cost><exploitability>0.341169351103</exploitability></vulner_values></vulnerability></or></vulnerabilities></node><node id="138793715215781122345081471635282984625" name="WS5"><host_values><impact>10.0</impact><risk>10.0</risk><probability>1.0</probability><defense_cost>10</defense_cost><cost>0.1</cost><threat_impact>{'E': 0.4, 'D': 0.2, 'I': 0.2, 'S': 0.2, 'R': 0.0, 'T': 0.0}</threat_impact><type>web server</type><exploitability>0.341169351103</exploitability></host_values><vulnerabilities><or><vulnerability id="278849384629678534564564942039489448786" name="CVE-2017-8464"><vulner_values><impact>9.0</impact><cost>0.7</cost><risk>9.3</risk><probability>0.93</probability><defense_cost>10</defense_cost><exploitability>0.341169351103</exploitability></vulner_values></vulnerability><vulnerability id="191275007855493451827336843869400006475" name="CVE-2017-9953"><vulner_values><impact>5.0</impact><cost>5.0</cost><risk>5.0</risk><probability>0.5</probability><defense_cost>10</defense_cost><exploitability>0.341169351103</exploitability></vulner_values></vulnerability><vulnerability id="338864252660067144395187073821584015687" name="CVE-2017-8589"><vulner_values><impact>10.0</impact><cost>0.1</cost><risk>10.0</risk><probability>1.0</probability><defense_cost>10</defense_cost><exploitability>0.341169351103</exploitability></vulner_values></vulnerability></or></vulnerabilities></node></nodes><edges><edge><source>0</source><target>1</target></edge><edge><source>0</source><target>2</target></edge><edge><source>1</source><target>3</target></edge><edge><source>1</source><target>2</target></edge><edge><source>2</source><target>22</target></edge><edge><source>2</source><target>12</target></edge><edge><source>2</source><target>3</target></edge><edge><source>2</source><target>4</target></edge><edge><source>2</source><target>17</target></edge><edge><source>2</source><target>29</target></edge><edge><source>3</source><target>5</target></edge><edge><source>3</source><target>4</target></edge><edge><source>4</source><target>22</target></edge><edge><source>4</source><target>17</target></edge><edge><source>4</source><target>12</target></edge><edge><source>4</source><target>5</target></edge><edge><source>4</source><target>6</target></edge><edge><source>4</source><target>29</target></edge><edge><source>5</source><target>7</target></edge><edge><source>5</source><target>6</target></edge><edge><source>6</source><target>7</target></edge><edge><source>6</source><target>8</target></edge><edge><source>7</source><target>9</target></edge><edge><source>7</source><target>8</target></edge><edge><source>8</source><target>9</target></edge><edge><source>8</source><target>35</target></edge><edge><source>9</source><target>35</target></edge><edge><source>9</source><target>36</target></edge><edge><source>10</source><target>11</target></edge><edge><source>10</source><target>12</target></edge><edge><source>11</source><target>13</target></edge><edge><source>11</source><target>12</target></edge><edge><source>12</source><target>32</target></edge><edge><source>12</source><target>13</target></edge><edge><source>12</source><target>14</target></edge><edge><source>12</source><target>33</target></edge><edge><source>13</source><target>14</target></edge><edge><source>13</source><target>15</target></edge><edge><source>14</source><target>15</target></edge><edge><source>14</source><target>16</target></edge><edge><source>15</source><target>17</target></edge><edge><source>15</source><target>16</target></edge><edge><source>16</source><target>17</target></edge><edge><source>16</source><target>18</target></edge><edge><source>17</source><target>32</target></edge><edge><source>17</source><target>18</target></edge><edge><source>17</source><target>19</target></edge><edge><source>17</source><target>33</target></edge><edge><source>18</source><target>20</target></edge><edge><source>18</source><target>19</target></edge><edge><source>19</source><target>20</target></edge><edge><source>19</source><target>21</target></edge><edge><source>20</source><target>10</target></edge><edge><source>20</source><target>21</target></edge><edge><source>21</source><target>10</target></edge><edge><source>21</source><target>11</target></edge><edge><source>22</source><target>24</target></edge><edge><source>22</source><target>23</target></edge><edge><source>23</source><target>24</target></edge><edge><source>23</source><target>25</target></edge><edge><source>24</source><target>26</target></edge><edge><source>24</source><target>25</target></edge><edge><source>25</source><target>26</target></edge><edge><source>25</source><target>27</target></edge><edge><source>26</source><target>28</target></edge><edge><source>26</source><target>27</target></edge><edge><source>27</source><target>28</target></edge><edge><source>27</source><target>29</target></edge><edge><source>28</source><target>22</target></edge><edge><source>28</source><target>29</target></edge><edge><source>29</source><target>22</target></edge><edge><source>29</source><target>23</target></edge><edge><source>30</source><target>31</target></edge><edge><source>30</source><target>32</target></edge><edge><source>31</source><target>32</target></edge><edge><source>31</source><target>33</target></edge><edge><source>32</source><target>33</target></edge><edge><source>32</source><target>30</target></edge><edge><source>33</source><target>31</target></edge><edge><source>33</source><target>30</target></edge><edge><source>34</source><target>40</target></edge><edge><source>35</source><target>37</target></edge><edge><source>35</source><target>36</target></edge><edge><source>36</source><target>37</target></edge><edge><source>36</source><target>38</target></edge><edge><source>37</source><target>38</target></edge><edge><source>37</source><target>39</target></edge><edge><source>38</source><target>39</target></edge><edge><source>38</source><target>40</target></edge><edge><source>39</source><target>0</target></edge><edge><source>39</source><target>40</target></edge><edge><source>40</source><target>0</target></edge><edge><source>40</source><target>1</target></edge></edges></harm>