<harm><nodes><node id="43609673822994469714062433339917463665" name="h0"><host_values><risk>1.0</risk><cost>1.0</cost><impact>1.0</impact><probability>1.0</probability></host_values><ignorable>False</ignorable><vulnerabilities><or><vulnerability id="319869433374695272021216511891354425666" name="v3"><vulner_values><risk>9.3</risk><cost>0.0</cost><impact>10.0</impact><probability>0.93</probability></vulner_values></vulnerability><vulnerability id="222427106238268442291504787394595175849" name="v4"><vulner_values><risk>4.3</risk><cost>0.0</cost><impact>2.9</impact><probability>0.43</probability></vulner_values></vulnerability></or></vulnerabilities></node><node id="1997371061738203625042933662343799986" name="h1"><host_values><risk>1.0</risk><cost>1.0</cost><impact>1.0</impact><probability>1.0</probability></host_values><ignorable>False</ignorable><vulnerabilities><or><vulnerability id="198577148508116378428138085462942697693" name="v6"><vulner_values><risk>9.3</risk><cost>0.0</cost><impact>10.0</impact><probability>0.93</probability></vulner_values></vulnerability><vulnerability id="325476157943252151009578197576399352788" name="v3"><vulner_values><risk>9.3</risk><cost>0.0</cost><impact>10.0</impact><probability>0.93</probability></vulner_values></vulnerability></or></vulnerabilities></node><node id="12419403911930668653674882962882422202" name="h11"><host_values><risk>1.0</risk><cost>1.0</cost><impact>1.0</impact><probability>1.0</probability></host_values><ignorable>False</ignorable><vulnerabilities><or><vulnerability id="180320296589891711060935383437681488147" name="v6"><vulner_values><risk>9.3</risk><cost>0.0</cost><impact>10.0</impact><probability>0.93</probability></vulner_values></vulnerability><vulnerability id="26908417856917999726291271902653533229" name="nd7"><vulner_values><risk>7.5</risk><cost>0.0</cost><impact>6.4</impact><probability>0.75</probability></vulner_values></vulnerability></or></vulnerabilities></node><node id="213100869679395499580131330184679403045" name="h12"><host_values><risk>1.0</risk><cost>1.0</cost><impact>1.0</impact><probability>1.0</probability></host_values><ignorable>False</ignorable><vulnerabilities><or><vulnerability id="281794003843481507387048815581064614934" name="nd1"><vulner_values><risk>5.0</risk><cost>0.0</cost><impact>2.9</impact><probability>0.5</probability></vulner_values></vulnerability><vulnerability id="48564023246023618365217824030185285864" name="v4"><vulner_values><risk>4.3</risk><cost>0.0</cost><impact>2.9</impact><probability>0.43</probability></vulner_values></vulnerability></or></vulnerabilities></node><node id="33209571988481826471091504281401736464" name="h15"><host_values><risk>1.0</risk><cost>1.0</cost><impact>1.0</impact><probability>1.0</probability></host_values><ignorable>False</ignorable><vulnerabilities><or><vulnerability id="302160089340954450955722109740956144734" name="nd7"><vulner_values><risk>7.5</risk><cost>0.0</cost><impact>6.4</impact><probability>0.75</probability></vulner_values></vulnerability><vulnerability id="184392056851595253451779226578618990520" name="v5"><vulner_values><risk>7.2</risk><cost>0.0</cost><impact>10.0</impact><probability>0.72</probability></vulner_values></vulnerability></or></vulnerabilities></node><node id="39558720530343115813282095367750697959" name="h18"><host_values><risk>1.0</risk><cost>1.0</cost><impact>1.0</impact><probability>1.0</probability></host_values><ignorable>False</ignorable><vulnerabilities><or><vulnerability id="8338497681218451177282849117662924707" name="nd1"><vulner_values><risk>5.0</risk><cost>0.0</cost><impact>2.9</impact><probability>0.5</probability></vulner_values></vulnerability><vulnerability id="192042931108361387159460633826462776847" name="v3"><vulner_values><risk>9.3</risk><cost>0.0</cost><impact>10.0</impact><probability>0.93</probability></vulner_values></vulnerability></or></vulnerabilities></node><node id="87225728815632646686925111334093395868" name="h2"><host_values><risk>1.0</risk><cost>1.0</cost><impact>1.0</impact><probability>1.0</probability></host_values><ignorable>False</ignorable><vulnerabilities><or><vulnerability id="339930335027215820023955446248541918187" name="v5"><vulner_values><risk>7.2</risk><cost>0.0</cost><impact>10.0</impact><probability>0.72</probability></vulner_values></vulnerability><vulnerability id="333204366289195694533467593743701987984" name="v2"><vulner_values><risk>4.3</risk><cost>0.0</cost><impact>2.9</impact><probability>0.43</probability></vulner_values></vulnerability></or></vulnerabilities></node><node id="324617165702628935565977873972278981791" name="h5"><host_values><risk>1.0</risk><cost>1.0</cost><impact>1.0</impact><probability>1.0</probability></host_values><ignorable>False</ignorable><vulnerabilities><or><vulnerability id="206000989984596062055317659314615243281" name="nd7"><vulner_values><risk>7.5</risk><cost>0.0</cost><impact>6.4</impact><probability>0.75</probability></vulner_values></vulnerability><vulnerability id="136296134549046678326267333389163146304" name="v5"><vulner_values><risk>7.2</risk><cost>0.0</cost><impact>10.0</impact><probability>0.72</probability></vulner_values></vulnerability></or></vulnerabilities></node><node id="167535172724386438643502001343827917310" name="h6"><host_values><risk>1.0</risk><cost>1.0</cost><impact>1.0</impact><probability>1.0</probability></host_values><ignorable>False</ignorable><vulnerabilities><or><vulnerability id="308916184767991283575650733378493612361" name="nd1"><vulner_values><risk>5.0</risk><cost>0.0</cost><impact>2.9</impact><probability>0.5</probability></vulner_values></vulnerability><vulnerability id="44943077894424245274188638413125447769" name="v6"><vulner_values><risk>9.3</risk><cost>0.0</cost><impact>10.0</impact><probability>0.93</probability></vulner_values></vulnerability></or></vulnerabilities></node><node id="328795493296062965180331927099481566589" name="h10"><host_values><risk>1.0</risk><cost>1.0</cost><impact>1.0</impact><probability>1.0</probability></host_values><ignorable>False</ignorable><vulnerabilities><or><vulnerability id="118502168065662155764723199508451976839" name="v5"><vulner_values><risk>7.2</risk><cost>0.0</cost><impact>10.0</impact><probability>0.72</probability></vulner_values></vulnerability><vulnerability id="88426294013072324728578585832786981991" name="nd1"><vulner_values><risk>5.0</risk><cost>0.0</cost><impact>2.9</impact><probability>0.5</probability></vulner_values></vulnerability></or></vulnerabilities></node><node id="256023643739408750094375854753734423783" name="h14"><host_values><risk>1.0</risk><cost>1.0</cost><impact>1.0</impact><probability>1.0</probability></host_values><ignorable>False</ignorable><vulnerabilities><or><vulnerability id="15201683223648054749275227974608946605" name="v3"><vulner_values><risk>9.3</risk><cost>0.0</cost><impact>10.0</impact><probability>0.93</probability></vulner_values></vulnerability><vulnerability id="13169906108686645448099417630047190263" name="nd1"><vulner_values><risk>5.0</risk><cost>0.0</cost><impact>2.9</impact><probability>0.5</probability></vulner_values></vulnerability></or></vulnerabilities></node><node id="80877017451390738452389793753795328717" name="h16"><host_values><risk>1.0</risk><cost>1.0</cost><impact>1.0</impact><probability>1.0</probability></host_values><ignorable>False</ignorable><vulnerabilities><or><vulnerability id="230968483706715932364796864557661680253" name="v3"><vulner_values><risk>9.3</risk><cost>0.0</cost><impact>10.0</impact><probability>0.93</probability></vulner_values></vulnerability><vulnerability id="306716515607802418368533199391317416860" name="v4"><vulner_values><risk>4.3</risk><cost>0.0</cost><impact>2.9</impact><probability>0.43</probability></vulner_values></vulnerability></or></vulnerabilities></node><node id="62028344376133560581489828497634177994" name="h19"><host_values><risk>1.0</risk><cost>1.0</cost><impact>1.0</impact><probability>1.0</probability></host_values><ignorable>False</ignorable><vulnerabilities><or><vulnerability id="286324409475262188412001360691455457645" name="v6"><vulner_values><risk>9.3</risk><cost>0.0</cost><impact>10.0</impact><probability>0.93</probability></vulner_values></vulnerability><vulnerability id="106023834096395830821095188942556917670" name="nd1"><vulner_values><risk>5.0</risk><cost>0.0</cost><impact>2.9</impact><probability>0.5</probability></vulner_values></vulnerability></or></vulnerabilities></node><node id="185015239679061462376740208040636334884" name="h3"><host_values><risk>1.0</risk><cost>1.0</cost><impact>1.0</impact><probability>1.0</probability></host_values><ignorable>False</ignorable><vulnerabilities><or><vulnerability id="248479412365891246866432703981872516649" name="nd1"><vulner_values><risk>5.0</risk><cost>0.0</cost><impact>2.9</impact><probability>0.5</probability></vulner_values></vulnerability><vulnerability id="136114580853804089627442706922276746401" name="v3"><vulner_values><risk>9.3</risk><cost>0.0</cost><impact>10.0</impact><probability>0.93</probability></vulner_values></vulnerability></or></vulnerabilities></node><node id="241858235910073546983609270657025682037" name="h7"><host_values><risk>1.0</risk><cost>1.0</cost><impact>1.0</impact><probability>1.0</probability></host_values><ignorable>False</ignorable><vulnerabilities><or><vulnerability id="209703952635303323078084605948330998547" name="nd7"><vulner_values><risk>7.5</risk><cost>0.0</cost><impact>6.4</impact><probability>0.75</probability></vulner_values></vulnerability><vulnerability id="183003462264559564529838406881435993571" name="v6"><vulner_values><risk>9.3</risk><cost>0.0</cost><impact>10.0</impact><probability>0.93</probability></vulner_values></vulnerability></or></vulnerabilities></node><node id="50173425042053574105054962788373556946" name="h8"><host_values><risk>1.0</risk><cost>1.0</cost><impact>1.0</impact><probability>1.0</probability></host_values><ignorable>False</ignorable><vulnerabilities><or><vulnerability id="267727234801378205938114763966981874701" name="v2"><vulner_values><risk>4.3</risk><cost>0.0</cost><impact>2.9</impact><probability>0.43</probability></vulner_values></vulnerability><vulnerability id="54104009883404153923390069978234068106" name="v5"><vulner_values><risk>7.2</risk><cost>0.0</cost><impact>10.0</impact><probability>0.72</probability></vulner_values></vulnerability></or></vulnerabilities></node><node id="264967895760340530373920976148315177714" name="h4"><host_values><risk>1.0</risk><cost>1.0</cost><impact>1.0</impact><probability>1.0</probability></host_values><ignorable>False</ignorable><vulnerabilities><or><vulnerability id="130062125657027993051705297005417985917" name="v5"><vulner_values><risk>7.2</risk><cost>0.0</cost><impact>10.0</impact><probability>0.72</probability></vulner_values></vulnerability><vulnerability id="166905250204314585432080444646670485366" name="v3"><vulner_values><risk>9.3</risk><cost>0.0</cost><impact>10.0</impact><probability>0.93</probability></vulner_values></vulnerability></or></vulnerabilities></node><node id="105170909511002747681157804508256993895" name="h9"><host_values><risk>1.0</risk><cost>1.0</cost><impact>1.0</impact><probability>1.0</probability></host_values><ignorable>False</ignorable><vulnerabilities><or><vulnerability id="253565951133132120384251218226592960977" name="v6"><vulner_values><risk>9.3</risk><cost>0.0</cost><impact>10.0</impact><probability>0.93</probability></vulner_values></vulnerability><vulnerability id="54500101663872407883664522821359450006" name="nd1"><vulner_values><risk>5.0</risk><cost>0.0</cost><impact>2.9</impact><probability>0.5</probability></vulner_values></vulnerability></or></vulnerabilities></node><node id="108760821707716180082780332054235375677" name="h13"><host_values><risk>1.0</risk><cost>1.0</cost><impact>1.0</impact><probability>1.0</probability></host_values><ignorable>False</ignorable><vulnerabilities><or><vulnerability id="256180250027999347375899518484219392927" name="nd1"><vulner_values><risk>5.0</risk><cost>0.0</cost><impact>2.9</impact><probability>0.5</probability></vulner_values></vulnerability><vulnerability id="165371862410899995088708631531605754639" name="v2"><vulner_values><risk>4.3</risk><cost>0.0</cost><impact>2.9</impact><probability>0.43</probability></vulner_values></vulnerability></or></vulnerabilities></node><node id="314533174686292941055624350894833994659" name="h17"><host_values><risk>1.0</risk><cost>1.0</cost><impact>1.0</impact><probability>1.0</probability></host_values><ignorable>False</ignorable><vulnerabilities><or><vulnerability id="228722674631009537602961165268985586267" name="v4"><vulner_values><risk>4.3</risk><cost>0.0</cost><impact>2.9</impact><probability>0.43</probability></vulner_values></vulnerability><vulnerability id="273486394824655000641819741011434076051" name="v2"><vulner_values><risk>4.3</risk><cost>0.0</cost><impact>2.9</impact><probability>0.43</probability></vulner_values></vulnerability></or></vulnerabilities></node></nodes><edges><edge><source>0</source><target>1</target></edge><edge><source>0</source><target>2</target></edge><edge><source>0</source><target>3</target></edge><edge><source>0</source><target>4</target></edge><edge><source>0</source><target>5</target></edge><edge><source>1</source><target>6</target></edge><edge><source>1</source><target>7</target></edge><edge><source>6</source><target>0</target></edge><edge><source>6</source><target>1</target></edge><edge><source>6</source><target>8</target></edge><edge><source>6</source><target>9</target></edge><edge><source>6</source><target>10</target></edge><edge><source>6</source><target>4</target></edge><edge><source>6</source><target>11</target></edge><edge><source>6</source><target>5</target></edge><edge><source>6</source><target>12</target></edge><edge><source>13</source><target>14</target></edge><edge><source>13</source><target>15</target></edge><edge><source>13</source><target>9</target></edge><edge><source>13</source><target>4</target></edge><edge><source>13</source><target>5</target></edge><edge><source>16</source><target>12</target></edge><edge><source>7</source><target>6</target></edge><edge><source>7</source><target>5</target></edge><edge><source>14</source><target>5</target></edge><edge><source>15</source><target>7</target></edge><edge><source>15</source><target>2</target></edge><edge><source>17</source><target>13</target></edge><edge><source>17</source><target>10</target></edge><edge><source>17</source><target>11</target></edge><edge><source>17</source><target>12</target></edge><edge><source>9</source><target>6</target></edge><edge><source>9</source><target>8</target></edge><edge><source>9</source><target>14</target></edge><edge><source>9</source><target>3</target></edge><edge><source>2</source><target>0</target></edge><edge><source>2</source><target>18</target></edge><edge><source>2</source><target>11</target></edge><edge><source>2</source><target>5</target></edge><edge><source>3</source><target>9</target></edge><edge><source>3</source><target>12</target></edge><edge><source>18</source><target>13</target></edge><edge><source>18</source><target>11</target></edge><edge><source>18</source><target>19</target></edge><edge><source>10</source><target>1</target></edge><edge><source>10</source><target>17</target></edge><edge><source>4</source><target>0</target></edge><edge><source>4</source><target>9</target></edge><edge><source>11</source><target>13</target></edge><edge><source>11</source><target>9</target></edge><edge><source>19</source><target>16</target></edge><edge><source>19</source><target>14</target></edge><edge><source>19</source><target>2</target></edge><edge><source>5</source><target>2</target></edge><edge><source>5</source><target>4</target></edge><edge><source>5</source><target>19</target></edge><edge><source>12</source><target>6</target></edge><edge><source>12</source><target>2</target></edge><edge><source>12</source><target>19</target></edge><edge><source>12</source><target>5</target></edge></edges></harm>