<harm><nodes><node id="277858422908286058425522827106312643176" name="WS1"><host_values><impact>5.0</impact><cost>5.0</cost><risk>5.0</risk><probability>0.5</probability><defense_cost>10</defense_cost><type>web server</type><exploitability>0.51</exploitability></host_values><vulnerabilities><or><vulnerability id="78912910549842835161869548446323050875" name="CVE-2017-9953"><vulner_values><impact>5.0</impact><cost>5.0</cost><risk>5.0</risk><probability>0.5</probability><defense_cost>10</defense_cost><exploitability>0.51</exploitability></vulner_values></vulnerability></or></vulnerabilities></node><node id="64353500709375921518931714095012936921" name="A 0"><host_values><impact>2</impact><risk>4.3</risk><probability>0.43</probability><asset_value>20</asset_value><cost>5.7</cost><defense_cost>5.0</defense_cost><type>user</type><exploitability>0.38</exploitability></host_values><vulnerabilities><or><vulnerability id="141675450218465508794167621854781268036" name="CVE-2015-5479"><vulner_values><impact>2</impact><cost>5.7</cost><risk>4.3</risk><probability>0.43</probability><defense_cost>5.0</defense_cost><exploitability>0.38</exploitability></vulner_values></vulnerability></or></vulnerabilities></node><node id="332688848360019530980277260273759701328" name="A 1"><host_values><impact>10.0</impact><risk>10.0</risk><probability>1.0</probability><asset_value>20</asset_value><cost>0.1</cost><defense_cost>10</defense_cost><type>user</type><exploitability>0.38</exploitability></host_values><vulnerabilities><or><vulnerability id="260480322648051213139503234983367612063" name="CVE-2017-8589"><vulner_values><impact>10.0</impact><cost>0.1</cost><risk>10.0</risk><probability>1.0</probability><defense_cost>10</defense_cost><exploitability>0.38</exploitability></vulner_values></vulnerability></or></vulnerabilities></node><node id="97297737084121756103694139672102260097" name="A 2"><host_values><impact>5.0</impact><risk>5.0</risk><probability>0.5</probability><asset_value>20</asset_value><cost>5.0</cost><defense_cost>10</defense_cost><type>user</type><exploitability>0.38</exploitability></host_values><vulnerabilities><or><vulnerability id="219173573997686009229002176745899398225" name="CVE-2017-9953"><vulner_values><impact>5.0</impact><cost>5.0</cost><risk>5.0</risk><probability>0.5</probability><defense_cost>10</defense_cost><exploitability>0.38</exploitability></vulner_values></vulnerability></or></vulnerabilities></node><node id="82469990446179714643014484910054485213" name="A 3"><host_values><impact>2</impact><risk>4.3</risk><probability>0.43</probability><asset_value>20</asset_value><cost>5.7</cost><defense_cost>5.0</defense_cost><type>user</type><exploitability>0.38</exploitability></host_values><vulnerabilities><or><vulnerability id="21686539640614802421434062551799761227" name="CVE-2015-5479"><vulner_values><impact>2</impact><cost>5.7</cost><risk>4.3</risk><probability>0.43</probability><defense_cost>5.0</defense_cost><exploitability>0.38</exploitability></vulner_values></vulnerability></or></vulnerabilities></node><node id="120958077429561555677834077835029354351" name="A 4"><host_values><impact>9.0</impact><risk>9.3</risk><probability>0.93</probability><asset_value>20</asset_value><cost>0.7</cost><defense_cost>10</defense_cost><type>user</type><exploitability>0.38</exploitability></host_values><vulnerabilities><or><vulnerability id="114921551430167534704426081260043691737" name="CVE-2017-8464"><vulner_values><impact>9.0</impact><cost>0.7</cost><risk>9.3</risk><probability>0.93</probability><defense_cost>10</defense_cost><exploitability>0.38</exploitability></vulner_values></vulnerability></or></vulnerabilities></node><node id="317267163917928890503141762618835967113" name="A 5"><host_values><impact>10.0</impact><risk>10.0</risk><probability>1.0</probability><asset_value>20</asset_value><cost>0.1</cost><defense_cost>10</defense_cost><type>user</type><exploitability>0.38</exploitability></host_values><vulnerabilities><or><vulnerability id="216679306975047485221275714396144215631" name="CVE-2017-8589"><vulner_values><impact>10.0</impact><cost>0.1</cost><risk>10.0</risk><probability>1.0</probability><defense_cost>10</defense_cost><exploitability>0.38</exploitability></vulner_values></vulnerability></or></vulnerabilities></node><node id="266887754198387744705113280663529425993" name="B 0"><host_values><impact>10.0</impact><risk>10.0</risk><probability>1.0</probability><asset_value>20</asset_value><cost>0.1</cost><defense_cost>10</defense_cost><type>user</type><exploitability>0.38</exploitability></host_values><vulnerabilities><or><vulnerability id="117221645348435030134046152263287608422" name="CVE-2017-8589"><vulner_values><impact>10.0</impact><cost>0.1</cost><risk>10.0</risk><probability>1.0</probability><defense_cost>10</defense_cost><exploitability>0.38</exploitability></vulner_values></vulnerability></or></vulnerabilities></node><node id="299254346082538900811620248412990672070" name="B 1"><host_values><impact>5.0</impact><risk>5.0</risk><probability>0.5</probability><asset_value>20</asset_value><cost>5.0</cost><defense_cost>10</defense_cost><type>user</type><exploitability>0.38</exploitability></host_values><vulnerabilities><or><vulnerability id="322175310872327868881490151934438525882" name="CVE-2017-9953"><vulner_values><impact>5.0</impact><cost>5.0</cost><risk>5.0</risk><probability>0.5</probability><defense_cost>10</defense_cost><exploitability>0.38</exploitability></vulner_values></vulnerability></or></vulnerabilities></node><node id="249896724982616551583652008962853134323" name="B 2"><host_values><impact>10.0</impact><risk>10.0</risk><probability>1.0</probability><asset_value>20</asset_value><cost>0.1</cost><defense_cost>10</defense_cost><type>user</type><exploitability>0.38</exploitability></host_values><vulnerabilities><or><vulnerability id="160647369874974619922143736786584290636" name="CVE-2017-8589"><vulner_values><impact>10.0</impact><cost>0.1</cost><risk>10.0</risk><probability>1.0</probability><defense_cost>10</defense_cost><exploitability>0.38</exploitability></vulner_values></vulnerability></or></vulnerabilities></node><node id="51274663450188539553954986201303277743" name="B 3"><host_values><impact>5.0</impact><risk>5.0</risk><probability>0.5</probability><asset_value>20</asset_value><cost>5.0</cost><defense_cost>10</defense_cost><type>user</type><exploitability>0.38</exploitability></host_values><vulnerabilities><or><vulnerability id="86851025363610962958119838034954110571" name="CVE-2017-9953"><vulner_values><impact>5.0</impact><cost>5.0</cost><risk>5.0</risk><probability>0.5</probability><defense_cost>10</defense_cost><exploitability>0.38</exploitability></vulner_values></vulnerability></or></vulnerabilities></node><node id="121677245373959980450174159894181353366" name="B 4"><host_values><impact>10.0</impact><risk>10.0</risk><probability>1.0</probability><asset_value>20</asset_value><cost>0.1</cost><defense_cost>10</defense_cost><type>user</type><exploitability>0.38</exploitability></host_values><vulnerabilities><or><vulnerability id="234895911071691491131436568423067256159" name="CVE-2017-8589"><vulner_values><impact>10.0</impact><cost>0.1</cost><risk>10.0</risk><probability>1.0</probability><defense_cost>10</defense_cost><exploitability>0.38</exploitability></vulner_values></vulnerability></or></vulnerabilities></node><node id="54543257881870391093435085438730543278" name="B 5"><host_values><impact>5.0</impact><risk>5.0</risk><probability>0.5</probability><asset_value>20</asset_value><cost>5.0</cost><defense_cost>10</defense_cost><type>user</type><exploitability>0.38</exploitability></host_values><vulnerabilities><or><vulnerability id="302629857881316702551141518528107102571" name="CVE-2017-9953"><vulner_values><impact>5.0</impact><cost>5.0</cost><risk>5.0</risk><probability>0.5</probability><defense_cost>10</defense_cost><exploitability>0.38</exploitability></vulner_values></vulnerability></or></vulnerabilities></node><node id="202959461558061883757940584181901087560" name="C 0"><host_values><impact>9.0</impact><risk>9.3</risk><probability>0.93</probability><asset_value>20</asset_value><cost>0.7</cost><defense_cost>10</defense_cost><type>user</type><exploitability>0.38</exploitability></host_values><vulnerabilities><or><vulnerability id="302651477509603026863043639449958375242" name="CVE-2017-8464"><vulner_values><impact>9.0</impact><cost>0.7</cost><risk>9.3</risk><probability>0.93</probability><defense_cost>10</defense_cost><exploitability>0.38</exploitability></vulner_values></vulnerability></or></vulnerabilities></node><node id="40569375011040848995566597497241382423" name="C 1"><host_values><impact>5.0</impact><risk>5.0</risk><probability>0.5</probability><asset_value>20</asset_value><cost>5.0</cost><defense_cost>10</defense_cost><type>user</type><exploitability>0.38</exploitability></host_values><vulnerabilities><or><vulnerability id="192268165136627551377960334675398147127" name="CVE-2017-9953"><vulner_values><impact>5.0</impact><cost>5.0</cost><risk>5.0</risk><probability>0.5</probability><defense_cost>10</defense_cost><exploitability>0.38</exploitability></vulner_values></vulnerability></or></vulnerabilities></node><node id="133701592598706332061894948097107036031" name="C 2"><host_values><impact>10.0</impact><risk>10.0</risk><probability>1.0</probability><asset_value>20</asset_value><cost>0.1</cost><defense_cost>10</defense_cost><type>user</type><exploitability>0.38</exploitability></host_values><vulnerabilities><or><vulnerability id="115308098344801008173157590498214614714" name="CVE-2017-8589"><vulner_values><impact>10.0</impact><cost>0.1</cost><risk>10.0</risk><probability>1.0</probability><defense_cost>10</defense_cost><exploitability>0.38</exploitability></vulner_values></vulnerability></or></vulnerabilities></node><node id="189136154792366884880089898616753889408" name="C 3"><host_values><impact>10.0</impact><risk>10.0</risk><probability>1.0</probability><asset_value>20</asset_value><cost>0.1</cost><defense_cost>10</defense_cost><type>user</type><exploitability>0.38</exploitability></host_values><vulnerabilities><or><vulnerability id="302419830466353741330518599124429938394" name="CVE-2017-8589"><vulner_values><impact>10.0</impact><cost>0.1</cost><risk>10.0</risk><probability>1.0</probability><defense_cost>10</defense_cost><exploitability>0.38</exploitability></vulner_values></vulnerability></or></vulnerabilities></node><node id="312135973473964198937703140001830326223" name="C 4"><host_values><impact>10.0</impact><risk>10.0</risk><probability>1.0</probability><asset_value>20</asset_value><cost>0.1</cost><defense_cost>10</defense_cost><type>user</type><exploitability>0.38</exploitability></host_values><vulnerabilities><or><vulnerability id="290343499635309706974489379289434061022" name="CVE-2017-8589"><vulner_values><impact>10.0</impact><cost>0.1</cost><risk>10.0</risk><probability>1.0</probability><defense_cost>10</defense_cost><exploitability>0.38</exploitability></vulner_values></vulnerability></or></vulnerabilities></node><node id="170146986571680281988130746690103093069" name="C 5"><host_values><impact>5.0</impact><risk>5.0</risk><probability>0.5</probability><asset_value>20</asset_value><cost>5.0</cost><defense_cost>10</defense_cost><type>user</type><exploitability>0.38</exploitability></host_values><vulnerabilities><or><vulnerability id="93189610989686530155970673955718049222" name="CVE-2017-9953"><vulner_values><impact>5.0</impact><cost>5.0</cost><risk>5.0</risk><probability>0.5</probability><defense_cost>10</defense_cost><exploitability>0.38</exploitability></vulner_values></vulnerability></or></vulnerabilities></node><node id="218978477094427046795855188305244369309" name="WS2"><host_values><impact>9.0</impact><cost>0.7</cost><risk>9.3</risk><probability>0.93</probability><defense_cost>10</defense_cost><type>web server</type><exploitability>0.51</exploitability></host_values><vulnerabilities><or><vulnerability id="252701074934643855235443651564537923926" name="CVE-2017-8464"><vulner_values><impact>9.0</impact><cost>0.7</cost><risk>9.3</risk><probability>0.93</probability><defense_cost>10</defense_cost><exploitability>0.51</exploitability></vulner_values></vulnerability></or></vulnerabilities></node><node id="142732510578546108049569649064569831923" name="DB"><host_values><impact>2</impact><cost>5.7</cost><risk>4.3</risk><probability>0.43</probability><defense_cost>5.0</defense_cost><type>db server</type><exploitability>0.51</exploitability></host_values><vulnerabilities><or><vulnerability id="288589459059385354868171443286918948110" name="CVE-2015-5479"><vulner_values><impact>2</impact><cost>5.7</cost><risk>4.3</risk><probability>0.43</probability><defense_cost>5.0</defense_cost><exploitability>0.51</exploitability></vulner_values></vulnerability></or></vulnerabilities></node><node id="80768231139774613535117089341318401367" name="Attacker"/><node id="242583497571043056447783013973748918914" name="D 1"><host_values><impact>2</impact><risk>4.3</risk><probability>0.43</probability><asset_value>20</asset_value><cost>5.7</cost><defense_cost>5.0</defense_cost><type>user</type><exploitability>0.51</exploitability></host_values><vulnerabilities><or><vulnerability id="112836575735553527201351962820635248361" name="CVE-2015-5479"><vulner_values><impact>2</impact><cost>5.7</cost><risk>4.3</risk><probability>0.43</probability><defense_cost>5.0</defense_cost><exploitability>0.51</exploitability></vulner_values></vulnerability></or></vulnerabilities></node><node id="87921748370357250264339519808985547132" name="D 0"><host_values><impact>10.0</impact><risk>10.0</risk><probability>1.0</probability><asset_value>20</asset_value><cost>0.1</cost><defense_cost>10</defense_cost><type>user</type><exploitability>0.51</exploitability></host_values><vulnerabilities><or><vulnerability id="45122614060892964871655556769214939096" name="CVE-2017-8589"><vulner_values><impact>10.0</impact><cost>0.1</cost><risk>10.0</risk><probability>1.0</probability><defense_cost>10</defense_cost><exploitability>0.51</exploitability></vulner_values></vulnerability></or></vulnerabilities></node><node id="12745741894478252077589501398011615540" name="D 0"><host_values><impact>2</impact><risk>4.3</risk><probability>0.43</probability><asset_value>20</asset_value><cost>5.7</cost><defense_cost>5.0</defense_cost><type>user</type><exploitability>0.51</exploitability></host_values><vulnerabilities><or><vulnerability id="177646336065255737827926853694554074647" name="CVE-2015-5479"><vulner_values><impact>2</impact><cost>5.7</cost><risk>4.3</risk><probability>0.43</probability><defense_cost>5.0</defense_cost><exploitability>0.51</exploitability></vulner_values></vulnerability></or></vulnerabilities></node></nodes><edges><edge><source>0</source><target>1</target></edge><edge><source>0</source><target>2</target></edge><edge><source>0</source><target>3</target></edge><edge><source>0</source><target>4</target></edge><edge><source>0</source><target>5</target></edge><edge><source>0</source><target>6</target></edge><edge><source>0</source><target>7</target></edge><edge><source>0</source><target>8</target></edge><edge><source>0</source><target>9</target></edge><edge><source>0</source><target>10</target></edge><edge><source>0</source><target>11</target></edge><edge><source>0</source><target>12</target></edge><edge><source>0</source><target>13</target></edge><edge><source>0</source><target>14</target></edge><edge><source>0</source><target>15</target></edge><edge><source>0</source><target>16</target></edge><edge><source>0</source><target>17</target></edge><edge><source>0</source><target>18</target></edge><edge><source>0</source><target>20</target></edge><edge><source>1</source><target>3</target></edge><edge><source>1</source><target>4</target></edge><edge><source>1</source><target>5</target></edge><edge><source>1</source><target>6</target></edge><edge><source>1</source><target>20</target></edge><edge><source>1</source><target>2</target></edge><edge><source>2</source><target>3</target></edge><edge><source>2</source><target>4</target></edge><edge><source>2</source><target>5</target></edge><edge><source>2</source><target>6</target></edge><edge><source>2</source><target>20</target></edge><edge><source>2</source><target>1</target></edge><edge><source>3</source><target>4</target></edge><edge><source>3</source><target>5</target></edge><edge><source>3</source><target>6</target></edge><edge><source>3</source><target>20</target></edge><edge><source>3</source><target>1</target></edge><edge><source>3</source><target>2</target></edge><edge><source>4</source><target>3</target></edge><edge><source>4</source><target>5</target></edge><edge><source>4</source><target>6</target></edge><edge><source>4</source><target>20</target></edge><edge><source>4</source><target>1</target></edge><edge><source>4</source><target>2</target></edge><edge><source>5</source><target>3</target></edge><edge><source>5</source><target>4</target></edge><edge><source>5</source><target>6</target></edge><edge><source>5</source><target>20</target></edge><edge><source>5</source><target>1</target></edge><edge><source>5</source><target>2</target></edge><edge><source>6</source><target>3</target></edge><edge><source>6</source><target>4</target></edge><edge><source>6</source><target>5</target></edge><edge><source>6</source><target>20</target></edge><edge><source>6</source><target>1</target></edge><edge><source>6</source><target>2</target></edge><edge><source>7</source><target>8</target></edge><edge><source>7</source><target>9</target></edge><edge><source>7</source><target>10</target></edge><edge><source>7</source><target>11</target></edge><edge><source>7</source><target>12</target></edge><edge><source>7</source><target>20</target></edge><edge><source>8</source><target>7</target></edge><edge><source>8</source><target>9</target></edge><edge><source>8</source><target>10</target></edge><edge><source>8</source><target>11</target></edge><edge><source>8</source><target>12</target></edge><edge><source>8</source><target>20</target></edge><edge><source>9</source><target>7</target></edge><edge><source>9</source><target>8</target></edge><edge><source>9</source><target>10</target></edge><edge><source>9</source><target>11</target></edge><edge><source>9</source><target>12</target></edge><edge><source>9</source><target>20</target></edge><edge><source>10</source><target>7</target></edge><edge><source>10</source><target>8</target></edge><edge><source>10</source><target>9</target></edge><edge><source>10</source><target>11</target></edge><edge><source>10</source><target>12</target></edge><edge><source>10</source><target>20</target></edge><edge><source>11</source><target>7</target></edge><edge><source>11</source><target>8</target></edge><edge><source>11</source><target>9</target></edge><edge><source>11</source><target>10</target></edge><edge><source>11</source><target>12</target></edge><edge><source>11</source><target>20</target></edge><edge><source>12</source><target>7</target></edge><edge><source>12</source><target>8</target></edge><edge><source>12</source><target>9</target></edge><edge><source>12</source><target>10</target></edge><edge><source>12</source><target>11</target></edge><edge><source>12</source><target>20</target></edge><edge><source>13</source><target>20</target></edge><edge><source>13</source><target>14</target></edge><edge><source>13</source><target>15</target></edge><edge><source>13</source><target>16</target></edge><edge><source>13</source><target>17</target></edge><edge><source>13</source><target>18</target></edge><edge><source>14</source><target>18</target></edge><edge><source>14</source><target>13</target></edge><edge><source>14</source><target>15</target></edge><edge><source>14</source><target>16</target></edge><edge><source>14</source><target>17</target></edge><edge><source>14</source><target>20</target></edge><edge><source>15</source><target>18</target></edge><edge><source>15</source><target>13</target></edge><edge><source>15</source><target>14</target></edge><edge><source>15</source><target>16</target></edge><edge><source>15</source><target>17</target></edge><edge><source>15</source><target>20</target></edge><edge><source>16</source><target>13</target></edge><edge><source>16</source><target>20</target></edge><edge><source>16</source><target>14</target></edge><edge><source>16</source><target>15</target></edge><edge><source>16</source><target>17</target></edge><edge><source>16</source><target>18</target></edge><edge><source>17</source><target>18</target></edge><edge><source>17</source><target>13</target></edge><edge><source>17</source><target>14</target></edge><edge><source>17</source><target>15</target></edge><edge><source>17</source><target>16</target></edge><edge><source>17</source><target>20</target></edge><edge><source>18</source><target>13</target></edge><edge><source>18</source><target>14</target></edge><edge><source>18</source><target>15</target></edge><edge><source>18</source><target>16</target></edge><edge><source>18</source><target>17</target></edge><edge><source>18</source><target>20</target></edge><edge><source>19</source><target>0</target></edge><edge><source>19</source><target>1</target></edge><edge><source>19</source><target>2</target></edge><edge><source>19</source><target>3</target></edge><edge><source>19</source><target>4</target></edge><edge><source>19</source><target>5</target></edge><edge><source>19</source><target>6</target></edge><edge><source>19</source><target>7</target></edge><edge><source>19</source><target>8</target></edge><edge><source>19</source><target>9</target></edge><edge><source>19</source><target>10</target></edge><edge><source>19</source><target>11</target></edge><edge><source>19</source><target>12</target></edge><edge><source>19</source><target>13</target></edge><edge><source>19</source><target>14</target></edge><edge><source>19</source><target>15</target></edge><edge><source>19</source><target>16</target></edge><edge><source>19</source><target>17</target></edge><edge><source>19</source><target>18</target></edge><edge><source>19</source><target>20</target></edge><edge><source>21</source><target>0</target></edge><edge><source>21</source><target>19</target></edge></edges></harm>