<harm><nodes><node id="11765483963325344267760236856100778006" name="WS1"><host_values><impact>2</impact><cost>5.7</cost><risk>4.3</risk><probability>0.43</probability><defense_cost>5.0</defense_cost><type>web server</type><exploitability>0.58</exploitability></host_values><vulnerabilities><or><vulnerability id="175560704641058934413372511181480732983" name="CVE-2015-5479"><vulner_values><impact>2</impact><cost>5.7</cost><risk>4.3</risk><probability>0.43</probability><defense_cost>5.0</defense_cost><exploitability>0.58</exploitability></vulner_values></vulnerability></or></vulnerabilities></node><node id="180747897171372171145396250186800387753" name="A 0"><host_values><impact>5.0</impact><risk>5.0</risk><probability>0.5</probability><asset_value>20</asset_value><cost>5.0</cost><defense_cost>10</defense_cost><type>user</type><exploitability>0.97</exploitability></host_values><vulnerabilities><or><vulnerability id="196429250041266068308759300296147086345" name="CVE-2017-9953"><vulner_values><impact>5.0</impact><cost>5.0</cost><risk>5.0</risk><probability>0.5</probability><defense_cost>10</defense_cost><exploitability>0.97</exploitability></vulner_values></vulnerability></or></vulnerabilities></node><node id="285563653995482756242722179024465334396" name="A 1"><host_values><impact>10.0</impact><risk>10.0</risk><probability>1.0</probability><asset_value>20</asset_value><cost>0.1</cost><defense_cost>10</defense_cost><type>user</type><exploitability>0.97</exploitability></host_values><vulnerabilities><or><vulnerability id="160195738668104315916978371713969055745" name="CVE-2017-8589"><vulner_values><impact>10.0</impact><cost>0.1</cost><risk>10.0</risk><probability>1.0</probability><defense_cost>10</defense_cost><exploitability>0.97</exploitability></vulner_values></vulnerability></or></vulnerabilities></node><node id="169597932578643341516289131853140908896" name="A 2"><host_values><impact>5.0</impact><risk>5.0</risk><probability>0.5</probability><asset_value>20</asset_value><cost>5.0</cost><defense_cost>10</defense_cost><type>user</type><exploitability>0.97</exploitability></host_values><vulnerabilities><or><vulnerability id="172013314471368657473950823625997403249" name="CVE-2017-9953"><vulner_values><impact>5.0</impact><cost>5.0</cost><risk>5.0</risk><probability>0.5</probability><defense_cost>10</defense_cost><exploitability>0.97</exploitability></vulner_values></vulnerability></or></vulnerabilities></node><node id="194880615394161237314833004134692764477" name="A 3"><host_values><impact>5.0</impact><risk>5.0</risk><probability>0.5</probability><asset_value>20</asset_value><cost>5.0</cost><defense_cost>10</defense_cost><type>user</type><exploitability>0.97</exploitability></host_values><vulnerabilities><or><vulnerability id="324905342197751624061457145438152194215" name="CVE-2017-9953"><vulner_values><impact>5.0</impact><cost>5.0</cost><risk>5.0</risk><probability>0.5</probability><defense_cost>10</defense_cost><exploitability>0.97</exploitability></vulner_values></vulnerability></or></vulnerabilities></node><node id="215883719309768584541341497678304267013" name="A 4"><host_values><impact>10.0</impact><risk>10.0</risk><probability>1.0</probability><asset_value>20</asset_value><cost>0.1</cost><defense_cost>10</defense_cost><type>user</type><exploitability>0.97</exploitability></host_values><vulnerabilities><or><vulnerability id="287626341106125884192417480836745596195" name="CVE-2017-8589"><vulner_values><impact>10.0</impact><cost>0.1</cost><risk>10.0</risk><probability>1.0</probability><defense_cost>10</defense_cost><exploitability>0.97</exploitability></vulner_values></vulnerability></or></vulnerabilities></node><node id="265234825487888818882735314594331777420" name="A 5"><host_values><impact>5.0</impact><risk>5.0</risk><probability>0.5</probability><asset_value>20</asset_value><cost>5.0</cost><defense_cost>10</defense_cost><type>user</type><exploitability>0.97</exploitability></host_values><vulnerabilities><or><vulnerability id="233638665110393870053935801893443588186" name="CVE-2017-9953"><vulner_values><impact>5.0</impact><cost>5.0</cost><risk>5.0</risk><probability>0.5</probability><defense_cost>10</defense_cost><exploitability>0.97</exploitability></vulner_values></vulnerability></or></vulnerabilities></node><node id="2758790371113791695954710432612311848" name="B 0"><host_values><impact>9.0</impact><risk>9.3</risk><probability>0.93</probability><asset_value>20</asset_value><cost>0.7</cost><defense_cost>10</defense_cost><type>user</type><exploitability>0.97</exploitability></host_values><vulnerabilities><or><vulnerability id="275567378293762401617242079163495729317" name="CVE-2017-8464"><vulner_values><impact>9.0</impact><cost>0.7</cost><risk>9.3</risk><probability>0.93</probability><defense_cost>10</defense_cost><exploitability>0.97</exploitability></vulner_values></vulnerability></or></vulnerabilities></node><node id="128346469249793235353808091675020524483" name="B 1"><host_values><impact>2</impact><risk>4.3</risk><probability>0.43</probability><asset_value>20</asset_value><cost>5.7</cost><defense_cost>5.0</defense_cost><type>user</type><exploitability>0.97</exploitability></host_values><vulnerabilities><or><vulnerability id="9078591385786226832219339900403394422" name="CVE-2015-5479"><vulner_values><impact>2</impact><cost>5.7</cost><risk>4.3</risk><probability>0.43</probability><defense_cost>5.0</defense_cost><exploitability>0.97</exploitability></vulner_values></vulnerability></or></vulnerabilities></node><node id="319260702085749922003310571438984633478" name="B 2"><host_values><impact>10.0</impact><risk>10.0</risk><probability>1.0</probability><asset_value>20</asset_value><cost>0.1</cost><defense_cost>10</defense_cost><type>user</type><exploitability>0.97</exploitability></host_values><vulnerabilities><or><vulnerability id="55299203413568734687734760093737764919" name="CVE-2017-8589"><vulner_values><impact>10.0</impact><cost>0.1</cost><risk>10.0</risk><probability>1.0</probability><defense_cost>10</defense_cost><exploitability>0.97</exploitability></vulner_values></vulnerability></or></vulnerabilities></node><node id="148272655449290705247113188865374358120" name="B 3"><host_values><impact>2</impact><risk>4.3</risk><probability>0.43</probability><asset_value>20</asset_value><cost>5.7</cost><defense_cost>5.0</defense_cost><type>user</type><exploitability>0.97</exploitability></host_values><vulnerabilities><or><vulnerability id="331803460824555461525751378712454450484" name="CVE-2015-5479"><vulner_values><impact>2</impact><cost>5.7</cost><risk>4.3</risk><probability>0.43</probability><defense_cost>5.0</defense_cost><exploitability>0.97</exploitability></vulner_values></vulnerability></or></vulnerabilities></node><node id="79003332873184206976738118682265150041" name="B 4"><host_values><impact>2</impact><risk>4.3</risk><probability>0.43</probability><asset_value>20</asset_value><cost>5.7</cost><defense_cost>5.0</defense_cost><type>user</type><exploitability>0.97</exploitability></host_values><vulnerabilities><or><vulnerability id="89560406263148635823187439432357903910" name="CVE-2015-5479"><vulner_values><impact>2</impact><cost>5.7</cost><risk>4.3</risk><probability>0.43</probability><defense_cost>5.0</defense_cost><exploitability>0.97</exploitability></vulner_values></vulnerability></or></vulnerabilities></node><node id="76247642094855116590448621018905725756" name="B 5"><host_values><impact>2</impact><risk>4.3</risk><probability>0.43</probability><asset_value>20</asset_value><cost>5.7</cost><defense_cost>5.0</defense_cost><type>user</type><exploitability>0.97</exploitability></host_values><vulnerabilities><or><vulnerability id="202200458617802821554623864920035251054" name="CVE-2015-5479"><vulner_values><impact>2</impact><cost>5.7</cost><risk>4.3</risk><probability>0.43</probability><defense_cost>5.0</defense_cost><exploitability>0.97</exploitability></vulner_values></vulnerability></or></vulnerabilities></node><node id="177225608032870086811495717764427141647" name="C 0"><host_values><impact>2</impact><risk>4.3</risk><probability>0.43</probability><asset_value>20</asset_value><cost>5.7</cost><defense_cost>5.0</defense_cost><type>user</type><exploitability>0.97</exploitability></host_values><vulnerabilities><or><vulnerability id="166405203994931900885213761980378851253" name="CVE-2015-5479"><vulner_values><impact>2</impact><cost>5.7</cost><risk>4.3</risk><probability>0.43</probability><defense_cost>5.0</defense_cost><exploitability>0.97</exploitability></vulner_values></vulnerability></or></vulnerabilities></node><node id="68770186439006438469350356739319882843" name="C 1"><host_values><impact>5.0</impact><risk>5.0</risk><probability>0.5</probability><asset_value>20</asset_value><cost>5.0</cost><defense_cost>10</defense_cost><type>user</type><exploitability>0.97</exploitability></host_values><vulnerabilities><or><vulnerability id="102627116785268211474448180907454214667" name="CVE-2017-9953"><vulner_values><impact>5.0</impact><cost>5.0</cost><risk>5.0</risk><probability>0.5</probability><defense_cost>10</defense_cost><exploitability>0.97</exploitability></vulner_values></vulnerability></or></vulnerabilities></node><node id="75970290360457133033503618849655388245" name="C 2"><host_values><impact>2</impact><risk>4.3</risk><probability>0.43</probability><asset_value>20</asset_value><cost>5.7</cost><defense_cost>5.0</defense_cost><type>user</type><exploitability>0.97</exploitability></host_values><vulnerabilities><or><vulnerability id="72908572240689585736712527641325096821" name="CVE-2015-5479"><vulner_values><impact>2</impact><cost>5.7</cost><risk>4.3</risk><probability>0.43</probability><defense_cost>5.0</defense_cost><exploitability>0.97</exploitability></vulner_values></vulnerability></or></vulnerabilities></node><node id="183770823066360683802900462827007412335" name="C 3"><host_values><impact>5.0</impact><risk>5.0</risk><probability>0.5</probability><asset_value>20</asset_value><cost>5.0</cost><defense_cost>10</defense_cost><type>user</type><exploitability>0.97</exploitability></host_values><vulnerabilities><or><vulnerability id="50393037411290929205413562538622220909" name="CVE-2017-9953"><vulner_values><impact>5.0</impact><cost>5.0</cost><risk>5.0</risk><probability>0.5</probability><defense_cost>10</defense_cost><exploitability>0.97</exploitability></vulner_values></vulnerability></or></vulnerabilities></node><node id="108775275415016058340693895473740165883" name="C 4"><host_values><impact>5.0</impact><risk>5.0</risk><probability>0.5</probability><asset_value>20</asset_value><cost>5.0</cost><defense_cost>10</defense_cost><type>user</type><exploitability>0.97</exploitability></host_values><vulnerabilities><or><vulnerability id="138263266058651100894873772000316183280" name="CVE-2017-9953"><vulner_values><impact>5.0</impact><cost>5.0</cost><risk>5.0</risk><probability>0.5</probability><defense_cost>10</defense_cost><exploitability>0.97</exploitability></vulner_values></vulnerability></or></vulnerabilities></node><node id="158246382731532959878175650259128419904" name="C 5"><host_values><impact>10.0</impact><risk>10.0</risk><probability>1.0</probability><asset_value>20</asset_value><cost>0.1</cost><defense_cost>10</defense_cost><type>user</type><exploitability>0.97</exploitability></host_values><vulnerabilities><or><vulnerability id="103469202665506801896838002247109058873" name="CVE-2017-8589"><vulner_values><impact>10.0</impact><cost>0.1</cost><risk>10.0</risk><probability>1.0</probability><defense_cost>10</defense_cost><exploitability>0.97</exploitability></vulner_values></vulnerability></or></vulnerabilities></node><node id="145015504293130930489397128559823628846" name="WS2"><host_values><impact>9.0</impact><cost>0.7</cost><risk>9.3</risk><probability>0.93</probability><defense_cost>10</defense_cost><type>web server</type><exploitability>0.58</exploitability></host_values><vulnerabilities><or><vulnerability id="309047807633166925613530504251498367898" name="CVE-2017-8464"><vulner_values><impact>9.0</impact><cost>0.7</cost><risk>9.3</risk><probability>0.93</probability><defense_cost>10</defense_cost><exploitability>0.58</exploitability></vulner_values></vulnerability></or></vulnerabilities></node><node id="12643713038757643968448344891134180455" name="D 2"><host_values><impact>5.0</impact><risk>5.0</risk><probability>0.5</probability><asset_value>20</asset_value><cost>5.0</cost><defense_cost>10</defense_cost><type>user</type><exploitability>0.58</exploitability></host_values><vulnerabilities><or><vulnerability id="31789305976354174844045145343424962235" name="CVE-2017-9953"><vulner_values><impact>5.0</impact><cost>5.0</cost><risk>5.0</risk><probability>0.5</probability><defense_cost>10</defense_cost><exploitability>0.58</exploitability></vulner_values></vulnerability></or></vulnerabilities></node><node id="13388473124470558105150981388577170384" name="DB"><host_values><impact>9.0</impact><cost>0.7</cost><risk>9.3</risk><probability>0.93</probability><defense_cost>10</defense_cost><type>db server</type><exploitability>0.58</exploitability></host_values><vulnerabilities><or><vulnerability id="288079162867335838462364150295386968407" name="CVE-2017-8464"><vulner_values><impact>9.0</impact><cost>0.7</cost><risk>9.3</risk><probability>0.93</probability><defense_cost>10</defense_cost><exploitability>0.58</exploitability></vulner_values></vulnerability></or></vulnerabilities></node><node id="47624129927208488422790230360157734071" name="Attacker"/><node id="243963185623111394983403949902954597247" name="D 2"><host_values><impact>5.0</impact><risk>5.0</risk><probability>0.5</probability><asset_value>20</asset_value><cost>5.0</cost><defense_cost>10</defense_cost><type>user</type><exploitability>0.58</exploitability></host_values><vulnerabilities><or><vulnerability id="168267073365522691499041328295950671244" name="CVE-2017-9953"><vulner_values><impact>5.0</impact><cost>5.0</cost><risk>5.0</risk><probability>0.5</probability><defense_cost>10</defense_cost><exploitability>0.58</exploitability></vulner_values></vulnerability></or></vulnerabilities></node></nodes><edges><edge><source>0</source><target>4</target></edge><edge><source>0</source><target>5</target></edge><edge><source>0</source><target>6</target></edge><edge><source>0</source><target>7</target></edge><edge><source>0</source><target>8</target></edge><edge><source>0</source><target>9</target></edge><edge><source>0</source><target>10</target></edge><edge><source>0</source><target>11</target></edge><edge><source>0</source><target>12</target></edge><edge><source>0</source><target>13</target></edge><edge><source>0</source><target>14</target></edge><edge><source>0</source><target>15</target></edge><edge><source>0</source><target>16</target></edge><edge><source>0</source><target>21</target></edge><edge><source>0</source><target>17</target></edge><edge><source>0</source><target>1</target></edge><edge><source>0</source><target>2</target></edge><edge><source>0</source><target>18</target></edge><edge><source>0</source><target>3</target></edge><edge><source>1</source><target>4</target></edge><edge><source>1</source><target>5</target></edge><edge><source>1</source><target>6</target></edge><edge><source>1</source><target>21</target></edge><edge><source>1</source><target>2</target></edge><edge><source>1</source><target>3</target></edge><edge><source>2</source><target>4</target></edge><edge><source>2</source><target>5</target></edge><edge><source>2</source><target>6</target></edge><edge><source>2</source><target>21</target></edge><edge><source>2</source><target>1</target></edge><edge><source>2</source><target>3</target></edge><edge><source>3</source><target>4</target></edge><edge><source>3</source><target>5</target></edge><edge><source>3</source><target>6</target></edge><edge><source>3</source><target>21</target></edge><edge><source>3</source><target>1</target></edge><edge><source>3</source><target>2</target></edge><edge><source>4</source><target>5</target></edge><edge><source>4</source><target>6</target></edge><edge><source>4</source><target>21</target></edge><edge><source>4</source><target>1</target></edge><edge><source>4</source><target>2</target></edge><edge><source>4</source><target>3</target></edge><edge><source>5</source><target>4</target></edge><edge><source>5</source><target>6</target></edge><edge><source>5</source><target>21</target></edge><edge><source>5</source><target>1</target></edge><edge><source>5</source><target>2</target></edge><edge><source>5</source><target>3</target></edge><edge><source>6</source><target>4</target></edge><edge><source>6</source><target>5</target></edge><edge><source>6</source><target>21</target></edge><edge><source>6</source><target>1</target></edge><edge><source>6</source><target>2</target></edge><edge><source>6</source><target>3</target></edge><edge><source>7</source><target>8</target></edge><edge><source>7</source><target>9</target></edge><edge><source>7</source><target>10</target></edge><edge><source>7</source><target>11</target></edge><edge><source>7</source><target>12</target></edge><edge><source>7</source><target>21</target></edge><edge><source>8</source><target>7</target></edge><edge><source>8</source><target>9</target></edge><edge><source>8</source><target>10</target></edge><edge><source>8</source><target>11</target></edge><edge><source>8</source><target>12</target></edge><edge><source>8</source><target>21</target></edge><edge><source>9</source><target>7</target></edge><edge><source>9</source><target>8</target></edge><edge><source>9</source><target>10</target></edge><edge><source>9</source><target>11</target></edge><edge><source>9</source><target>12</target></edge><edge><source>9</source><target>21</target></edge><edge><source>10</source><target>7</target></edge><edge><source>10</source><target>8</target></edge><edge><source>10</source><target>9</target></edge><edge><source>10</source><target>11</target></edge><edge><source>10</source><target>12</target></edge><edge><source>10</source><target>21</target></edge><edge><source>11</source><target>7</target></edge><edge><source>11</source><target>8</target></edge><edge><source>11</source><target>9</target></edge><edge><source>11</source><target>10</target></edge><edge><source>11</source><target>12</target></edge><edge><source>11</source><target>21</target></edge><edge><source>12</source><target>7</target></edge><edge><source>12</source><target>8</target></edge><edge><source>12</source><target>9</target></edge><edge><source>12</source><target>10</target></edge><edge><source>12</source><target>11</target></edge><edge><source>12</source><target>21</target></edge><edge><source>13</source><target>21</target></edge><edge><source>13</source><target>14</target></edge><edge><source>13</source><target>15</target></edge><edge><source>13</source><target>16</target></edge><edge><source>13</source><target>17</target></edge><edge><source>13</source><target>18</target></edge><edge><source>14</source><target>13</target></edge><edge><source>14</source><target>21</target></edge><edge><source>14</source><target>15</target></edge><edge><source>14</source><target>16</target></edge><edge><source>14</source><target>17</target></edge><edge><source>14</source><target>18</target></edge><edge><source>15</source><target>13</target></edge><edge><source>15</source><target>21</target></edge><edge><source>15</source><target>14</target></edge><edge><source>15</source><target>16</target></edge><edge><source>15</source><target>17</target></edge><edge><source>15</source><target>18</target></edge><edge><source>16</source><target>13</target></edge><edge><source>16</source><target>21</target></edge><edge><source>16</source><target>14</target></edge><edge><source>16</source><target>15</target></edge><edge><source>16</source><target>17</target></edge><edge><source>16</source><target>18</target></edge><edge><source>17</source><target>13</target></edge><edge><source>17</source><target>21</target></edge><edge><source>17</source><target>14</target></edge><edge><source>17</source><target>15</target></edge><edge><source>17</source><target>16</target></edge><edge><source>17</source><target>18</target></edge><edge><source>18</source><target>13</target></edge><edge><source>18</source><target>21</target></edge><edge><source>18</source><target>14</target></edge><edge><source>18</source><target>15</target></edge><edge><source>18</source><target>16</target></edge><edge><source>18</source><target>17</target></edge><edge><source>19</source><target>0</target></edge><edge><source>19</source><target>1</target></edge><edge><source>19</source><target>3</target></edge><edge><source>19</source><target>5</target></edge><edge><source>19</source><target>6</target></edge><edge><source>19</source><target>7</target></edge><edge><source>19</source><target>8</target></edge><edge><source>19</source><target>9</target></edge><edge><source>19</source><target>10</target></edge><edge><source>19</source><target>11</target></edge><edge><source>19</source><target>12</target></edge><edge><source>19</source><target>13</target></edge><edge><source>19</source><target>14</target></edge><edge><source>19</source><target>15</target></edge><edge><source>19</source><target>16</target></edge><edge><source>19</source><target>18</target></edge><edge><source>19</source><target>21</target></edge><edge><source>22</source><target>0</target></edge><edge><source>22</source><target>19</target></edge></edges></harm>