<harm><nodes><node id="186631324090229023596516974507899257977" name="D 2"><host_values><impact>10.0</impact><risk>10.0</risk><probability>1.0</probability><asset_value>20</asset_value><cost>0.1</cost><defense_cost>10</defense_cost><type>user</type><exploitability>0.1</exploitability></host_values><vulnerabilities><or><vulnerability id="310823059519237761225751632749799005477" name="CVE-2017-8589"><vulner_values><impact>10.0</impact><cost>0.1</cost><risk>10.0</risk><probability>1.0</probability><defense_cost>10</defense_cost><exploitability>0.1</exploitability></vulner_values></vulnerability></or></vulnerabilities></node><node id="244552494768458110407733428942196470722" name="WS1"><host_values><impact>5.0</impact><cost>5.0</cost><risk>5.0</risk><probability>0.5</probability><defense_cost>10</defense_cost><type>web server</type><exploitability>0.1</exploitability></host_values><vulnerabilities><or><vulnerability id="312867109537364423872840122988866173993" name="CVE-2017-9953"><vulner_values><impact>5.0</impact><cost>5.0</cost><risk>5.0</risk><probability>0.5</probability><defense_cost>10</defense_cost><exploitability>0.1</exploitability></vulner_values></vulnerability></or></vulnerabilities></node><node id="119278765084559070668500003544289574046" name="A 0"><host_values><impact>5.0</impact><risk>5.0</risk><probability>0.5</probability><asset_value>20</asset_value><cost>5.0</cost><defense_cost>10</defense_cost><type>user</type><exploitability>0.02</exploitability></host_values><vulnerabilities><or><vulnerability id="196897517339187239721386142669227813810" name="CVE-2017-9953"><vulner_values><impact>5.0</impact><cost>5.0</cost><risk>5.0</risk><probability>0.5</probability><defense_cost>10</defense_cost><exploitability>0.02</exploitability></vulner_values></vulnerability></or></vulnerabilities></node><node id="74338865739415828061890442913650400912" name="A 1"><host_values><impact>2</impact><risk>4.3</risk><probability>0.43</probability><asset_value>20</asset_value><cost>5.7</cost><defense_cost>5.0</defense_cost><type>user</type><exploitability>0.02</exploitability></host_values><vulnerabilities><or><vulnerability id="263395455945950400285041405911314115497" name="CVE-2015-5479"><vulner_values><impact>2</impact><cost>5.7</cost><risk>4.3</risk><probability>0.43</probability><defense_cost>5.0</defense_cost><exploitability>0.02</exploitability></vulner_values></vulnerability></or></vulnerabilities></node><node id="254699642110075596960472403381082367036" name="A 2"><host_values><impact>9.0</impact><risk>9.3</risk><probability>0.93</probability><asset_value>20</asset_value><cost>0.7</cost><defense_cost>10</defense_cost><type>user</type><exploitability>0.02</exploitability></host_values><vulnerabilities><or><vulnerability id="63850502647568360991300527001266840822" name="CVE-2017-8464"><vulner_values><impact>9.0</impact><cost>0.7</cost><risk>9.3</risk><probability>0.93</probability><defense_cost>10</defense_cost><exploitability>0.02</exploitability></vulner_values></vulnerability></or></vulnerabilities></node><node id="321989085782451107267570783944977312942" name="A 3"><host_values><impact>2</impact><risk>4.3</risk><probability>0.43</probability><asset_value>20</asset_value><cost>5.7</cost><defense_cost>5.0</defense_cost><type>user</type><exploitability>0.02</exploitability></host_values><vulnerabilities><or><vulnerability id="175791022332703031157891275047640583103" name="CVE-2015-5479"><vulner_values><impact>2</impact><cost>5.7</cost><risk>4.3</risk><probability>0.43</probability><defense_cost>5.0</defense_cost><exploitability>0.02</exploitability></vulner_values></vulnerability></or></vulnerabilities></node><node id="196671849754603884459628375965687176175" name="A 4"><host_values><impact>2</impact><risk>4.3</risk><probability>0.43</probability><asset_value>20</asset_value><cost>5.7</cost><defense_cost>5.0</defense_cost><type>user</type><exploitability>0.02</exploitability></host_values><vulnerabilities><or><vulnerability id="146851273066678798572109045729015863180" name="CVE-2015-5479"><vulner_values><impact>2</impact><cost>5.7</cost><risk>4.3</risk><probability>0.43</probability><defense_cost>5.0</defense_cost><exploitability>0.02</exploitability></vulner_values></vulnerability></or></vulnerabilities></node><node id="140955587664999508728713859569595483324" name="A 5"><host_values><impact>10.0</impact><risk>10.0</risk><probability>1.0</probability><asset_value>20</asset_value><cost>0.1</cost><defense_cost>10</defense_cost><type>user</type><exploitability>0.02</exploitability></host_values><vulnerabilities><or><vulnerability id="71362884079236195488179953763886117803" name="CVE-2017-8589"><vulner_values><impact>10.0</impact><cost>0.1</cost><risk>10.0</risk><probability>1.0</probability><defense_cost>10</defense_cost><exploitability>0.02</exploitability></vulner_values></vulnerability></or></vulnerabilities></node><node id="159230268728761685063398640112815123424" name="B 0"><host_values><impact>2</impact><risk>4.3</risk><probability>0.43</probability><asset_value>20</asset_value><cost>5.7</cost><defense_cost>5.0</defense_cost><type>user</type><exploitability>0.02</exploitability></host_values><vulnerabilities><or><vulnerability id="89354511571181239901942810253094013087" name="CVE-2015-5479"><vulner_values><impact>2</impact><cost>5.7</cost><risk>4.3</risk><probability>0.43</probability><defense_cost>5.0</defense_cost><exploitability>0.02</exploitability></vulner_values></vulnerability></or></vulnerabilities></node><node id="149923007232023623545930314331173509071" name="B 1"><host_values><impact>10.0</impact><risk>10.0</risk><probability>1.0</probability><asset_value>20</asset_value><cost>0.1</cost><defense_cost>10</defense_cost><type>user</type><exploitability>0.02</exploitability></host_values><vulnerabilities><or><vulnerability id="274334583476292451746835480232299149818" name="CVE-2017-8589"><vulner_values><impact>10.0</impact><cost>0.1</cost><risk>10.0</risk><probability>1.0</probability><defense_cost>10</defense_cost><exploitability>0.02</exploitability></vulner_values></vulnerability></or></vulnerabilities></node><node id="90567174667542982027064785620724644675" name="B 2"><host_values><impact>5.0</impact><risk>5.0</risk><probability>0.5</probability><asset_value>20</asset_value><cost>5.0</cost><defense_cost>10</defense_cost><type>user</type><exploitability>0.02</exploitability></host_values><vulnerabilities><or><vulnerability id="292555966666777685003524818116783441734" name="CVE-2017-9953"><vulner_values><impact>5.0</impact><cost>5.0</cost><risk>5.0</risk><probability>0.5</probability><defense_cost>10</defense_cost><exploitability>0.02</exploitability></vulner_values></vulnerability></or></vulnerabilities></node><node id="243136745819577965932646706153945112138" name="B 3"><host_values><impact>9.0</impact><risk>9.3</risk><probability>0.93</probability><asset_value>20</asset_value><cost>0.7</cost><defense_cost>10</defense_cost><type>user</type><exploitability>0.02</exploitability></host_values><vulnerabilities><or><vulnerability id="259758968543644213869725377826262616162" name="CVE-2017-8464"><vulner_values><impact>9.0</impact><cost>0.7</cost><risk>9.3</risk><probability>0.93</probability><defense_cost>10</defense_cost><exploitability>0.02</exploitability></vulner_values></vulnerability></or></vulnerabilities></node><node id="329644395694616203718061199099871398179" name="B 4"><host_values><impact>2</impact><risk>4.3</risk><probability>0.43</probability><asset_value>20</asset_value><cost>5.7</cost><defense_cost>5.0</defense_cost><type>user</type><exploitability>0.02</exploitability></host_values><vulnerabilities><or><vulnerability id="127101380591254379968365015281539778658" name="CVE-2015-5479"><vulner_values><impact>2</impact><cost>5.7</cost><risk>4.3</risk><probability>0.43</probability><defense_cost>5.0</defense_cost><exploitability>0.02</exploitability></vulner_values></vulnerability></or></vulnerabilities></node><node id="335303253330929536694041393615555881556" name="B 5"><host_values><impact>10.0</impact><risk>10.0</risk><probability>1.0</probability><asset_value>20</asset_value><cost>0.1</cost><defense_cost>10</defense_cost><type>user</type><exploitability>0.02</exploitability></host_values><vulnerabilities><or><vulnerability id="300088754062649487053116527977697050610" name="CVE-2017-8589"><vulner_values><impact>10.0</impact><cost>0.1</cost><risk>10.0</risk><probability>1.0</probability><defense_cost>10</defense_cost><exploitability>0.02</exploitability></vulner_values></vulnerability></or></vulnerabilities></node><node id="63005512952239597935008663315163641469" name="C 0"><host_values><impact>9.0</impact><risk>9.3</risk><probability>0.93</probability><asset_value>20</asset_value><cost>0.7</cost><defense_cost>10</defense_cost><type>user</type><exploitability>0.02</exploitability></host_values><vulnerabilities><or><vulnerability id="71051832772071335802835125735171722812" name="CVE-2017-8464"><vulner_values><impact>9.0</impact><cost>0.7</cost><risk>9.3</risk><probability>0.93</probability><defense_cost>10</defense_cost><exploitability>0.02</exploitability></vulner_values></vulnerability></or></vulnerabilities></node><node id="293532472262959298541325271397156006333" name="C 1"><host_values><impact>10.0</impact><risk>10.0</risk><probability>1.0</probability><asset_value>20</asset_value><cost>0.1</cost><defense_cost>10</defense_cost><type>user</type><exploitability>0.02</exploitability></host_values><vulnerabilities><or><vulnerability id="304237185959621713226869398863580204394" name="CVE-2017-8589"><vulner_values><impact>10.0</impact><cost>0.1</cost><risk>10.0</risk><probability>1.0</probability><defense_cost>10</defense_cost><exploitability>0.02</exploitability></vulner_values></vulnerability></or></vulnerabilities></node><node id="125069304952608719472038531555093530469" name="C 2"><host_values><impact>5.0</impact><risk>5.0</risk><probability>0.5</probability><asset_value>20</asset_value><cost>5.0</cost><defense_cost>10</defense_cost><type>user</type><exploitability>0.02</exploitability></host_values><vulnerabilities><or><vulnerability id="130475510983787088763209373145115759312" name="CVE-2017-9953"><vulner_values><impact>5.0</impact><cost>5.0</cost><risk>5.0</risk><probability>0.5</probability><defense_cost>10</defense_cost><exploitability>0.02</exploitability></vulner_values></vulnerability></or></vulnerabilities></node><node id="278875819072016965168800255965084787933" name="C 3"><host_values><impact>10.0</impact><risk>10.0</risk><probability>1.0</probability><asset_value>20</asset_value><cost>0.1</cost><defense_cost>10</defense_cost><type>user</type><exploitability>0.02</exploitability></host_values><vulnerabilities><or><vulnerability id="87244697508998823523918356463305122132" name="CVE-2017-8589"><vulner_values><impact>10.0</impact><cost>0.1</cost><risk>10.0</risk><probability>1.0</probability><defense_cost>10</defense_cost><exploitability>0.02</exploitability></vulner_values></vulnerability></or></vulnerabilities></node><node id="72637313269639150332464094745825661083" name="C 4"><host_values><impact>9.0</impact><risk>9.3</risk><probability>0.93</probability><asset_value>20</asset_value><cost>0.7</cost><defense_cost>10</defense_cost><type>user</type><exploitability>0.02</exploitability></host_values><vulnerabilities><or><vulnerability id="23492868897667109097470080338820395031" name="CVE-2017-8464"><vulner_values><impact>9.0</impact><cost>0.7</cost><risk>9.3</risk><probability>0.93</probability><defense_cost>10</defense_cost><exploitability>0.02</exploitability></vulner_values></vulnerability></or></vulnerabilities></node><node id="266331929162624441786607192081994076301" name="C 5"><host_values><impact>5.0</impact><risk>5.0</risk><probability>0.5</probability><asset_value>20</asset_value><cost>5.0</cost><defense_cost>10</defense_cost><type>user</type><exploitability>0.02</exploitability></host_values><vulnerabilities><or><vulnerability id="217154807155466400184012515322887398330" name="CVE-2017-9953"><vulner_values><impact>5.0</impact><cost>5.0</cost><risk>5.0</risk><probability>0.5</probability><defense_cost>10</defense_cost><exploitability>0.02</exploitability></vulner_values></vulnerability></or></vulnerabilities></node><node id="227497713641612443376504470834873215634" name="D 0"><host_values><impact>5.0</impact><risk>5.0</risk><probability>0.5</probability><asset_value>20</asset_value><cost>5.0</cost><defense_cost>10</defense_cost><type>user</type><exploitability>0.1</exploitability></host_values><vulnerabilities><or><vulnerability id="152629796295057229463510975276156939732" name="CVE-2017-9953"><vulner_values><impact>5.0</impact><cost>5.0</cost><risk>5.0</risk><probability>0.5</probability><defense_cost>10</defense_cost><exploitability>0.1</exploitability></vulner_values></vulnerability></or></vulnerabilities></node><node id="235828646467916155390791066416668931638" name="WS2"><host_values><impact>5.0</impact><cost>5.0</cost><risk>5.0</risk><probability>0.5</probability><defense_cost>10</defense_cost><type>web server</type><exploitability>0.1</exploitability></host_values><vulnerabilities><or><vulnerability id="42620654589615665727563451622373252865" name="CVE-2017-9953"><vulner_values><impact>5.0</impact><cost>5.0</cost><risk>5.0</risk><probability>0.5</probability><defense_cost>10</defense_cost><exploitability>0.1</exploitability></vulner_values></vulnerability></or></vulnerabilities></node><node id="150271897147002711629490845942834792106" name="DB"><host_values><impact>9.0</impact><cost>0.7</cost><risk>9.3</risk><probability>0.93</probability><defense_cost>10</defense_cost><type>db server</type><exploitability>0.1</exploitability></host_values><vulnerabilities><or><vulnerability id="197860035027001102737889063398501903528" name="CVE-2017-8464"><vulner_values><impact>9.0</impact><cost>0.7</cost><risk>9.3</risk><probability>0.93</probability><defense_cost>10</defense_cost><exploitability>0.1</exploitability></vulner_values></vulnerability></or></vulnerabilities></node><node id="106639290473710750903160094064988212776" name="Attacker"/><node id="220741453319433170602729716933753949424" name="D 1"><host_values><impact>2</impact><risk>4.3</risk><probability>0.43</probability><asset_value>20</asset_value><cost>5.7</cost><defense_cost>5.0</defense_cost><type>user</type><exploitability>0.1</exploitability></host_values><vulnerabilities><or><vulnerability id="328075467014753326604101444510550275303" name="CVE-2015-5479"><vulner_values><impact>2</impact><cost>5.7</cost><risk>4.3</risk><probability>0.43</probability><defense_cost>5.0</defense_cost><exploitability>0.1</exploitability></vulner_values></vulnerability></or></vulnerabilities></node></nodes><edges><edge><source>2</source><target>5</target></edge><edge><source>2</source><target>6</target></edge><edge><source>2</source><target>22</target></edge><edge><source>2</source><target>3</target></edge><edge><source>3</source><target>5</target></edge><edge><source>3</source><target>6</target></edge><edge><source>3</source><target>22</target></edge><edge><source>3</source><target>2</target></edge><edge><source>5</source><target>6</target></edge><edge><source>5</source><target>7</target></edge><edge><source>5</source><target>22</target></edge><edge><source>5</source><target>2</target></edge><edge><source>5</source><target>3</target></edge><edge><source>6</source><target>5</target></edge><edge><source>6</source><target>7</target></edge><edge><source>6</source><target>22</target></edge><edge><source>6</source><target>2</target></edge><edge><source>6</source><target>3</target></edge><edge><source>7</source><target>5</target></edge><edge><source>7</source><target>6</target></edge><edge><source>7</source><target>22</target></edge><edge><source>7</source><target>2</target></edge><edge><source>8</source><target>9</target></edge><edge><source>8</source><target>10</target></edge><edge><source>8</source><target>11</target></edge><edge><source>8</source><target>13</target></edge><edge><source>8</source><target>22</target></edge><edge><source>9</source><target>8</target></edge><edge><source>9</source><target>10</target></edge><edge><source>9</source><target>11</target></edge><edge><source>9</source><target>13</target></edge><edge><source>9</source><target>22</target></edge><edge><source>10</source><target>8</target></edge><edge><source>10</source><target>9</target></edge><edge><source>10</source><target>11</target></edge><edge><source>10</source><target>13</target></edge><edge><source>10</source><target>22</target></edge><edge><source>11</source><target>8</target></edge><edge><source>11</source><target>9</target></edge><edge><source>11</source><target>10</target></edge><edge><source>11</source><target>13</target></edge><edge><source>11</source><target>22</target></edge><edge><source>13</source><target>8</target></edge><edge><source>13</source><target>9</target></edge><edge><source>13</source><target>10</target></edge><edge><source>13</source><target>11</target></edge><edge><source>13</source><target>22</target></edge><edge><source>14</source><target>22</target></edge><edge><source>14</source><target>18</target></edge><edge><source>16</source><target>14</target></edge><edge><source>16</source><target>22</target></edge><edge><source>16</source><target>18</target></edge><edge><source>16</source><target>19</target></edge><edge><source>18</source><target>14</target></edge><edge><source>18</source><target>16</target></edge><edge><source>18</source><target>22</target></edge><edge><source>18</source><target>19</target></edge><edge><source>19</source><target>16</target></edge><edge><source>19</source><target>22</target></edge><edge><source>19</source><target>18</target></edge><edge><source>21</source><target>2</target></edge><edge><source>21</source><target>3</target></edge><edge><source>21</source><target>5</target></edge><edge><source>21</source><target>6</target></edge><edge><source>21</source><target>7</target></edge><edge><source>21</source><target>8</target></edge><edge><source>21</source><target>9</target></edge><edge><source>21</source><target>10</target></edge><edge><source>21</source><target>11</target></edge><edge><source>21</source><target>13</target></edge><edge><source>21</source><target>14</target></edge><edge><source>21</source><target>16</target></edge><edge><source>21</source><target>18</target></edge><edge><source>21</source><target>19</target></edge><edge><source>21</source><target>22</target></edge><edge><source>23</source><target>21</target></edge></edges></harm>