<harm><nodes><node id="330995455163299512512657071067493853316" name="U 38"><host_values><impact>5.0</impact><risk>5.0</risk><probability>0.5</probability><asset_value>20</asset_value><cost>5.0</cost><defense_cost>10</defense_cost><type>user</type><exploitability>0.41</exploitability></host_values><vulnerabilities><or><vulnerability id="310638121950035265707138036804397252941" name="CVE-2017-9953"><vulner_values><impact>5.0</impact><cost>5.0</cost><risk>5.0</risk><probability>0.5</probability><defense_cost>10</defense_cost><exploitability>0.41</exploitability></vulner_values></vulnerability></or></vulnerabilities></node><node id="254112852582135736677298168368075999427" name="U 39"><host_values><impact>10.0</impact><risk>10.0</risk><probability>1.0</probability><asset_value>20</asset_value><cost>0.1</cost><defense_cost>10</defense_cost><type>user</type><exploitability>0.41</exploitability></host_values><vulnerabilities><or><vulnerability id="43179802326842586904764984775777010098" name="CVE-2017-8589"><vulner_values><impact>10.0</impact><cost>0.1</cost><risk>10.0</risk><probability>1.0</probability><defense_cost>10</defense_cost><exploitability>0.41</exploitability></vulner_values></vulnerability></or></vulnerabilities></node><node id="3591940552505177814464709763366655191" name="U 40"><host_values><impact>5.0</impact><risk>5.0</risk><probability>0.5</probability><asset_value>20</asset_value><cost>5.0</cost><defense_cost>10</defense_cost><type>user</type><exploitability>0.41</exploitability></host_values><vulnerabilities><or><vulnerability id="158219891726335906133456524112985551332" name="CVE-2017-9953"><vulner_values><impact>5.0</impact><cost>5.0</cost><risk>5.0</risk><probability>0.5</probability><defense_cost>10</defense_cost><exploitability>0.41</exploitability></vulner_values></vulnerability></or></vulnerabilities></node><node id="227475009319388316351817443599662484046" name="U 41"><host_values><impact>9.0</impact><risk>9.3</risk><probability>0.93</probability><asset_value>20</asset_value><cost>0.7</cost><defense_cost>10</defense_cost><type>user</type><exploitability>0.41</exploitability></host_values><vulnerabilities><or><vulnerability id="84096704236374806082247424530886754723" name="CVE-2017-8464"><vulner_values><impact>9.0</impact><cost>0.7</cost><risk>9.3</risk><probability>0.93</probability><defense_cost>10</defense_cost><exploitability>0.41</exploitability></vulner_values></vulnerability></or></vulnerabilities></node><node id="243333739443535212555533456016749425391" name="U 42"><host_values><impact>2</impact><risk>4.3</risk><probability>0.43</probability><asset_value>20</asset_value><cost>5.7</cost><defense_cost>5.0</defense_cost><type>user</type><exploitability>0.41</exploitability></host_values><vulnerabilities><or><vulnerability id="85462096971151426039198805128394950231" name="CVE-2015-5479"><vulner_values><impact>2</impact><cost>5.7</cost><risk>4.3</risk><probability>0.43</probability><defense_cost>5.0</defense_cost><exploitability>0.41</exploitability></vulner_values></vulnerability></or></vulnerabilities></node><node id="281984606060113987363301889248009967206" name="U 43"><host_values><impact>2</impact><risk>4.3</risk><probability>0.43</probability><asset_value>20</asset_value><cost>5.7</cost><defense_cost>5.0</defense_cost><type>user</type><exploitability>0.41</exploitability></host_values><vulnerabilities><or><vulnerability id="177239892601320668217258227073407280085" name="CVE-2015-5479"><vulner_values><impact>2</impact><cost>5.7</cost><risk>4.3</risk><probability>0.43</probability><defense_cost>5.0</defense_cost><exploitability>0.41</exploitability></vulner_values></vulnerability></or></vulnerabilities></node><node id="76756049828040530807438499166800868327" name="U 44"><host_values><impact>5.0</impact><risk>5.0</risk><probability>0.5</probability><asset_value>20</asset_value><cost>5.0</cost><defense_cost>10</defense_cost><type>user</type><exploitability>0.41</exploitability></host_values><vulnerabilities><or><vulnerability id="140956035230158012178315590458474696904" name="CVE-2017-9953"><vulner_values><impact>5.0</impact><cost>5.0</cost><risk>5.0</risk><probability>0.5</probability><defense_cost>10</defense_cost><exploitability>0.41</exploitability></vulner_values></vulnerability></or></vulnerabilities></node><node id="275027031948304075810930585502392308475" name="U 45"><host_values><impact>10.0</impact><risk>10.0</risk><probability>1.0</probability><asset_value>20</asset_value><cost>0.1</cost><defense_cost>10</defense_cost><type>user</type><exploitability>0.41</exploitability></host_values><vulnerabilities><or><vulnerability id="29742283284279852670274008320153294077" name="CVE-2017-8589"><vulner_values><impact>10.0</impact><cost>0.1</cost><risk>10.0</risk><probability>1.0</probability><defense_cost>10</defense_cost><exploitability>0.41</exploitability></vulner_values></vulnerability></or></vulnerabilities></node><node id="148467342369804877228251715599310984898" name="U 46"><host_values><impact>5.0</impact><risk>5.0</risk><probability>0.5</probability><asset_value>20</asset_value><cost>5.0</cost><defense_cost>10</defense_cost><type>user</type><exploitability>0.41</exploitability></host_values><vulnerabilities><or><vulnerability id="50773561233764841789311727828375317213" name="CVE-2017-9953"><vulner_values><impact>5.0</impact><cost>5.0</cost><risk>5.0</risk><probability>0.5</probability><defense_cost>10</defense_cost><exploitability>0.41</exploitability></vulner_values></vulnerability></or></vulnerabilities></node><node id="215703642272807777217267026240738925871" name="U 47"><host_values><impact>9.0</impact><risk>9.3</risk><probability>0.93</probability><asset_value>20</asset_value><cost>0.7</cost><defense_cost>10</defense_cost><type>user</type><exploitability>0.41</exploitability></host_values><vulnerabilities><or><vulnerability id="114444066732423025961737569459600103894" name="CVE-2017-8464"><vulner_values><impact>9.0</impact><cost>0.7</cost><risk>9.3</risk><probability>0.93</probability><defense_cost>10</defense_cost><exploitability>0.41</exploitability></vulner_values></vulnerability></or></vulnerabilities></node><node id="145008919736020537830105558452024558242" name="U 48"><host_values><impact>2</impact><risk>4.3</risk><probability>0.43</probability><asset_value>20</asset_value><cost>5.7</cost><defense_cost>5.0</defense_cost><type>user</type><exploitability>0.41</exploitability></host_values><vulnerabilities><or><vulnerability id="223917968645835986906655596296544442899" name="CVE-2015-5479"><vulner_values><impact>2</impact><cost>5.7</cost><risk>4.3</risk><probability>0.43</probability><defense_cost>5.0</defense_cost><exploitability>0.41</exploitability></vulner_values></vulnerability></or></vulnerabilities></node><node id="201913108546016969545406392282311113813" name="U 49"><host_values><impact>10.0</impact><risk>10.0</risk><probability>1.0</probability><asset_value>20</asset_value><cost>0.1</cost><defense_cost>10</defense_cost><type>user</type><exploitability>0.41</exploitability></host_values><vulnerabilities><or><vulnerability id="83979374351558588835558969649328954006" name="CVE-2017-8589"><vulner_values><impact>10.0</impact><cost>0.1</cost><risk>10.0</risk><probability>1.0</probability><defense_cost>10</defense_cost><exploitability>0.41</exploitability></vulner_values></vulnerability></or></vulnerabilities></node><node id="109229510051395291853649527063612472482" name="U 50"><host_values><impact>5.0</impact><risk>5.0</risk><probability>0.5</probability><asset_value>20</asset_value><cost>5.0</cost><defense_cost>10</defense_cost><type>user</type><exploitability>0.41</exploitability></host_values><vulnerabilities><or><vulnerability id="299452395010064423725269403874799641958" name="CVE-2017-9953"><vulner_values><impact>5.0</impact><cost>5.0</cost><risk>5.0</risk><probability>0.5</probability><defense_cost>10</defense_cost><exploitability>0.41</exploitability></vulner_values></vulnerability></or></vulnerabilities></node><node id="255937769281942058122571173518163160718" name="U 51"><host_values><impact>5.0</impact><risk>5.0</risk><probability>0.5</probability><asset_value>20</asset_value><cost>5.0</cost><defense_cost>10</defense_cost><type>user</type><exploitability>0.41</exploitability></host_values><vulnerabilities><or><vulnerability id="145102829071502011758824611655450877766" name="CVE-2017-9953"><vulner_values><impact>5.0</impact><cost>5.0</cost><risk>5.0</risk><probability>0.5</probability><defense_cost>10</defense_cost><exploitability>0.41</exploitability></vulner_values></vulnerability></or></vulnerabilities></node><node id="209811350504675287678400743511452092199" name="U 52"><host_values><impact>5.0</impact><risk>5.0</risk><probability>0.5</probability><asset_value>20</asset_value><cost>5.0</cost><defense_cost>10</defense_cost><type>user</type><exploitability>0.41</exploitability></host_values><vulnerabilities><or><vulnerability id="153190713513200151116301382221127220106" name="CVE-2017-9953"><vulner_values><impact>5.0</impact><cost>5.0</cost><risk>5.0</risk><probability>0.5</probability><defense_cost>10</defense_cost><exploitability>0.41</exploitability></vulner_values></vulnerability></or></vulnerabilities></node><node id="44343734874406114408009565652586129878" name="U 53"><host_values><impact>2</impact><risk>4.3</risk><probability>0.43</probability><asset_value>20</asset_value><cost>5.7</cost><defense_cost>5.0</defense_cost><type>user</type><exploitability>0.41</exploitability></host_values><vulnerabilities><or><vulnerability id="296520243914931575584534313817673347955" name="CVE-2015-5479"><vulner_values><impact>2</impact><cost>5.7</cost><risk>4.3</risk><probability>0.43</probability><defense_cost>5.0</defense_cost><exploitability>0.41</exploitability></vulner_values></vulnerability></or></vulnerabilities></node><node id="145673008210977084587664073928263888835" name="U 54"><host_values><impact>2</impact><risk>4.3</risk><probability>0.43</probability><asset_value>20</asset_value><cost>5.7</cost><defense_cost>5.0</defense_cost><type>user</type><exploitability>0.41</exploitability></host_values><vulnerabilities><or><vulnerability id="61991712039314782505187700962522180548" name="CVE-2015-5479"><vulner_values><impact>2</impact><cost>5.7</cost><risk>4.3</risk><probability>0.43</probability><defense_cost>5.0</defense_cost><exploitability>0.41</exploitability></vulner_values></vulnerability></or></vulnerabilities></node><node id="76045851300569159768887553202274882977" name="U 55"><host_values><impact>9.0</impact><risk>9.3</risk><probability>0.93</probability><asset_value>20</asset_value><cost>0.7</cost><defense_cost>10</defense_cost><type>user</type><exploitability>0.41</exploitability></host_values><vulnerabilities><or><vulnerability id="116998339052946707574823757267052058196" name="CVE-2017-8464"><vulner_values><impact>9.0</impact><cost>0.7</cost><risk>9.3</risk><probability>0.93</probability><defense_cost>10</defense_cost><exploitability>0.41</exploitability></vulner_values></vulnerability></or></vulnerabilities></node><node id="245126623821244088500939149250846503516" name="U 56"><host_values><impact>9.0</impact><risk>9.3</risk><probability>0.93</probability><asset_value>20</asset_value><cost>0.7</cost><defense_cost>10</defense_cost><type>user</type><exploitability>0.41</exploitability></host_values><vulnerabilities><or><vulnerability id="181485934955929001034839297333262737320" name="CVE-2017-8464"><vulner_values><impact>9.0</impact><cost>0.7</cost><risk>9.3</risk><probability>0.93</probability><defense_cost>10</defense_cost><exploitability>0.41</exploitability></vulner_values></vulnerability></or></vulnerabilities></node><node id="337123418343788140223067960171177720238" name="U 57"><host_values><impact>9.0</impact><risk>9.3</risk><probability>0.93</probability><asset_value>20</asset_value><cost>0.7</cost><defense_cost>10</defense_cost><type>user</type><exploitability>0.41</exploitability></host_values><vulnerabilities><or><vulnerability id="132948934310364193062619400308535953160" name="CVE-2017-8464"><vulner_values><impact>9.0</impact><cost>0.7</cost><risk>9.3</risk><probability>0.93</probability><defense_cost>10</defense_cost><exploitability>0.41</exploitability></vulner_values></vulnerability></or></vulnerabilities></node><node id="274312165057356359432205555529719005764" name="U 58"><host_values><impact>9.0</impact><risk>9.3</risk><probability>0.93</probability><asset_value>20</asset_value><cost>0.7</cost><defense_cost>10</defense_cost><type>user</type><exploitability>0.41</exploitability></host_values><vulnerabilities><or><vulnerability id="307757766731912591413413225236596246464" name="CVE-2017-8464"><vulner_values><impact>9.0</impact><cost>0.7</cost><risk>9.3</risk><probability>0.93</probability><defense_cost>10</defense_cost><exploitability>0.41</exploitability></vulner_values></vulnerability></or></vulnerabilities></node><node id="148186544370488729828484769618584677061" name="U 59"><host_values><impact>2</impact><risk>4.3</risk><probability>0.43</probability><asset_value>20</asset_value><cost>5.7</cost><defense_cost>5.0</defense_cost><type>user</type><exploitability>0.41</exploitability></host_values><vulnerabilities><or><vulnerability id="132878828259897164055828126064436667388" name="CVE-2015-5479"><vulner_values><impact>2</impact><cost>5.7</cost><risk>4.3</risk><probability>0.43</probability><defense_cost>5.0</defense_cost><exploitability>0.41</exploitability></vulner_values></vulnerability></or></vulnerabilities></node><node id="16202531425475258818679115131194242688" name="U 60"><host_values><impact>2</impact><risk>4.3</risk><probability>0.43</probability><asset_value>20</asset_value><cost>5.7</cost><defense_cost>5.0</defense_cost><type>user</type><exploitability>0.41</exploitability></host_values><vulnerabilities><or><vulnerability id="80322119965302006277532228904539198030" name="CVE-2015-5479"><vulner_values><impact>2</impact><cost>5.7</cost><risk>4.3</risk><probability>0.43</probability><defense_cost>5.0</defense_cost><exploitability>0.41</exploitability></vulner_values></vulnerability></or></vulnerabilities></node><node id="45060507177997752580737598125050637301" name="U 61"><host_values><impact>5.0</impact><risk>5.0</risk><probability>0.5</probability><asset_value>20</asset_value><cost>5.0</cost><defense_cost>10</defense_cost><type>user</type><exploitability>0.41</exploitability></host_values><vulnerabilities><or><vulnerability id="41675236348866155800686731426474353458" name="CVE-2017-9953"><vulner_values><impact>5.0</impact><cost>5.0</cost><risk>5.0</risk><probability>0.5</probability><defense_cost>10</defense_cost><exploitability>0.41</exploitability></vulner_values></vulnerability></or></vulnerabilities></node><node id="247742641218091952823270454005274707742" name="U 62"><host_values><impact>5.0</impact><risk>5.0</risk><probability>0.5</probability><asset_value>20</asset_value><cost>5.0</cost><defense_cost>10</defense_cost><type>user</type><exploitability>0.41</exploitability></host_values><vulnerabilities><or><vulnerability id="146514303338193839954366637607247303926" name="CVE-2017-9953"><vulner_values><impact>5.0</impact><cost>5.0</cost><risk>5.0</risk><probability>0.5</probability><defense_cost>10</defense_cost><exploitability>0.41</exploitability></vulner_values></vulnerability></or></vulnerabilities></node><node id="47940852129751862232248524779107452831" name="U 63"><host_values><impact>5.0</impact><risk>5.0</risk><probability>0.5</probability><asset_value>20</asset_value><cost>5.0</cost><defense_cost>10</defense_cost><type>user</type><exploitability>0.41</exploitability></host_values><vulnerabilities><or><vulnerability id="323757424322508724270944435854974821526" name="CVE-2017-9953"><vulner_values><impact>5.0</impact><cost>5.0</cost><risk>5.0</risk><probability>0.5</probability><defense_cost>10</defense_cost><exploitability>0.41</exploitability></vulner_values></vulnerability></or></vulnerabilities></node><node id="191125759033255079484257893637577487343" name="U 64"><host_values><impact>2</impact><risk>4.3</risk><probability>0.43</probability><asset_value>20</asset_value><cost>5.7</cost><defense_cost>5.0</defense_cost><type>user</type><exploitability>0.41</exploitability></host_values><vulnerabilities><or><vulnerability id="174190711973631212524192693992444572435" name="CVE-2015-5479"><vulner_values><impact>2</impact><cost>5.7</cost><risk>4.3</risk><probability>0.43</probability><defense_cost>5.0</defense_cost><exploitability>0.41</exploitability></vulner_values></vulnerability></or></vulnerabilities></node><node id="255600047280818513804399712147811415423" name="U 65"><host_values><impact>2</impact><risk>4.3</risk><probability>0.43</probability><asset_value>20</asset_value><cost>5.7</cost><defense_cost>5.0</defense_cost><type>user</type><exploitability>0.41</exploitability></host_values><vulnerabilities><or><vulnerability id="267864389090300454124412977099688260252" name="CVE-2015-5479"><vulner_values><impact>2</impact><cost>5.7</cost><risk>4.3</risk><probability>0.43</probability><defense_cost>5.0</defense_cost><exploitability>0.41</exploitability></vulner_values></vulnerability></or></vulnerabilities></node><node id="241089793466106951048642087828669425129" name="U 66"><host_values><impact>5.0</impact><risk>5.0</risk><probability>0.5</probability><asset_value>20</asset_value><cost>5.0</cost><defense_cost>10</defense_cost><type>user</type><exploitability>0.41</exploitability></host_values><vulnerabilities><or><vulnerability id="140807222301330946777686877547781270355" name="CVE-2017-9953"><vulner_values><impact>5.0</impact><cost>5.0</cost><risk>5.0</risk><probability>0.5</probability><defense_cost>10</defense_cost><exploitability>0.41</exploitability></vulner_values></vulnerability></or></vulnerabilities></node><node id="43604331659433120570321524039914778371" name="U 67"><host_values><impact>10.0</impact><risk>10.0</risk><probability>1.0</probability><asset_value>20</asset_value><cost>0.1</cost><defense_cost>10</defense_cost><type>user</type><exploitability>0.41</exploitability></host_values><vulnerabilities><or><vulnerability id="174612821176290510656565686560503902414" name="CVE-2017-8589"><vulner_values><impact>10.0</impact><cost>0.1</cost><risk>10.0</risk><probability>1.0</probability><defense_cost>10</defense_cost><exploitability>0.41</exploitability></vulner_values></vulnerability></or></vulnerabilities></node><node id="264853190415692570356197452600772423461" name="U 68"><host_values><impact>5.0</impact><risk>5.0</risk><probability>0.5</probability><asset_value>20</asset_value><cost>5.0</cost><defense_cost>10</defense_cost><type>user</type><exploitability>0.41</exploitability></host_values><vulnerabilities><or><vulnerability id="230920112830145784738441113943766001317" name="CVE-2017-9953"><vulner_values><impact>5.0</impact><cost>5.0</cost><risk>5.0</risk><probability>0.5</probability><defense_cost>10</defense_cost><exploitability>0.41</exploitability></vulner_values></vulnerability></or></vulnerabilities></node><node id="102186431877650617600485786495246888467" name="U 69"><host_values><impact>2</impact><risk>4.3</risk><probability>0.43</probability><asset_value>20</asset_value><cost>5.7</cost><defense_cost>5.0</defense_cost><type>user</type><exploitability>0.41</exploitability></host_values><vulnerabilities><or><vulnerability id="235322235812957595575670910087541273850" name="CVE-2015-5479"><vulner_values><impact>2</impact><cost>5.7</cost><risk>4.3</risk><probability>0.43</probability><defense_cost>5.0</defense_cost><exploitability>0.41</exploitability></vulner_values></vulnerability></or></vulnerabilities></node><node id="205161527958450590929652518101740886644" name="U 70"><host_values><impact>10.0</impact><risk>10.0</risk><probability>1.0</probability><asset_value>20</asset_value><cost>0.1</cost><defense_cost>10</defense_cost><type>user</type><exploitability>0.41</exploitability></host_values><vulnerabilities><or><vulnerability id="161157084569842377497140966901216681700" name="CVE-2017-8589"><vulner_values><impact>10.0</impact><cost>0.1</cost><risk>10.0</risk><probability>1.0</probability><defense_cost>10</defense_cost><exploitability>0.41</exploitability></vulner_values></vulnerability></or></vulnerabilities></node><node id="213475334556855517839376271898664365066" name="U 71"><host_values><impact>9.0</impact><risk>9.3</risk><probability>0.93</probability><asset_value>20</asset_value><cost>0.7</cost><defense_cost>10</defense_cost><type>user</type><exploitability>0.41</exploitability></host_values><vulnerabilities><or><vulnerability id="74395241997336178545454644368444762021" name="CVE-2017-8464"><vulner_values><impact>9.0</impact><cost>0.7</cost><risk>9.3</risk><probability>0.93</probability><defense_cost>10</defense_cost><exploitability>0.41</exploitability></vulner_values></vulnerability></or></vulnerabilities></node><node id="233067023851832903679583691353063163293" name="U 72"><host_values><impact>2</impact><risk>4.3</risk><probability>0.43</probability><asset_value>20</asset_value><cost>5.7</cost><defense_cost>5.0</defense_cost><type>user</type><exploitability>0.41</exploitability></host_values><vulnerabilities><or><vulnerability id="266146271316958789759081094978098686449" name="CVE-2015-5479"><vulner_values><impact>2</impact><cost>5.7</cost><risk>4.3</risk><probability>0.43</probability><defense_cost>5.0</defense_cost><exploitability>0.41</exploitability></vulner_values></vulnerability></or></vulnerabilities></node><node id="56792981078130267257012020228908666406" name="U 73"><host_values><impact>9.0</impact><risk>9.3</risk><probability>0.93</probability><asset_value>20</asset_value><cost>0.7</cost><defense_cost>10</defense_cost><type>user</type><exploitability>0.41</exploitability></host_values><vulnerabilities><or><vulnerability id="247769151750347197409791736436268691813" name="CVE-2017-8464"><vulner_values><impact>9.0</impact><cost>0.7</cost><risk>9.3</risk><probability>0.93</probability><defense_cost>10</defense_cost><exploitability>0.41</exploitability></vulner_values></vulnerability></or></vulnerabilities></node><node id="336817545741906091924265643622348776035" name="U 74"><host_values><impact>5.0</impact><risk>5.0</risk><probability>0.5</probability><asset_value>20</asset_value><cost>5.0</cost><defense_cost>10</defense_cost><type>user</type><exploitability>0.41</exploitability></host_values><vulnerabilities><or><vulnerability id="39135585651701911653632663637878877877" name="CVE-2017-9953"><vulner_values><impact>5.0</impact><cost>5.0</cost><risk>5.0</risk><probability>0.5</probability><defense_cost>10</defense_cost><exploitability>0.41</exploitability></vulner_values></vulnerability></or></vulnerabilities></node><node id="122234810009347838514251672569660478806" name="U 75"><host_values><impact>5.0</impact><risk>5.0</risk><probability>0.5</probability><asset_value>20</asset_value><cost>5.0</cost><defense_cost>10</defense_cost><type>user</type><exploitability>0.41</exploitability></host_values><vulnerabilities><or><vulnerability id="197586331000446091128515993579581296966" name="CVE-2017-9953"><vulner_values><impact>5.0</impact><cost>5.0</cost><risk>5.0</risk><probability>0.5</probability><defense_cost>10</defense_cost><exploitability>0.41</exploitability></vulner_values></vulnerability></or></vulnerabilities></node><node id="271396671265927110317561773210387809391" name="U 76"><host_values><impact>2</impact><risk>4.3</risk><probability>0.43</probability><asset_value>20</asset_value><cost>5.7</cost><defense_cost>5.0</defense_cost><type>user</type><exploitability>0.41</exploitability></host_values><vulnerabilities><or><vulnerability id="27381393640579707057282586102618820224" name="CVE-2015-5479"><vulner_values><impact>2</impact><cost>5.7</cost><risk>4.3</risk><probability>0.43</probability><defense_cost>5.0</defense_cost><exploitability>0.41</exploitability></vulner_values></vulnerability></or></vulnerabilities></node><node id="37069784603768841482917648592689401532" name="U 77"><host_values><impact>5.0</impact><risk>5.0</risk><probability>0.5</probability><asset_value>20</asset_value><cost>5.0</cost><defense_cost>10</defense_cost><type>user</type><exploitability>0.41</exploitability></host_values><vulnerabilities><or><vulnerability id="120008980245305863419369028737434289776" name="CVE-2017-9953"><vulner_values><impact>5.0</impact><cost>5.0</cost><risk>5.0</risk><probability>0.5</probability><defense_cost>10</defense_cost><exploitability>0.41</exploitability></vulner_values></vulnerability></or></vulnerabilities></node><node id="234992238510468251117687429267660737311" name="U 78"><host_values><impact>2</impact><risk>4.3</risk><probability>0.43</probability><asset_value>20</asset_value><cost>5.7</cost><defense_cost>5.0</defense_cost><type>user</type><exploitability>0.41</exploitability></host_values><vulnerabilities><or><vulnerability id="66100980986436126647140135985502985773" name="CVE-2015-5479"><vulner_values><impact>2</impact><cost>5.7</cost><risk>4.3</risk><probability>0.43</probability><defense_cost>5.0</defense_cost><exploitability>0.41</exploitability></vulner_values></vulnerability></or></vulnerabilities></node><node id="91050856217374219868814973432752561527" name="U 79"><host_values><impact>10.0</impact><risk>10.0</risk><probability>1.0</probability><asset_value>20</asset_value><cost>0.1</cost><defense_cost>10</defense_cost><type>user</type><exploitability>0.41</exploitability></host_values><vulnerabilities><or><vulnerability id="238764094320266925696496555435367197277" name="CVE-2017-8589"><vulner_values><impact>10.0</impact><cost>0.1</cost><risk>10.0</risk><probability>1.0</probability><defense_cost>10</defense_cost><exploitability>0.41</exploitability></vulner_values></vulnerability></or></vulnerabilities></node><node id="333466014837454051789488724510711024696" name="U 80"><host_values><impact>2</impact><risk>4.3</risk><probability>0.43</probability><asset_value>20</asset_value><cost>5.7</cost><defense_cost>5.0</defense_cost><type>user</type><exploitability>0.41</exploitability></host_values><vulnerabilities><or><vulnerability id="288182590841025813378410838409311743672" name="CVE-2015-5479"><vulner_values><impact>2</impact><cost>5.7</cost><risk>4.3</risk><probability>0.43</probability><defense_cost>5.0</defense_cost><exploitability>0.41</exploitability></vulner_values></vulnerability></or></vulnerabilities></node><node id="264935926449093749014349616161965805766" name="U 81"><host_values><impact>2</impact><risk>4.3</risk><probability>0.43</probability><asset_value>20</asset_value><cost>5.7</cost><defense_cost>5.0</defense_cost><type>user</type><exploitability>0.41</exploitability></host_values><vulnerabilities><or><vulnerability id="301643777463758911193800941992814571780" name="CVE-2015-5479"><vulner_values><impact>2</impact><cost>5.7</cost><risk>4.3</risk><probability>0.43</probability><defense_cost>5.0</defense_cost><exploitability>0.41</exploitability></vulner_values></vulnerability></or></vulnerabilities></node><node id="222810496706269370153962138594301155174" name="U 82"><host_values><impact>10.0</impact><risk>10.0</risk><probability>1.0</probability><asset_value>20</asset_value><cost>0.1</cost><defense_cost>10</defense_cost><type>user</type><exploitability>0.41</exploitability></host_values><vulnerabilities><or><vulnerability id="72467316654934871773461995828449923581" name="CVE-2017-8589"><vulner_values><impact>10.0</impact><cost>0.1</cost><risk>10.0</risk><probability>1.0</probability><defense_cost>10</defense_cost><exploitability>0.41</exploitability></vulner_values></vulnerability></or></vulnerabilities></node><node id="71591685739419996944968319106119164449" name="U 83"><host_values><impact>2</impact><risk>4.3</risk><probability>0.43</probability><asset_value>20</asset_value><cost>5.7</cost><defense_cost>5.0</defense_cost><type>user</type><exploitability>0.41</exploitability></host_values><vulnerabilities><or><vulnerability id="262399850008789736228105262165874792481" name="CVE-2015-5479"><vulner_values><impact>2</impact><cost>5.7</cost><risk>4.3</risk><probability>0.43</probability><defense_cost>5.0</defense_cost><exploitability>0.41</exploitability></vulner_values></vulnerability></or></vulnerabilities></node><node id="167310320362766253930334248081144576832" name="U 84"><host_values><impact>2</impact><risk>4.3</risk><probability>0.43</probability><asset_value>20</asset_value><cost>5.7</cost><defense_cost>5.0</defense_cost><type>user</type><exploitability>0.41</exploitability></host_values><vulnerabilities><or><vulnerability id="217601432191631986618979699279334607977" name="CVE-2015-5479"><vulner_values><impact>2</impact><cost>5.7</cost><risk>4.3</risk><probability>0.43</probability><defense_cost>5.0</defense_cost><exploitability>0.41</exploitability></vulner_values></vulnerability></or></vulnerabilities></node><node id="102031094535345914460973757371774582599" name="U 85"><host_values><impact>2</impact><risk>4.3</risk><probability>0.43</probability><asset_value>20</asset_value><cost>5.7</cost><defense_cost>5.0</defense_cost><type>user</type><exploitability>0.41</exploitability></host_values><vulnerabilities><or><vulnerability id="324336869687285430790798798833926045569" name="CVE-2015-5479"><vulner_values><impact>2</impact><cost>5.7</cost><risk>4.3</risk><probability>0.43</probability><defense_cost>5.0</defense_cost><exploitability>0.41</exploitability></vulner_values></vulnerability></or></vulnerabilities></node><node id="238181164980639677760207116962312427515" name="U 86"><host_values><impact>9.0</impact><risk>9.3</risk><probability>0.93</probability><asset_value>20</asset_value><cost>0.7</cost><defense_cost>10</defense_cost><type>user</type><exploitability>0.41</exploitability></host_values><vulnerabilities><or><vulnerability id="124027591649544867253453046883030985232" name="CVE-2017-8464"><vulner_values><impact>9.0</impact><cost>0.7</cost><risk>9.3</risk><probability>0.93</probability><defense_cost>10</defense_cost><exploitability>0.41</exploitability></vulner_values></vulnerability></or></vulnerabilities></node><node id="139150877812950925797413602643953283833" name="U 87"><host_values><impact>5.0</impact><risk>5.0</risk><probability>0.5</probability><asset_value>20</asset_value><cost>5.0</cost><defense_cost>10</defense_cost><type>user</type><exploitability>0.41</exploitability></host_values><vulnerabilities><or><vulnerability id="185641064306252935560710435638445578752" name="CVE-2017-9953"><vulner_values><impact>5.0</impact><cost>5.0</cost><risk>5.0</risk><probability>0.5</probability><defense_cost>10</defense_cost><exploitability>0.41</exploitability></vulner_values></vulnerability></or></vulnerabilities></node><node id="3252443820147972751122977535213681598" name="U 88"><host_values><impact>5.0</impact><risk>5.0</risk><probability>0.5</probability><asset_value>20</asset_value><cost>5.0</cost><defense_cost>10</defense_cost><type>user</type><exploitability>0.41</exploitability></host_values><vulnerabilities><or><vulnerability id="270240406465157680558801158363192329008" name="CVE-2017-9953"><vulner_values><impact>5.0</impact><cost>5.0</cost><risk>5.0</risk><probability>0.5</probability><defense_cost>10</defense_cost><exploitability>0.41</exploitability></vulner_values></vulnerability></or></vulnerabilities></node><node id="208457305227802666663727929105739135585" name="U 89"><host_values><impact>2</impact><risk>4.3</risk><probability>0.43</probability><asset_value>20</asset_value><cost>5.7</cost><defense_cost>5.0</defense_cost><type>user</type><exploitability>0.41</exploitability></host_values><vulnerabilities><or><vulnerability id="236068271183495731885603928114808808367" name="CVE-2015-5479"><vulner_values><impact>2</impact><cost>5.7</cost><risk>4.3</risk><probability>0.43</probability><defense_cost>5.0</defense_cost><exploitability>0.41</exploitability></vulner_values></vulnerability></or></vulnerabilities></node><node id="329427733728513244707763220979520691979" name="U 90"><host_values><impact>9.0</impact><risk>9.3</risk><probability>0.93</probability><asset_value>20</asset_value><cost>0.7</cost><defense_cost>10</defense_cost><type>user</type><exploitability>0.41</exploitability></host_values><vulnerabilities><or><vulnerability id="113421655692895953099396950654857407286" name="CVE-2017-8464"><vulner_values><impact>9.0</impact><cost>0.7</cost><risk>9.3</risk><probability>0.93</probability><defense_cost>10</defense_cost><exploitability>0.41</exploitability></vulner_values></vulnerability></or></vulnerabilities></node><node id="136702900370441481351580417363953442850" name="U 91"><host_values><impact>5.0</impact><risk>5.0</risk><probability>0.5</probability><asset_value>20</asset_value><cost>5.0</cost><defense_cost>10</defense_cost><type>user</type><exploitability>0.41</exploitability></host_values><vulnerabilities><or><vulnerability id="85315537696107670861160949134196852361" name="CVE-2017-9953"><vulner_values><impact>5.0</impact><cost>5.0</cost><risk>5.0</risk><probability>0.5</probability><defense_cost>10</defense_cost><exploitability>0.41</exploitability></vulner_values></vulnerability></or></vulnerabilities></node><node id="125129011265714345514777162654428116605" name="U 92"><host_values><impact>2</impact><risk>4.3</risk><probability>0.43</probability><asset_value>20</asset_value><cost>5.7</cost><defense_cost>5.0</defense_cost><type>user</type><exploitability>0.41</exploitability></host_values><vulnerabilities><or><vulnerability id="199901813759089949110027501790788602501" name="CVE-2015-5479"><vulner_values><impact>2</impact><cost>5.7</cost><risk>4.3</risk><probability>0.43</probability><defense_cost>5.0</defense_cost><exploitability>0.41</exploitability></vulner_values></vulnerability></or></vulnerabilities></node><node id="67879869077864500900183928086652082044" name="U 93"><host_values><impact>10.0</impact><risk>10.0</risk><probability>1.0</probability><asset_value>20</asset_value><cost>0.1</cost><defense_cost>10</defense_cost><type>user</type><exploitability>0.41</exploitability></host_values><vulnerabilities><or><vulnerability id="250320635357704726107660687994383123352" name="CVE-2017-8589"><vulner_values><impact>10.0</impact><cost>0.1</cost><risk>10.0</risk><probability>1.0</probability><defense_cost>10</defense_cost><exploitability>0.41</exploitability></vulner_values></vulnerability></or></vulnerabilities></node><node id="45319427598656484932630374197488866252" name="U 94"><host_values><impact>9.0</impact><risk>9.3</risk><probability>0.93</probability><asset_value>20</asset_value><cost>0.7</cost><defense_cost>10</defense_cost><type>user</type><exploitability>0.41</exploitability></host_values><vulnerabilities><or><vulnerability id="163711075143705737286278161833744537401" name="CVE-2017-8464"><vulner_values><impact>9.0</impact><cost>0.7</cost><risk>9.3</risk><probability>0.93</probability><defense_cost>10</defense_cost><exploitability>0.41</exploitability></vulner_values></vulnerability></or></vulnerabilities></node><node id="258716596370911875966331341369101548239" name="U 95"><host_values><impact>9.0</impact><risk>9.3</risk><probability>0.93</probability><asset_value>20</asset_value><cost>0.7</cost><defense_cost>10</defense_cost><type>user</type><exploitability>0.41</exploitability></host_values><vulnerabilities><or><vulnerability id="8377041440170417597294467515878979930" name="CVE-2017-8464"><vulner_values><impact>9.0</impact><cost>0.7</cost><risk>9.3</risk><probability>0.93</probability><defense_cost>10</defense_cost><exploitability>0.41</exploitability></vulner_values></vulnerability></or></vulnerabilities></node><node id="294370158049509999358855956755112408816" name="U 96"><host_values><impact>9.0</impact><risk>9.3</risk><probability>0.93</probability><asset_value>20</asset_value><cost>0.7</cost><defense_cost>10</defense_cost><type>user</type><exploitability>0.41</exploitability></host_values><vulnerabilities><or><vulnerability id="92561581405884279154186849724041236490" name="CVE-2017-8464"><vulner_values><impact>9.0</impact><cost>0.7</cost><risk>9.3</risk><probability>0.93</probability><defense_cost>10</defense_cost><exploitability>0.41</exploitability></vulner_values></vulnerability></or></vulnerabilities></node><node id="79839834544837774270632384694333369619" name="U 97"><host_values><impact>5.0</impact><risk>5.0</risk><probability>0.5</probability><asset_value>20</asset_value><cost>5.0</cost><defense_cost>10</defense_cost><type>user</type><exploitability>0.41</exploitability></host_values><vulnerabilities><or><vulnerability id="7222579827280836218521177835206830580" name="CVE-2017-9953"><vulner_values><impact>5.0</impact><cost>5.0</cost><risk>5.0</risk><probability>0.5</probability><defense_cost>10</defense_cost><exploitability>0.41</exploitability></vulner_values></vulnerability></or></vulnerabilities></node><node id="329950897203780592033401914443200870082" name="U 98"><host_values><impact>5.0</impact><risk>5.0</risk><probability>0.5</probability><asset_value>20</asset_value><cost>5.0</cost><defense_cost>10</defense_cost><type>user</type><exploitability>0.41</exploitability></host_values><vulnerabilities><or><vulnerability id="46653031614633445085905377756721866238" name="CVE-2017-9953"><vulner_values><impact>5.0</impact><cost>5.0</cost><risk>5.0</risk><probability>0.5</probability><defense_cost>10</defense_cost><exploitability>0.41</exploitability></vulner_values></vulnerability></or></vulnerabilities></node><node id="258987441302328382907501615823671053446" name="U 99"><host_values><impact>10.0</impact><risk>10.0</risk><probability>1.0</probability><asset_value>20</asset_value><cost>0.1</cost><defense_cost>10</defense_cost><type>user</type><exploitability>0.41</exploitability></host_values><vulnerabilities><or><vulnerability id="68575529998131914101736137152644634705" name="CVE-2017-8589"><vulner_values><impact>10.0</impact><cost>0.1</cost><risk>10.0</risk><probability>1.0</probability><defense_cost>10</defense_cost><exploitability>0.41</exploitability></vulner_values></vulnerability></or></vulnerabilities></node><node id="102932622402685957919327974437786920367" name="Attacker"/><node id="236783646274256962366180840985690969682" name="WS1"><host_values><impact>2</impact><cost>5.7</cost><risk>4.3</risk><probability>0.43</probability><defense_cost>5.0</defense_cost><type>web server</type><exploitability>0.41</exploitability></host_values><vulnerabilities><or><vulnerability id="205608797874175650492970301678523785039" name="CVE-2015-5479"><vulner_values><impact>2</impact><cost>5.7</cost><risk>4.3</risk><probability>0.43</probability><defense_cost>5.0</defense_cost><exploitability>0.41</exploitability></vulner_values></vulnerability></or></vulnerabilities></node><node id="132903700212540595708334385478345988320" name="WS2"><host_values><impact>10.0</impact><cost>0.1</cost><risk>10.0</risk><probability>1.0</probability><defense_cost>10</defense_cost><type>web server</type><exploitability>0.41</exploitability></host_values><vulnerabilities><or><vulnerability id="141290174293357202214567713603069295752" name="CVE-2017-8589"><vulner_values><impact>10.0</impact><cost>0.1</cost><risk>10.0</risk><probability>1.0</probability><defense_cost>10</defense_cost><exploitability>0.41</exploitability></vulner_values></vulnerability></or></vulnerabilities></node><node id="199289122375532535965191100329515504758" name="DB"><host_values><impact>5.0</impact><cost>5.0</cost><risk>5.0</risk><probability>0.5</probability><defense_cost>10</defense_cost><type>db server</type><exploitability>0.41</exploitability></host_values><vulnerabilities><or><vulnerability id="232510548976883569213242568498898794727" name="CVE-2017-9953"><vulner_values><impact>5.0</impact><cost>5.0</cost><risk>5.0</risk><probability>0.5</probability><defense_cost>10</defense_cost><exploitability>0.41</exploitability></vulner_values></vulnerability></or></vulnerabilities></node><node id="95034764772723429749836055047119537744" name="U 0"><host_values><impact>10.0</impact><risk>10.0</risk><probability>1.0</probability><asset_value>20</asset_value><cost>0.1</cost><defense_cost>10</defense_cost><type>user</type><exploitability>0.41</exploitability></host_values><vulnerabilities><or><vulnerability id="337073710411261668476650235923503398676" name="CVE-2017-8589"><vulner_values><impact>10.0</impact><cost>0.1</cost><risk>10.0</risk><probability>1.0</probability><defense_cost>10</defense_cost><exploitability>0.41</exploitability></vulner_values></vulnerability></or></vulnerabilities></node><node id="297678369850469768882232594214645658924" name="U 1"><host_values><impact>10.0</impact><risk>10.0</risk><probability>1.0</probability><asset_value>20</asset_value><cost>0.1</cost><defense_cost>10</defense_cost><type>user</type><exploitability>0.41</exploitability></host_values><vulnerabilities><or><vulnerability id="13313923810883922530346561768071967561" name="CVE-2017-8589"><vulner_values><impact>10.0</impact><cost>0.1</cost><risk>10.0</risk><probability>1.0</probability><defense_cost>10</defense_cost><exploitability>0.41</exploitability></vulner_values></vulnerability></or></vulnerabilities></node><node id="224155036133482712635928178044105121354" name="U 2"><host_values><impact>9.0</impact><risk>9.3</risk><probability>0.93</probability><asset_value>20</asset_value><cost>0.7</cost><defense_cost>10</defense_cost><type>user</type><exploitability>0.41</exploitability></host_values><vulnerabilities><or><vulnerability id="23819777362265178369651863775415149731" name="CVE-2017-8464"><vulner_values><impact>9.0</impact><cost>0.7</cost><risk>9.3</risk><probability>0.93</probability><defense_cost>10</defense_cost><exploitability>0.41</exploitability></vulner_values></vulnerability></or></vulnerabilities></node><node id="31629332611532986770164400769194613265" name="U 3"><host_values><impact>9.0</impact><risk>9.3</risk><probability>0.93</probability><asset_value>20</asset_value><cost>0.7</cost><defense_cost>10</defense_cost><type>user</type><exploitability>0.41</exploitability></host_values><vulnerabilities><or><vulnerability id="152465489110145722449027176848598538642" name="CVE-2017-8464"><vulner_values><impact>9.0</impact><cost>0.7</cost><risk>9.3</risk><probability>0.93</probability><defense_cost>10</defense_cost><exploitability>0.41</exploitability></vulner_values></vulnerability></or></vulnerabilities></node><node id="216518553038676059197766965307458477242" name="U 4"><host_values><impact>2</impact><risk>4.3</risk><probability>0.43</probability><asset_value>20</asset_value><cost>5.7</cost><defense_cost>5.0</defense_cost><type>user</type><exploitability>0.41</exploitability></host_values><vulnerabilities><or><vulnerability id="129847999114493927700446730342329282" name="CVE-2015-5479"><vulner_values><impact>2</impact><cost>5.7</cost><risk>4.3</risk><probability>0.43</probability><defense_cost>5.0</defense_cost><exploitability>0.41</exploitability></vulner_values></vulnerability></or></vulnerabilities></node><node id="61631604602425443050893164571501216199" name="U 5"><host_values><impact>9.0</impact><risk>9.3</risk><probability>0.93</probability><asset_value>20</asset_value><cost>0.7</cost><defense_cost>10</defense_cost><type>user</type><exploitability>0.41</exploitability></host_values><vulnerabilities><or><vulnerability id="44637863629670427199309323390309860979" name="CVE-2017-8464"><vulner_values><impact>9.0</impact><cost>0.7</cost><risk>9.3</risk><probability>0.93</probability><defense_cost>10</defense_cost><exploitability>0.41</exploitability></vulner_values></vulnerability></or></vulnerabilities></node><node id="110897208847147203556404655692650187371" name="U 6"><host_values><impact>9.0</impact><risk>9.3</risk><probability>0.93</probability><asset_value>20</asset_value><cost>0.7</cost><defense_cost>10</defense_cost><type>user</type><exploitability>0.41</exploitability></host_values><vulnerabilities><or><vulnerability id="117474365389341033723399482779538296563" name="CVE-2017-8464"><vulner_values><impact>9.0</impact><cost>0.7</cost><risk>9.3</risk><probability>0.93</probability><defense_cost>10</defense_cost><exploitability>0.41</exploitability></vulner_values></vulnerability></or></vulnerabilities></node><node id="6911773292423232568336225054186045877" name="U 7"><host_values><impact>5.0</impact><risk>5.0</risk><probability>0.5</probability><asset_value>20</asset_value><cost>5.0</cost><defense_cost>10</defense_cost><type>user</type><exploitability>0.41</exploitability></host_values><vulnerabilities><or><vulnerability id="191279588890778303706025469962462291541" name="CVE-2017-9953"><vulner_values><impact>5.0</impact><cost>5.0</cost><risk>5.0</risk><probability>0.5</probability><defense_cost>10</defense_cost><exploitability>0.41</exploitability></vulner_values></vulnerability></or></vulnerabilities></node><node id="134425244025382680045664459974720451017" name="U 8"><host_values><impact>9.0</impact><risk>9.3</risk><probability>0.93</probability><asset_value>20</asset_value><cost>0.7</cost><defense_cost>10</defense_cost><type>user</type><exploitability>0.41</exploitability></host_values><vulnerabilities><or><vulnerability id="59377702032344970432451873432515182754" name="CVE-2017-8464"><vulner_values><impact>9.0</impact><cost>0.7</cost><risk>9.3</risk><probability>0.93</probability><defense_cost>10</defense_cost><exploitability>0.41</exploitability></vulner_values></vulnerability></or></vulnerabilities></node><node id="321374518227307410924437723035723553896" name="U 9"><host_values><impact>2</impact><risk>4.3</risk><probability>0.43</probability><asset_value>20</asset_value><cost>5.7</cost><defense_cost>5.0</defense_cost><type>user</type><exploitability>0.41</exploitability></host_values><vulnerabilities><or><vulnerability id="237109888753231967343705646103291633" name="CVE-2015-5479"><vulner_values><impact>2</impact><cost>5.7</cost><risk>4.3</risk><probability>0.43</probability><defense_cost>5.0</defense_cost><exploitability>0.41</exploitability></vulner_values></vulnerability></or></vulnerabilities></node><node id="50485890448286013066179391794089819647" name="U 10"><host_values><impact>5.0</impact><risk>5.0</risk><probability>0.5</probability><asset_value>20</asset_value><cost>5.0</cost><defense_cost>10</defense_cost><type>user</type><exploitability>0.41</exploitability></host_values><vulnerabilities><or><vulnerability id="210755083610759081810401476863729217072" name="CVE-2017-9953"><vulner_values><impact>5.0</impact><cost>5.0</cost><risk>5.0</risk><probability>0.5</probability><defense_cost>10</defense_cost><exploitability>0.41</exploitability></vulner_values></vulnerability></or></vulnerabilities></node><node id="209247460380526486082020848069824652869" name="U 11"><host_values><impact>2</impact><risk>4.3</risk><probability>0.43</probability><asset_value>20</asset_value><cost>5.7</cost><defense_cost>5.0</defense_cost><type>user</type><exploitability>0.41</exploitability></host_values><vulnerabilities><or><vulnerability id="321775528585376867598322270866589030111" name="CVE-2015-5479"><vulner_values><impact>2</impact><cost>5.7</cost><risk>4.3</risk><probability>0.43</probability><defense_cost>5.0</defense_cost><exploitability>0.41</exploitability></vulner_values></vulnerability></or></vulnerabilities></node><node id="131348224740687068150141927050184335451" name="U 12"><host_values><impact>9.0</impact><risk>9.3</risk><probability>0.93</probability><asset_value>20</asset_value><cost>0.7</cost><defense_cost>10</defense_cost><type>user</type><exploitability>0.41</exploitability></host_values><vulnerabilities><or><vulnerability id="247607642682095899080981649347614964566" name="CVE-2017-8464"><vulner_values><impact>9.0</impact><cost>0.7</cost><risk>9.3</risk><probability>0.93</probability><defense_cost>10</defense_cost><exploitability>0.41</exploitability></vulner_values></vulnerability></or></vulnerabilities></node><node id="32674253024690716918438133464895185187" name="U 13"><host_values><impact>2</impact><risk>4.3</risk><probability>0.43</probability><asset_value>20</asset_value><cost>5.7</cost><defense_cost>5.0</defense_cost><type>user</type><exploitability>0.41</exploitability></host_values><vulnerabilities><or><vulnerability id="209231004196655093349221608617103204683" name="CVE-2015-5479"><vulner_values><impact>2</impact><cost>5.7</cost><risk>4.3</risk><probability>0.43</probability><defense_cost>5.0</defense_cost><exploitability>0.41</exploitability></vulner_values></vulnerability></or></vulnerabilities></node><node id="93468441732990770424223251093004240470" name="U 14"><host_values><impact>5.0</impact><risk>5.0</risk><probability>0.5</probability><asset_value>20</asset_value><cost>5.0</cost><defense_cost>10</defense_cost><type>user</type><exploitability>0.41</exploitability></host_values><vulnerabilities><or><vulnerability id="337028586838165832611781644784079347264" name="CVE-2017-9953"><vulner_values><impact>5.0</impact><cost>5.0</cost><risk>5.0</risk><probability>0.5</probability><defense_cost>10</defense_cost><exploitability>0.41</exploitability></vulner_values></vulnerability></or></vulnerabilities></node><node id="102591521412004931841829702204020372380" name="U 15"><host_values><impact>10.0</impact><risk>10.0</risk><probability>1.0</probability><asset_value>20</asset_value><cost>0.1</cost><defense_cost>10</defense_cost><type>user</type><exploitability>0.41</exploitability></host_values><vulnerabilities><or><vulnerability id="279057178649868946429826454988196678425" name="CVE-2017-8589"><vulner_values><impact>10.0</impact><cost>0.1</cost><risk>10.0</risk><probability>1.0</probability><defense_cost>10</defense_cost><exploitability>0.41</exploitability></vulner_values></vulnerability></or></vulnerabilities></node><node id="63824971663295346865151571487593323616" name="U 16"><host_values><impact>5.0</impact><risk>5.0</risk><probability>0.5</probability><asset_value>20</asset_value><cost>5.0</cost><defense_cost>10</defense_cost><type>user</type><exploitability>0.41</exploitability></host_values><vulnerabilities><or><vulnerability id="160412829335833777429833620540690109158" name="CVE-2017-9953"><vulner_values><impact>5.0</impact><cost>5.0</cost><risk>5.0</risk><probability>0.5</probability><defense_cost>10</defense_cost><exploitability>0.41</exploitability></vulner_values></vulnerability></or></vulnerabilities></node><node id="317802919875441242089235725547367430099" name="U 17"><host_values><impact>10.0</impact><risk>10.0</risk><probability>1.0</probability><asset_value>20</asset_value><cost>0.1</cost><defense_cost>10</defense_cost><type>user</type><exploitability>0.41</exploitability></host_values><vulnerabilities><or><vulnerability id="237348575239665998461946680745827466090" name="CVE-2017-8589"><vulner_values><impact>10.0</impact><cost>0.1</cost><risk>10.0</risk><probability>1.0</probability><defense_cost>10</defense_cost><exploitability>0.41</exploitability></vulner_values></vulnerability></or></vulnerabilities></node><node id="165830891938605082612996247998392648894" name="U 18"><host_values><impact>10.0</impact><risk>10.0</risk><probability>1.0</probability><asset_value>20</asset_value><cost>0.1</cost><defense_cost>10</defense_cost><type>user</type><exploitability>0.41</exploitability></host_values><vulnerabilities><or><vulnerability id="35367341408206463121944282631938635062" name="CVE-2017-8589"><vulner_values><impact>10.0</impact><cost>0.1</cost><risk>10.0</risk><probability>1.0</probability><defense_cost>10</defense_cost><exploitability>0.41</exploitability></vulner_values></vulnerability></or></vulnerabilities></node><node id="313962036908475801636484706634332339715" name="U 19"><host_values><impact>10.0</impact><risk>10.0</risk><probability>1.0</probability><asset_value>20</asset_value><cost>0.1</cost><defense_cost>10</defense_cost><type>user</type><exploitability>0.41</exploitability></host_values><vulnerabilities><or><vulnerability id="85780864377443982805037353058251303338" name="CVE-2017-8589"><vulner_values><impact>10.0</impact><cost>0.1</cost><risk>10.0</risk><probability>1.0</probability><defense_cost>10</defense_cost><exploitability>0.41</exploitability></vulner_values></vulnerability></or></vulnerabilities></node><node id="109003831556882681956113937009118564150" name="U 20"><host_values><impact>2</impact><risk>4.3</risk><probability>0.43</probability><asset_value>20</asset_value><cost>5.7</cost><defense_cost>5.0</defense_cost><type>user</type><exploitability>0.41</exploitability></host_values><vulnerabilities><or><vulnerability id="183529788562548247592274021416819640624" name="CVE-2015-5479"><vulner_values><impact>2</impact><cost>5.7</cost><risk>4.3</risk><probability>0.43</probability><defense_cost>5.0</defense_cost><exploitability>0.41</exploitability></vulner_values></vulnerability></or></vulnerabilities></node><node id="120134898659246326648661759541528378986" name="U 21"><host_values><impact>9.0</impact><risk>9.3</risk><probability>0.93</probability><asset_value>20</asset_value><cost>0.7</cost><defense_cost>10</defense_cost><type>user</type><exploitability>0.41</exploitability></host_values><vulnerabilities><or><vulnerability id="26820371450362117749037344929019674584" name="CVE-2017-8464"><vulner_values><impact>9.0</impact><cost>0.7</cost><risk>9.3</risk><probability>0.93</probability><defense_cost>10</defense_cost><exploitability>0.41</exploitability></vulner_values></vulnerability></or></vulnerabilities></node><node id="283415766099094085991313435717632762018" name="U 22"><host_values><impact>2</impact><risk>4.3</risk><probability>0.43</probability><asset_value>20</asset_value><cost>5.7</cost><defense_cost>5.0</defense_cost><type>user</type><exploitability>0.41</exploitability></host_values><vulnerabilities><or><vulnerability id="300310520130357295421600158201329801509" name="CVE-2015-5479"><vulner_values><impact>2</impact><cost>5.7</cost><risk>4.3</risk><probability>0.43</probability><defense_cost>5.0</defense_cost><exploitability>0.41</exploitability></vulner_values></vulnerability></or></vulnerabilities></node><node id="16201172095539370553256342931319977861" name="U 23"><host_values><impact>2</impact><risk>4.3</risk><probability>0.43</probability><asset_value>20</asset_value><cost>5.7</cost><defense_cost>5.0</defense_cost><type>user</type><exploitability>0.41</exploitability></host_values><vulnerabilities><or><vulnerability id="308807779626723174491674391576798847776" name="CVE-2015-5479"><vulner_values><impact>2</impact><cost>5.7</cost><risk>4.3</risk><probability>0.43</probability><defense_cost>5.0</defense_cost><exploitability>0.41</exploitability></vulner_values></vulnerability></or></vulnerabilities></node><node id="187725139132190034413542058092784234969" name="U 24"><host_values><impact>2</impact><risk>4.3</risk><probability>0.43</probability><asset_value>20</asset_value><cost>5.7</cost><defense_cost>5.0</defense_cost><type>user</type><exploitability>0.41</exploitability></host_values><vulnerabilities><or><vulnerability id="183121839471743850522633990756479116244" name="CVE-2015-5479"><vulner_values><impact>2</impact><cost>5.7</cost><risk>4.3</risk><probability>0.43</probability><defense_cost>5.0</defense_cost><exploitability>0.41</exploitability></vulner_values></vulnerability></or></vulnerabilities></node><node id="136613051066707629357400407941015303910" name="U 25"><host_values><impact>2</impact><risk>4.3</risk><probability>0.43</probability><asset_value>20</asset_value><cost>5.7</cost><defense_cost>5.0</defense_cost><type>user</type><exploitability>0.41</exploitability></host_values><vulnerabilities><or><vulnerability id="145953829815684540277968459958740239781" name="CVE-2015-5479"><vulner_values><impact>2</impact><cost>5.7</cost><risk>4.3</risk><probability>0.43</probability><defense_cost>5.0</defense_cost><exploitability>0.41</exploitability></vulner_values></vulnerability></or></vulnerabilities></node><node id="185876288321324403448835489222101791688" name="U 26"><host_values><impact>5.0</impact><risk>5.0</risk><probability>0.5</probability><asset_value>20</asset_value><cost>5.0</cost><defense_cost>10</defense_cost><type>user</type><exploitability>0.41</exploitability></host_values><vulnerabilities><or><vulnerability id="172817279671127691964634220892610419285" name="CVE-2017-9953"><vulner_values><impact>5.0</impact><cost>5.0</cost><risk>5.0</risk><probability>0.5</probability><defense_cost>10</defense_cost><exploitability>0.41</exploitability></vulner_values></vulnerability></or></vulnerabilities></node><node id="159056479565648529124281823117256321354" name="U 27"><host_values><impact>2</impact><risk>4.3</risk><probability>0.43</probability><asset_value>20</asset_value><cost>5.7</cost><defense_cost>5.0</defense_cost><type>user</type><exploitability>0.41</exploitability></host_values><vulnerabilities><or><vulnerability id="10167342493092006525892243295438650345" name="CVE-2015-5479"><vulner_values><impact>2</impact><cost>5.7</cost><risk>4.3</risk><probability>0.43</probability><defense_cost>5.0</defense_cost><exploitability>0.41</exploitability></vulner_values></vulnerability></or></vulnerabilities></node><node id="173322320555105401902102151101557273884" name="U 28"><host_values><impact>10.0</impact><risk>10.0</risk><probability>1.0</probability><asset_value>20</asset_value><cost>0.1</cost><defense_cost>10</defense_cost><type>user</type><exploitability>0.41</exploitability></host_values><vulnerabilities><or><vulnerability id="334673592652335408691838594921117510101" name="CVE-2017-8589"><vulner_values><impact>10.0</impact><cost>0.1</cost><risk>10.0</risk><probability>1.0</probability><defense_cost>10</defense_cost><exploitability>0.41</exploitability></vulner_values></vulnerability></or></vulnerabilities></node><node id="32622023678169054498347914056831351275" name="U 29"><host_values><impact>5.0</impact><risk>5.0</risk><probability>0.5</probability><asset_value>20</asset_value><cost>5.0</cost><defense_cost>10</defense_cost><type>user</type><exploitability>0.41</exploitability></host_values><vulnerabilities><or><vulnerability id="261044541750280294050251383065375637107" name="CVE-2017-9953"><vulner_values><impact>5.0</impact><cost>5.0</cost><risk>5.0</risk><probability>0.5</probability><defense_cost>10</defense_cost><exploitability>0.41</exploitability></vulner_values></vulnerability></or></vulnerabilities></node><node id="198380602150703386624432798605775149066" name="U 30"><host_values><impact>9.0</impact><risk>9.3</risk><probability>0.93</probability><asset_value>20</asset_value><cost>0.7</cost><defense_cost>10</defense_cost><type>user</type><exploitability>0.41</exploitability></host_values><vulnerabilities><or><vulnerability id="332985435225950500430719311988450615868" name="CVE-2017-8464"><vulner_values><impact>9.0</impact><cost>0.7</cost><risk>9.3</risk><probability>0.93</probability><defense_cost>10</defense_cost><exploitability>0.41</exploitability></vulner_values></vulnerability></or></vulnerabilities></node><node id="242914006628268398482148991740775773907" name="U 31"><host_values><impact>5.0</impact><risk>5.0</risk><probability>0.5</probability><asset_value>20</asset_value><cost>5.0</cost><defense_cost>10</defense_cost><type>user</type><exploitability>0.41</exploitability></host_values><vulnerabilities><or><vulnerability id="7670786365460774081793331677265220307" name="CVE-2017-9953"><vulner_values><impact>5.0</impact><cost>5.0</cost><risk>5.0</risk><probability>0.5</probability><defense_cost>10</defense_cost><exploitability>0.41</exploitability></vulner_values></vulnerability></or></vulnerabilities></node><node id="174135835276472034169669046083693627713" name="U 32"><host_values><impact>5.0</impact><risk>5.0</risk><probability>0.5</probability><asset_value>20</asset_value><cost>5.0</cost><defense_cost>10</defense_cost><type>user</type><exploitability>0.41</exploitability></host_values><vulnerabilities><or><vulnerability id="57767085968281247564240461036431031635" name="CVE-2017-9953"><vulner_values><impact>5.0</impact><cost>5.0</cost><risk>5.0</risk><probability>0.5</probability><defense_cost>10</defense_cost><exploitability>0.41</exploitability></vulner_values></vulnerability></or></vulnerabilities></node><node id="337893026319508389580530965481919327564" name="U 33"><host_values><impact>9.0</impact><risk>9.3</risk><probability>0.93</probability><asset_value>20</asset_value><cost>0.7</cost><defense_cost>10</defense_cost><type>user</type><exploitability>0.41</exploitability></host_values><vulnerabilities><or><vulnerability id="128980694062030791491281246084314699538" name="CVE-2017-8464"><vulner_values><impact>9.0</impact><cost>0.7</cost><risk>9.3</risk><probability>0.93</probability><defense_cost>10</defense_cost><exploitability>0.41</exploitability></vulner_values></vulnerability></or></vulnerabilities></node><node id="292651106104556658462395212858534605961" name="U 34"><host_values><impact>2</impact><risk>4.3</risk><probability>0.43</probability><asset_value>20</asset_value><cost>5.7</cost><defense_cost>5.0</defense_cost><type>user</type><exploitability>0.41</exploitability></host_values><vulnerabilities><or><vulnerability id="93961181546639232085622259485305510228" name="CVE-2015-5479"><vulner_values><impact>2</impact><cost>5.7</cost><risk>4.3</risk><probability>0.43</probability><defense_cost>5.0</defense_cost><exploitability>0.41</exploitability></vulner_values></vulnerability></or></vulnerabilities></node><node id="108585781233615654143541011674916609591" name="U 35"><host_values><impact>2</impact><risk>4.3</risk><probability>0.43</probability><asset_value>20</asset_value><cost>5.7</cost><defense_cost>5.0</defense_cost><type>user</type><exploitability>0.41</exploitability></host_values><vulnerabilities><or><vulnerability id="315808680621612959869100697781008558748" name="CVE-2015-5479"><vulner_values><impact>2</impact><cost>5.7</cost><risk>4.3</risk><probability>0.43</probability><defense_cost>5.0</defense_cost><exploitability>0.41</exploitability></vulner_values></vulnerability></or></vulnerabilities></node><node id="39204733714664204068720447670876475087" name="U 36"><host_values><impact>10.0</impact><risk>10.0</risk><probability>1.0</probability><asset_value>20</asset_value><cost>0.1</cost><defense_cost>10</defense_cost><type>user</type><exploitability>0.41</exploitability></host_values><vulnerabilities><or><vulnerability id="213033306108086025017797473523313054140" name="CVE-2017-8589"><vulner_values><impact>10.0</impact><cost>0.1</cost><risk>10.0</risk><probability>1.0</probability><defense_cost>10</defense_cost><exploitability>0.41</exploitability></vulner_values></vulnerability></or></vulnerabilities></node><node id="212506603040288929749777727689774207217" name="U 37"><host_values><impact>5.0</impact><risk>5.0</risk><probability>0.5</probability><asset_value>20</asset_value><cost>5.0</cost><defense_cost>10</defense_cost><type>user</type><exploitability>0.41</exploitability></host_values><vulnerabilities><or><vulnerability id="307157030187956040506411506931624826016" name="CVE-2017-9953"><vulner_values><impact>5.0</impact><cost>5.0</cost><risk>5.0</risk><probability>0.5</probability><defense_cost>10</defense_cost><exploitability>0.41</exploitability></vulner_values></vulnerability></or></vulnerabilities></node></nodes><edges><edge><source>0</source><target>65</target></edge><edge><source>0</source><target>24</target></edge><edge><source>1</source><target>65</target></edge><edge><source>1</source><target>54</target></edge><edge><source>2</source><target>65</target></edge><edge><source>2</source><target>67</target></edge><edge><source>3</source><target>65</target></edge><edge><source>3</source><target>34</target></edge><edge><source>3</source><target>54</target></edge><edge><source>4</source><target>65</target></edge><edge><source>5</source><target>65</target></edge><edge><source>5</source><target>7</target></edge><edge><source>6</source><target>65</target></edge><edge><source>6</source><target>24</target></edge><edge><source>7</source><target>65</target></edge><edge><source>7</source><target>74</target></edge><edge><source>8</source><target>65</target></edge><edge><source>9</source><target>65</target></edge><edge><source>9</source><target>80</target></edge><edge><source>10</source><target>65</target></edge><edge><source>10</source><target>99</target></edge><edge><source>11</source><target>65</target></edge><edge><source>11</source><target>87</target></edge><edge><source>12</source><target>65</target></edge><edge><source>12</source><target>7</target></edge><edge><source>13</source><target>65</target></edge><edge><source>14</source><target>65</target></edge><edge><source>15</source><target>65</target></edge><edge><source>15</source><target>100</target></edge><edge><source>16</source><target>65</target></edge><edge><source>16</source><target>29</target></edge><edge><source>17</source><target>65</target></edge><edge><source>17</source><target>9</target></edge><edge><source>18</source><target>65</target></edge><edge><source>18</source><target>83</target></edge><edge><source>19</source><target>65</target></edge><edge><source>19</source><target>99</target></edge><edge><source>20</source><target>65</target></edge><edge><source>20</source><target>101</target></edge><edge><source>20</source><target>47</target></edge><edge><source>21</source><target>65</target></edge><edge><source>21</source><target>102</target></edge><edge><source>21</source><target>19</target></edge><edge><source>22</source><target>65</target></edge><edge><source>22</source><target>101</target></edge><edge><source>22</source><target>24</target></edge><edge><source>22</source><target>40</target></edge><edge><source>23</source><target>65</target></edge><edge><source>23</source><target>51</target></edge><edge><source>24</source><target>65</target></edge><edge><source>24</source><target>8</target></edge><edge><source>25</source><target>65</target></edge><edge><source>25</source><target>34</target></edge><edge><source>26</source><target>65</target></edge><edge><source>27</source><target>65</target></edge><edge><source>27</source><target>71</target></edge><edge><source>28</source><target>65</target></edge><edge><source>29</source><target>65</target></edge><edge><source>29</source><target>24</target></edge><edge><source>30</source><target>65</target></edge><edge><source>31</source><target>65</target></edge><edge><source>31</source><target>42</target></edge><edge><source>32</source><target>65</target></edge><edge><source>33</source><target>65</target></edge><edge><source>33</source><target>85</target></edge><edge><source>33</source><target>61</target></edge><edge><source>34</source><target>65</target></edge><edge><source>34</source><target>92</target></edge><edge><source>35</source><target>65</target></edge><edge><source>35</source><target>66</target></edge><edge><source>36</source><target>65</target></edge><edge><source>36</source><target>6</target></edge><edge><source>36</source><target>26</target></edge><edge><source>37</source><target>65</target></edge><edge><source>37</source><target>97</target></edge><edge><source>38</source><target>65</target></edge><edge><source>38</source><target>103</target></edge><edge><source>39</source><target>65</target></edge><edge><source>40</source><target>65</target></edge><edge><source>40</source><target>73</target></edge><edge><source>41</source><target>65</target></edge><edge><source>42</source><target>65</target></edge><edge><source>42</source><target>93</target></edge><edge><source>43</source><target>65</target></edge><edge><source>43</source><target>4</target></edge><edge><source>43</source><target>95</target></edge><edge><source>44</source><target>65</target></edge><edge><source>45</source><target>65</target></edge><edge><source>45</source><target>77</target></edge><edge><source>45</source><target>12</target></edge><edge><source>45</source><target>25</target></edge><edge><source>46</source><target>65</target></edge><edge><source>46</source><target>5</target></edge><edge><source>47</source><target>65</target></edge><edge><source>48</source><target>65</target></edge><edge><source>48</source><target>32</target></edge><edge><source>49</source><target>65</target></edge><edge><source>49</source><target>39</target></edge><edge><source>50</source><target>65</target></edge><edge><source>50</source><target>25</target></edge><edge><source>51</source><target>65</target></edge><edge><source>52</source><target>65</target></edge><edge><source>53</source><target>65</target></edge><edge><source>54</source><target>65</target></edge><edge><source>55</source><target>65</target></edge><edge><source>55</source><target>21</target></edge><edge><source>56</source><target>65</target></edge><edge><source>56</source><target>6</target></edge><edge><source>57</source><target>65</target></edge><edge><source>57</source><target>6</target></edge><edge><source>58</source><target>65</target></edge><edge><source>59</source><target>65</target></edge><edge><source>59</source><target>81</target></edge><edge><source>60</source><target>65</target></edge><edge><source>60</source><target>40</target></edge><edge><source>61</source><target>65</target></edge><edge><source>61</source><target>40</target></edge><edge><source>61</source><target>68</target></edge><edge><source>62</source><target>63</target></edge><edge><source>62</source><target>64</target></edge><edge><source>63</source><target>0</target></edge><edge><source>63</source><target>1</target></edge><edge><source>63</source><target>2</target></edge><edge><source>63</source><target>3</target></edge><edge><source>63</source><target>4</target></edge><edge><source>63</source><target>5</target></edge><edge><source>63</source><target>6</target></edge><edge><source>63</source><target>7</target></edge><edge><source>63</source><target>8</target></edge><edge><source>63</source><target>9</target></edge><edge><source>63</source><target>10</target></edge><edge><source>63</source><target>11</target></edge><edge><source>63</source><target>12</target></edge><edge><source>63</source><target>13</target></edge><edge><source>63</source><target>14</target></edge><edge><source>63</source><target>15</target></edge><edge><source>63</source><target>16</target></edge><edge><source>63</source><target>17</target></edge><edge><source>63</source><target>18</target></edge><edge><source>63</source><target>19</target></edge><edge><source>63</source><target>20</target></edge><edge><source>63</source><target>21</target></edge><edge><source>63</source><target>22</target></edge><edge><source>63</source><target>23</target></edge><edge><source>63</source><target>24</target></edge><edge><source>63</source><target>25</target></edge><edge><source>63</source><target>26</target></edge><edge><source>63</source><target>27</target></edge><edge><source>63</source><target>28</target></edge><edge><source>63</source><target>29</target></edge><edge><source>63</source><target>30</target></edge><edge><source>63</source><target>31</target></edge><edge><source>63</source><target>32</target></edge><edge><source>63</source><target>33</target></edge><edge><source>63</source><target>34</target></edge><edge><source>63</source><target>35</target></edge><edge><source>63</source><target>36</target></edge><edge><source>63</source><target>37</target></edge><edge><source>63</source><target>38</target></edge><edge><source>63</source><target>39</target></edge><edge><source>63</source><target>40</target></edge><edge><source>63</source><target>41</target></edge><edge><source>63</source><target>42</target></edge><edge><source>63</source><target>43</target></edge><edge><source>63</source><target>44</target></edge><edge><source>63</source><target>45</target></edge><edge><source>63</source><target>46</target></edge><edge><source>63</source><target>47</target></edge><edge><source>63</source><target>48</target></edge><edge><source>63</source><target>49</target></edge><edge><source>63</source><target>50</target></edge><edge><source>63</source><target>51</target></edge><edge><source>63</source><target>52</target></edge><edge><source>63</source><target>53</target></edge><edge><source>63</source><target>54</target></edge><edge><source>63</source><target>55</target></edge><edge><source>63</source><target>56</target></edge><edge><source>63</source><target>57</target></edge><edge><source>63</source><target>58</target></edge><edge><source>63</source><target>59</target></edge><edge><source>63</source><target>60</target></edge><edge><source>63</source><target>61</target></edge><edge><source>63</source><target>66</target></edge><edge><source>63</source><target>67</target></edge><edge><source>63</source><target>68</target></edge><edge><source>63</source><target>69</target></edge><edge><source>63</source><target>70</target></edge><edge><source>63</source><target>71</target></edge><edge><source>63</source><target>72</target></edge><edge><source>63</source><target>73</target></edge><edge><source>63</source><target>74</target></edge><edge><source>63</source><target>75</target></edge><edge><source>63</source><target>76</target></edge><edge><source>63</source><target>77</target></edge><edge><source>63</source><target>78</target></edge><edge><source>63</source><target>79</target></edge><edge><source>63</source><target>80</target></edge><edge><source>63</source><target>81</target></edge><edge><source>63</source><target>82</target></edge><edge><source>63</source><target>83</target></edge><edge><source>63</source><target>84</target></edge><edge><source>63</source><target>85</target></edge><edge><source>63</source><target>86</target></edge><edge><source>63</source><target>87</target></edge><edge><source>63</source><target>88</target></edge><edge><source>63</source><target>89</target></edge><edge><source>63</source><target>90</target></edge><edge><source>63</source><target>91</target></edge><edge><source>63</source><target>92</target></edge><edge><source>63</source><target>93</target></edge><edge><source>63</source><target>94</target></edge><edge><source>63</source><target>95</target></edge><edge><source>63</source><target>96</target></edge><edge><source>63</source><target>97</target></edge><edge><source>63</source><target>98</target></edge><edge><source>63</source><target>99</target></edge><edge><source>63</source><target>100</target></edge><edge><source>63</source><target>101</target></edge><edge><source>63</source><target>102</target></edge><edge><source>63</source><target>103</target></edge><edge><source>64</source><target>0</target></edge><edge><source>64</source><target>1</target></edge><edge><source>64</source><target>2</target></edge><edge><source>64</source><target>3</target></edge><edge><source>64</source><target>4</target></edge><edge><source>64</source><target>5</target></edge><edge><source>64</source><target>6</target></edge><edge><source>64</source><target>7</target></edge><edge><source>64</source><target>8</target></edge><edge><source>64</source><target>9</target></edge><edge><source>64</source><target>10</target></edge><edge><source>64</source><target>11</target></edge><edge><source>64</source><target>12</target></edge><edge><source>64</source><target>13</target></edge><edge><source>64</source><target>14</target></edge><edge><source>64</source><target>15</target></edge><edge><source>64</source><target>16</target></edge><edge><source>64</source><target>17</target></edge><edge><source>64</source><target>18</target></edge><edge><source>64</source><target>19</target></edge><edge><source>64</source><target>20</target></edge><edge><source>64</source><target>21</target></edge><edge><source>64</source><target>22</target></edge><edge><source>64</source><target>23</target></edge><edge><source>64</source><target>24</target></edge><edge><source>64</source><target>25</target></edge><edge><source>64</source><target>26</target></edge><edge><source>64</source><target>27</target></edge><edge><source>64</source><target>28</target></edge><edge><source>64</source><target>29</target></edge><edge><source>64</source><target>30</target></edge><edge><source>64</source><target>31</target></edge><edge><source>64</source><target>32</target></edge><edge><source>64</source><target>33</target></edge><edge><source>64</source><target>34</target></edge><edge><source>64</source><target>35</target></edge><edge><source>64</source><target>36</target></edge><edge><source>64</source><target>37</target></edge><edge><source>64</source><target>38</target></edge><edge><source>64</source><target>39</target></edge><edge><source>64</source><target>40</target></edge><edge><source>64</source><target>41</target></edge><edge><source>64</source><target>42</target></edge><edge><source>64</source><target>43</target></edge><edge><source>64</source><target>44</target></edge><edge><source>64</source><target>45</target></edge><edge><source>64</source><target>46</target></edge><edge><source>64</source><target>47</target></edge><edge><source>64</source><target>48</target></edge><edge><source>64</source><target>49</target></edge><edge><source>64</source><target>50</target></edge><edge><source>64</source><target>51</target></edge><edge><source>64</source><target>52</target></edge><edge><source>64</source><target>53</target></edge><edge><source>64</source><target>54</target></edge><edge><source>64</source><target>55</target></edge><edge><source>64</source><target>56</target></edge><edge><source>64</source><target>57</target></edge><edge><source>64</source><target>58</target></edge><edge><source>64</source><target>59</target></edge><edge><source>64</source><target>60</target></edge><edge><source>64</source><target>61</target></edge><edge><source>64</source><target>66</target></edge><edge><source>64</source><target>67</target></edge><edge><source>64</source><target>68</target></edge><edge><source>64</source><target>69</target></edge><edge><source>64</source><target>70</target></edge><edge><source>64</source><target>71</target></edge><edge><source>64</source><target>72</target></edge><edge><source>64</source><target>73</target></edge><edge><source>64</source><target>74</target></edge><edge><source>64</source><target>75</target></edge><edge><source>64</source><target>76</target></edge><edge><source>64</source><target>77</target></edge><edge><source>64</source><target>78</target></edge><edge><source>64</source><target>79</target></edge><edge><source>64</source><target>80</target></edge><edge><source>64</source><target>81</target></edge><edge><source>64</source><target>82</target></edge><edge><source>64</source><target>83</target></edge><edge><source>64</source><target>84</target></edge><edge><source>64</source><target>85</target></edge><edge><source>64</source><target>86</target></edge><edge><source>64</source><target>87</target></edge><edge><source>64</source><target>88</target></edge><edge><source>64</source><target>89</target></edge><edge><source>64</source><target>90</target></edge><edge><source>64</source><target>91</target></edge><edge><source>64</source><target>92</target></edge><edge><source>64</source><target>93</target></edge><edge><source>64</source><target>94</target></edge><edge><source>64</source><target>95</target></edge><edge><source>64</source><target>96</target></edge><edge><source>64</source><target>97</target></edge><edge><source>64</source><target>98</target></edge><edge><source>64</source><target>99</target></edge><edge><source>64</source><target>100</target></edge><edge><source>64</source><target>101</target></edge><edge><source>64</source><target>102</target></edge><edge><source>64</source><target>103</target></edge><edge><source>66</source><target>65</target></edge><edge><source>67</source><target>65</target></edge><edge><source>67</source><target>50</target></edge><edge><source>67</source><target>59</target></edge><edge><source>68</source><target>65</target></edge><edge><source>68</source><target>30</target></edge><edge><source>68</source><target>49</target></edge><edge><source>69</source><target>65</target></edge><edge><source>69</source><target>10</target></edge><edge><source>69</source><target>103</target></edge><edge><source>70</source><target>35</target></edge><edge><source>70</source><target>20</target></edge><edge><source>70</source><target>28</target></edge><edge><source>70</source><target>16</target></edge><edge><source>70</source><target>65</target></edge><edge><source>71</source><target>65</target></edge><edge><source>71</source><target>56</target></edge><edge><source>71</source><target>53</target></edge><edge><source>72</source><target>65</target></edge><edge><source>72</source><target>36</target></edge><edge><source>73</source><target>65</target></edge><edge><source>74</source><target>65</target></edge><edge><source>74</source><target>36</target></edge><edge><source>75</source><target>65</target></edge><edge><source>75</source><target>29</target></edge><edge><source>76</source><target>65</target></edge><edge><source>76</source><target>69</target></edge><edge><source>76</source><target>91</target></edge><edge><source>77</source><target>65</target></edge><edge><source>78</source><target>65</target></edge><edge><source>78</source><target>12</target></edge><edge><source>78</source><target>47</target></edge><edge><source>79</source><target>65</target></edge><edge><source>79</source><target>69</target></edge><edge><source>79</source><target>6</target></edge><edge><source>80</source><target>65</target></edge><edge><source>81</source><target>68</target></edge><edge><source>81</source><target>65</target></edge><edge><source>81</source><target>84</target></edge><edge><source>81</source><target>37</target></edge><edge><source>81</source><target>87</target></edge><edge><source>82</source><target>65</target></edge><edge><source>83</source><target>65</target></edge><edge><source>83</source><target>24</target></edge><edge><source>83</source><target>29</target></edge><edge><source>84</source><target>65</target></edge><edge><source>84</source><target>16</target></edge><edge><source>85</source><target>65</target></edge><edge><source>86</source><target>65</target></edge><edge><source>87</source><target>65</target></edge><edge><source>87</source><target>37</target></edge><edge><source>88</source><target>65</target></edge><edge><source>88</source><target>20</target></edge><edge><source>89</source><target>65</target></edge><edge><source>89</source><target>55</target></edge><edge><source>89</source><target>7</target></edge><edge><source>90</source><target>65</target></edge><edge><source>90</source><target>73</target></edge><edge><source>91</source><target>65</target></edge><edge><source>92</source><target>65</target></edge><edge><source>92</source><target>85</target></edge><edge><source>92</source><target>91</target></edge><edge><source>93</source><target>65</target></edge><edge><source>94</source><target>65</target></edge><edge><source>94</source><target>80</target></edge><edge><source>95</source><target>65</target></edge><edge><source>95</source><target>103</target></edge><edge><source>95</source><target>7</target></edge><edge><source>96</source><target>65</target></edge><edge><source>97</source><target>65</target></edge><edge><source>97</source><target>23</target></edge><edge><source>98</source><target>65</target></edge><edge><source>98</source><target>52</target></edge><edge><source>98</source><target>99</target></edge><edge><source>99</source><target>65</target></edge><edge><source>99</source><target>32</target></edge><edge><source>99</source><target>53</target></edge><edge><source>100</source><target>65</target></edge><edge><source>101</source><target>65</target></edge><edge><source>101</source><target>58</target></edge><edge><source>102</source><target>65</target></edge><edge><source>102</source><target>91</target></edge><edge><source>102</source><target>56</target></edge><edge><source>102</source><target>22</target></edge><edge><source>103</source><target>65</target></edge></edges></harm>