<harm><nodes><node id="289819040908385444548735955436488891370" name="Attacker"/><node id="296259082976578267520886901484283857981" name="VM1"><host_values><impact>2</impact><risk>2.1</risk><probability>0.21</probability><ip>192.168.0.146</ip><asset_value>20</asset_value><cost>7.9</cost><defense_cost>10</defense_cost><exploitability>0.89</exploitability></host_values><vulnerabilities><or><vulnerability id="189795431181136230113970962773769950374" name="CVE-2014-5270"><vulner_values><impact>2</impact><cost>7.9</cost><risk>2.1</risk><probability>0.21</probability><defense_cost>10</defense_cost><exploitability>0.89</exploitability></vulner_values></vulnerability></or></vulnerabilities></node><node id="207967090047373763521646612206615454446" name="VM5"><host_values><impact>2</impact><risk>2.1</risk><probability>0.21</probability><ip>192.168.0.193</ip><asset_value>20</asset_value><cost>7.9</cost><defense_cost>10</defense_cost><exploitability>0.9</exploitability></host_values><vulnerabilities><or><vulnerability id="168185676022523772041594499679325057826" name="CVE-2014-5270"><vulner_values><impact>2</impact><cost>7.9</cost><risk>2.1</risk><probability>0.21</probability><defense_cost>10</defense_cost><exploitability>0.9</exploitability></vulner_values></vulnerability></or></vulnerabilities></node><node id="197506172825873572757818290962513902774" name="VM0"><host_values><impact>2</impact><risk>2.1</risk><probability>0.21</probability><ip>192.168.0.61</ip><asset_value>20</asset_value><cost>7.9</cost><defense_cost>10</defense_cost><exploitability>0.76</exploitability></host_values><vulnerabilities><or><vulnerability id="339338928335970821497026839872196418026" name="CVE-2014-5270"><vulner_values><impact>2</impact><cost>7.9</cost><risk>2.1</risk><probability>0.21</probability><defense_cost>10</defense_cost><exploitability>0.76</exploitability></vulner_values></vulnerability></or></vulnerabilities></node><node id="294143194126935083646224386557392674435" name="VM3"><host_values><impact>2</impact><risk>2.1</risk><probability>0.21</probability><ip>192.168.0.4</ip><asset_value>20</asset_value><cost>7.9</cost><defense_cost>10</defense_cost><exploitability>0.82</exploitability></host_values><vulnerabilities><or><vulnerability id="152400572206319456831306653300843294781" name="CVE-2014-5270"><vulner_values><impact>2</impact><cost>7.9</cost><risk>2.1</risk><probability>0.21</probability><defense_cost>10</defense_cost><exploitability>0.82</exploitability></vulner_values></vulnerability></or></vulnerabilities></node><node id="108027014066964552098423263260340628369" name="VM4"><host_values><impact>2</impact><risk>2.1</risk><probability>0.21</probability><ip>192.168.0.70</ip><asset_value>20</asset_value><cost>7.9</cost><defense_cost>10</defense_cost><exploitability>0.89</exploitability></host_values><vulnerabilities><or><vulnerability id="322925639499143012676383667471880433086" name="CVE-2014-5270"><vulner_values><impact>2</impact><cost>7.9</cost><risk>2.1</risk><probability>0.21</probability><defense_cost>10</defense_cost><exploitability>0.89</exploitability></vulner_values></vulnerability></or></vulnerabilities></node><node id="27674005760562726622844064055820041018" name="VM2"><host_values><impact>2</impact><risk>2.1</risk><probability>0.21</probability><ip>192.168.0.106</ip><asset_value>20</asset_value><cost>7.9</cost><defense_cost>10</defense_cost><exploitability>0.93</exploitability></host_values><vulnerabilities><or><vulnerability id="136461797278825904273076024994374750461" name="CVE-2014-5270"><vulner_values><impact>2</impact><cost>7.9</cost><risk>2.1</risk><probability>0.21</probability><defense_cost>10</defense_cost><exploitability>0.93</exploitability></vulner_values></vulnerability></or></vulnerabilities></node></nodes><edges><edge><source>0</source><target>1</target></edge><edge><source>1</source><target>2</target></edge><edge><source>1</source><target>3</target></edge><edge><source>1</source><target>6</target></edge><edge><source>1</source><target>5</target></edge><edge><source>1</source><target>4</target></edge><edge><source>2</source><target>3</target></edge><edge><source>2</source><target>1</target></edge><edge><source>2</source><target>5</target></edge><edge><source>2</source><target>6</target></edge><edge><source>2</source><target>4</target></edge><edge><source>3</source><target>4</target></edge><edge><source>3</source><target>2</target></edge><edge><source>3</source><target>5</target></edge><edge><source>3</source><target>1</target></edge><edge><source>3</source><target>6</target></edge><edge><source>4</source><target>2</target></edge><edge><source>4</source><target>3</target></edge><edge><source>4</source><target>6</target></edge><edge><source>4</source><target>5</target></edge><edge><source>4</source><target>1</target></edge><edge><source>5</source><target>2</target></edge><edge><source>5</source><target>3</target></edge><edge><source>5</source><target>6</target></edge><edge><source>5</source><target>1</target></edge><edge><source>5</source><target>4</target></edge><edge><source>6</source><target>4</target></edge><edge><source>6</source><target>2</target></edge><edge><source>6</source><target>5</target></edge><edge><source>6</source><target>1</target></edge><edge><source>6</source><target>3</target></edge></edges></harm>