<harm><nodes><node id="18170039312554301690552897499741661561" name="Attacker"/><node id="33707193327325315112002243587215473381" name="WS0"><host_values><impact>6</impact><risk>6</risk><probability>0.99885312</probability><defense_cost>15</defense_cost><cost>4</cost><threat_impact>{'E': 0.4, 'D': 0.2, 'I': 0.2, 'S': 0.2, 'R': 0.0, 'T': 0.0}</threat_impact><type>web server</type><exploitability>0.259983637956</exploitability></host_values><vulnerabilities><or><vulnerability id="256107407953787704224657139120008981810" name="v1"><vulner_values><impact>3</impact><cost>7</cost><risk>3</risk><probability>0.3</probability><defense_cost>15</defense_cost><exploitability>0.259983637956</exploitability></vulner_values></vulnerability><vulnerability id="28330498704791583920192578637320159295" name="v2"><vulner_values><impact>6</impact><cost>4</cost><risk>6</risk><probability>0.6</probability><defense_cost>15</defense_cost><exploitability>0.259983637956</exploitability></vulner_values></vulnerability><vulnerability id="308153968975453442366957487406285075944" name="v2"><vulner_values><impact>6</impact><cost>4</cost><risk>6</risk><probability>0.6</probability><defense_cost>15</defense_cost><exploitability>0.259983637956</exploitability></vulner_values></vulnerability><vulnerability id="126903786094892174751542414642908711610" name="v2"><vulner_values><impact>6</impact><cost>4</cost><risk>6</risk><probability>0.6</probability><defense_cost>15</defense_cost><exploitability>0.259983637956</exploitability></vulner_values></vulnerability><vulnerability id="202075059885562456624193010471460584399" name="v2"><vulner_values><impact>6</impact><cost>4</cost><risk>6</risk><probability>0.6</probability><defense_cost>15</defense_cost><exploitability>0.259983637956</exploitability></vulner_values></vulnerability><vulnerability id="99398447223868448063588476623594067436" name="v2"><vulner_values><impact>6</impact><cost>4</cost><risk>6</risk><probability>0.6</probability><defense_cost>15</defense_cost><exploitability>0.259983637956</exploitability></vulner_values></vulnerability><vulnerability id="30741406733242449193031501865404187151" name="v2"><vulner_values><impact>6</impact><cost>4</cost><risk>6</risk><probability>0.6</probability><defense_cost>15</defense_cost><exploitability>0.259983637956</exploitability></vulner_values></vulnerability><vulnerability id="259312041471459881992338686963307765228" name="v2"><vulner_values><impact>6</impact><cost>4</cost><risk>6</risk><probability>0.6</probability><defense_cost>15</defense_cost><exploitability>0.259983637956</exploitability></vulner_values></vulnerability></or></vulnerabilities></node><node id="40116463301828160443280947790617928690" name="WS1"><host_values><impact>6</impact><risk>6</risk><probability>0.99885312</probability><defense_cost>15</defense_cost><cost>4</cost><threat_impact>{'E': 0.4, 'D': 0.2, 'I': 0.2, 'S': 0.2, 'R': 0.0, 'T': 0.0}</threat_impact><type>web server</type><exploitability>0.259983637956</exploitability></host_values><vulnerabilities><or><vulnerability id="187734014978068865618124933903269638478" name="v1"><vulner_values><impact>3</impact><cost>7</cost><risk>3</risk><probability>0.3</probability><defense_cost>15</defense_cost><exploitability>0.259983637956</exploitability></vulner_values></vulnerability><vulnerability id="262055079302125343149855201075904819822" name="v2"><vulner_values><impact>6</impact><cost>4</cost><risk>6</risk><probability>0.6</probability><defense_cost>15</defense_cost><exploitability>0.259983637956</exploitability></vulner_values></vulnerability><vulnerability id="236904671416766043190582625510163948734" name="v2"><vulner_values><impact>6</impact><cost>4</cost><risk>6</risk><probability>0.6</probability><defense_cost>15</defense_cost><exploitability>0.259983637956</exploitability></vulner_values></vulnerability><vulnerability id="258718293015861787144634462963103449071" name="v2"><vulner_values><impact>6</impact><cost>4</cost><risk>6</risk><probability>0.6</probability><defense_cost>15</defense_cost><exploitability>0.259983637956</exploitability></vulner_values></vulnerability><vulnerability id="172324309525789740912547996059550858197" name="v2"><vulner_values><impact>6</impact><cost>4</cost><risk>6</risk><probability>0.6</probability><defense_cost>15</defense_cost><exploitability>0.259983637956</exploitability></vulner_values></vulnerability><vulnerability id="3783019075762789465468425375424569719" name="v2"><vulner_values><impact>6</impact><cost>4</cost><risk>6</risk><probability>0.6</probability><defense_cost>15</defense_cost><exploitability>0.259983637956</exploitability></vulner_values></vulnerability><vulnerability id="231760423507488296906072658146334509782" name="v2"><vulner_values><impact>6</impact><cost>4</cost><risk>6</risk><probability>0.6</probability><defense_cost>15</defense_cost><exploitability>0.259983637956</exploitability></vulner_values></vulnerability><vulnerability id="296226745336193519080522339292393436914" name="v2"><vulner_values><impact>6</impact><cost>4</cost><risk>6</risk><probability>0.6</probability><defense_cost>15</defense_cost><exploitability>0.259983637956</exploitability></vulner_values></vulnerability></or></vulnerabilities></node><node id="128992245519901025358276303321249289939" name="WS2"><host_values><impact>6</impact><risk>6</risk><probability>0.99885312</probability><defense_cost>15</defense_cost><cost>4</cost><threat_impact>{'E': 0.4, 'D': 0.2, 'I': 0.2, 'S': 0.2, 'R': 0.0, 'T': 0.0}</threat_impact><type>web server</type><exploitability>0.259983637956</exploitability></host_values><vulnerabilities><or><vulnerability id="222324614510526765167553832225187137891" name="v1"><vulner_values><impact>3</impact><cost>7</cost><risk>3</risk><probability>0.3</probability><defense_cost>15</defense_cost><exploitability>0.259983637956</exploitability></vulner_values></vulnerability><vulnerability id="104861023994264280417147579528044796126" name="v2"><vulner_values><impact>6</impact><cost>4</cost><risk>6</risk><probability>0.6</probability><defense_cost>15</defense_cost><exploitability>0.259983637956</exploitability></vulner_values></vulnerability><vulnerability id="309659211747046088629254606133050189575" name="v2"><vulner_values><impact>6</impact><cost>4</cost><risk>6</risk><probability>0.6</probability><defense_cost>15</defense_cost><exploitability>0.259983637956</exploitability></vulner_values></vulnerability><vulnerability id="239195708412252350570549189293802507956" name="v2"><vulner_values><impact>6</impact><cost>4</cost><risk>6</risk><probability>0.6</probability><defense_cost>15</defense_cost><exploitability>0.259983637956</exploitability></vulner_values></vulnerability><vulnerability id="247124538138967581974993582138164470464" name="v2"><vulner_values><impact>6</impact><cost>4</cost><risk>6</risk><probability>0.6</probability><defense_cost>15</defense_cost><exploitability>0.259983637956</exploitability></vulner_values></vulnerability><vulnerability id="52431073811462169397894656870902853171" name="v2"><vulner_values><impact>6</impact><cost>4</cost><risk>6</risk><probability>0.6</probability><defense_cost>15</defense_cost><exploitability>0.259983637956</exploitability></vulner_values></vulnerability><vulnerability id="172068687119339225621819755033279145898" name="v2"><vulner_values><impact>6</impact><cost>4</cost><risk>6</risk><probability>0.6</probability><defense_cost>15</defense_cost><exploitability>0.259983637956</exploitability></vulner_values></vulnerability><vulnerability id="131591158615552462856781037659574585727" name="v2"><vulner_values><impact>6</impact><cost>4</cost><risk>6</risk><probability>0.6</probability><defense_cost>15</defense_cost><exploitability>0.259983637956</exploitability></vulner_values></vulnerability></or></vulnerabilities></node><node id="47604000148596269316901047506323462465" name="WS3"><host_values><impact>6</impact><risk>6</risk><probability>0.99885312</probability><defense_cost>15</defense_cost><cost>4</cost><threat_impact>{'E': 0.4, 'D': 0.2, 'I': 0.2, 'S': 0.2, 'R': 0.0, 'T': 0.0}</threat_impact><type>web server</type><exploitability>0.259983637956</exploitability></host_values><vulnerabilities><or><vulnerability id="156201985152304609994891857076333634217" name="v1"><vulner_values><impact>3</impact><cost>7</cost><risk>3</risk><probability>0.3</probability><defense_cost>15</defense_cost><exploitability>0.259983637956</exploitability></vulner_values></vulnerability><vulnerability id="250333076723062947989486529419329842247" name="v2"><vulner_values><impact>6</impact><cost>4</cost><risk>6</risk><probability>0.6</probability><defense_cost>15</defense_cost><exploitability>0.259983637956</exploitability></vulner_values></vulnerability><vulnerability id="110453968126181333305751049322983091128" name="v2"><vulner_values><impact>6</impact><cost>4</cost><risk>6</risk><probability>0.6</probability><defense_cost>15</defense_cost><exploitability>0.259983637956</exploitability></vulner_values></vulnerability><vulnerability id="158698402478544411418015360483023600575" name="v2"><vulner_values><impact>6</impact><cost>4</cost><risk>6</risk><probability>0.6</probability><defense_cost>15</defense_cost><exploitability>0.259983637956</exploitability></vulner_values></vulnerability><vulnerability id="148959624515942477857549655509653787801" name="v2"><vulner_values><impact>6</impact><cost>4</cost><risk>6</risk><probability>0.6</probability><defense_cost>15</defense_cost><exploitability>0.259983637956</exploitability></vulner_values></vulnerability><vulnerability id="296615352210973717693296519628357560088" name="v2"><vulner_values><impact>6</impact><cost>4</cost><risk>6</risk><probability>0.6</probability><defense_cost>15</defense_cost><exploitability>0.259983637956</exploitability></vulner_values></vulnerability><vulnerability id="118954593554972125488406719452776422289" name="v2"><vulner_values><impact>6</impact><cost>4</cost><risk>6</risk><probability>0.6</probability><defense_cost>15</defense_cost><exploitability>0.259983637956</exploitability></vulner_values></vulnerability><vulnerability id="168482332043281569993134607287825963000" name="v2"><vulner_values><impact>6</impact><cost>4</cost><risk>6</risk><probability>0.6</probability><defense_cost>15</defense_cost><exploitability>0.259983637956</exploitability></vulner_values></vulnerability></or></vulnerabilities></node><node id="49261496091626602677021495807841131289" name="WS4"><host_values><impact>6</impact><risk>6</risk><probability>0.99885312</probability><defense_cost>15</defense_cost><cost>4</cost><threat_impact>{'E': 0.4, 'D': 0.2, 'I': 0.2, 'S': 0.2, 'R': 0.0, 'T': 0.0}</threat_impact><type>web server</type><exploitability>0.259983637956</exploitability></host_values><vulnerabilities><or><vulnerability id="225198916779361192001804549267339381929" name="v1"><vulner_values><impact>3</impact><cost>7</cost><risk>3</risk><probability>0.3</probability><defense_cost>15</defense_cost><exploitability>0.259983637956</exploitability></vulner_values></vulnerability><vulnerability id="46232656459830516741746971178812090696" name="v2"><vulner_values><impact>6</impact><cost>4</cost><risk>6</risk><probability>0.6</probability><defense_cost>15</defense_cost><exploitability>0.259983637956</exploitability></vulner_values></vulnerability><vulnerability id="219413542298252637704142728535592449830" name="v2"><vulner_values><impact>6</impact><cost>4</cost><risk>6</risk><probability>0.6</probability><defense_cost>15</defense_cost><exploitability>0.259983637956</exploitability></vulner_values></vulnerability><vulnerability id="254116395697662812030891012613341132161" name="v2"><vulner_values><impact>6</impact><cost>4</cost><risk>6</risk><probability>0.6</probability><defense_cost>15</defense_cost><exploitability>0.259983637956</exploitability></vulner_values></vulnerability><vulnerability id="189728935756661461494580815544109052519" name="v2"><vulner_values><impact>6</impact><cost>4</cost><risk>6</risk><probability>0.6</probability><defense_cost>15</defense_cost><exploitability>0.259983637956</exploitability></vulner_values></vulnerability><vulnerability id="152365786751360402120537434025021763426" name="v2"><vulner_values><impact>6</impact><cost>4</cost><risk>6</risk><probability>0.6</probability><defense_cost>15</defense_cost><exploitability>0.259983637956</exploitability></vulner_values></vulnerability><vulnerability id="287368418449369528416587887416234561725" name="v2"><vulner_values><impact>6</impact><cost>4</cost><risk>6</risk><probability>0.6</probability><defense_cost>15</defense_cost><exploitability>0.259983637956</exploitability></vulner_values></vulnerability><vulnerability id="14287666811584772883488839801138093425" name="v2"><vulner_values><impact>6</impact><cost>4</cost><risk>6</risk><probability>0.6</probability><defense_cost>15</defense_cost><exploitability>0.259983637956</exploitability></vulner_values></vulnerability></or></vulnerabilities></node><node id="105658662341126155072668892005628409541" name="WS5"><host_values><impact>6</impact><risk>6</risk><probability>0.99885312</probability><defense_cost>15</defense_cost><cost>4</cost><threat_impact>{'E': 0.4, 'D': 0.2, 'I': 0.2, 'S': 0.2, 'R': 0.0, 'T': 0.0}</threat_impact><type>web server</type><exploitability>0.259983637956</exploitability></host_values><vulnerabilities><or><vulnerability id="157603154983852982848925453886756050156" name="v1"><vulner_values><impact>3</impact><cost>7</cost><risk>3</risk><probability>0.3</probability><defense_cost>15</defense_cost><exploitability>0.259983637956</exploitability></vulner_values></vulnerability><vulnerability id="126021440258249095085661757836122304088" name="v2"><vulner_values><impact>6</impact><cost>4</cost><risk>6</risk><probability>0.6</probability><defense_cost>15</defense_cost><exploitability>0.259983637956</exploitability></vulner_values></vulnerability><vulnerability id="242817286626130003125424242448144403702" name="v2"><vulner_values><impact>6</impact><cost>4</cost><risk>6</risk><probability>0.6</probability><defense_cost>15</defense_cost><exploitability>0.259983637956</exploitability></vulner_values></vulnerability><vulnerability id="181122670740606531961547879650114164475" name="v2"><vulner_values><impact>6</impact><cost>4</cost><risk>6</risk><probability>0.6</probability><defense_cost>15</defense_cost><exploitability>0.259983637956</exploitability></vulner_values></vulnerability><vulnerability id="166190301705877538330361763549527096287" name="v2"><vulner_values><impact>6</impact><cost>4</cost><risk>6</risk><probability>0.6</probability><defense_cost>15</defense_cost><exploitability>0.259983637956</exploitability></vulner_values></vulnerability><vulnerability id="143150222922004671296209711482413901893" name="v2"><vulner_values><impact>6</impact><cost>4</cost><risk>6</risk><probability>0.6</probability><defense_cost>15</defense_cost><exploitability>0.259983637956</exploitability></vulner_values></vulnerability><vulnerability id="29068092578753298288222805102935423054" name="v2"><vulner_values><impact>6</impact><cost>4</cost><risk>6</risk><probability>0.6</probability><defense_cost>15</defense_cost><exploitability>0.259983637956</exploitability></vulner_values></vulnerability><vulnerability id="23572927033186817279431026417001958128" name="v2"><vulner_values><impact>6</impact><cost>4</cost><risk>6</risk><probability>0.6</probability><defense_cost>15</defense_cost><exploitability>0.259983637956</exploitability></vulner_values></vulnerability></or></vulnerabilities></node><node id="302511851771661013476114103413091008924" name="WS6"><host_values><impact>6</impact><risk>6</risk><probability>0.99885312</probability><defense_cost>15</defense_cost><cost>4</cost><threat_impact>{'E': 0.4, 'D': 0.2, 'I': 0.2, 'S': 0.2, 'R': 0.0, 'T': 0.0}</threat_impact><type>web server</type><exploitability>0.259983637956</exploitability></host_values><vulnerabilities><or><vulnerability id="71892896191758773232120549485081838785" name="v1"><vulner_values><impact>3</impact><cost>7</cost><risk>3</risk><probability>0.3</probability><defense_cost>15</defense_cost><exploitability>0.259983637956</exploitability></vulner_values></vulnerability><vulnerability id="96507967675413474849511792211459949081" name="v2"><vulner_values><impact>6</impact><cost>4</cost><risk>6</risk><probability>0.6</probability><defense_cost>15</defense_cost><exploitability>0.259983637956</exploitability></vulner_values></vulnerability><vulnerability id="7751585132617271494485201082005164024" name="v2"><vulner_values><impact>6</impact><cost>4</cost><risk>6</risk><probability>0.6</probability><defense_cost>15</defense_cost><exploitability>0.259983637956</exploitability></vulner_values></vulnerability><vulnerability id="203582855217098994816160310294588942122" name="v2"><vulner_values><impact>6</impact><cost>4</cost><risk>6</risk><probability>0.6</probability><defense_cost>15</defense_cost><exploitability>0.259983637956</exploitability></vulner_values></vulnerability><vulnerability id="232952673454917761996303044276364034564" name="v2"><vulner_values><impact>6</impact><cost>4</cost><risk>6</risk><probability>0.6</probability><defense_cost>15</defense_cost><exploitability>0.259983637956</exploitability></vulner_values></vulnerability><vulnerability id="320786894205033948822241636566057947611" name="v2"><vulner_values><impact>6</impact><cost>4</cost><risk>6</risk><probability>0.6</probability><defense_cost>15</defense_cost><exploitability>0.259983637956</exploitability></vulner_values></vulnerability><vulnerability id="139602989333036924490222508007015949087" name="v2"><vulner_values><impact>6</impact><cost>4</cost><risk>6</risk><probability>0.6</probability><defense_cost>15</defense_cost><exploitability>0.259983637956</exploitability></vulner_values></vulnerability><vulnerability id="85225679938174271754402912666859787962" name="v2"><vulner_values><impact>6</impact><cost>4</cost><risk>6</risk><probability>0.6</probability><defense_cost>15</defense_cost><exploitability>0.259983637956</exploitability></vulner_values></vulnerability></or></vulnerabilities></node><node id="91910835307913409635480640441429396527" name="AS0"><host_values><impact>6</impact><risk>6</risk><probability>0.932772</probability><defense_cost>15</defense_cost><cost>4</cost><threat_impact>{'E': 0.3, 'D': 0.2, 'I': 0.2, 'S': 0.0, 'R': 0.0, 'T': 0.3}</threat_impact><type>app server</type><exploitability>0.063930886292</exploitability></host_values><vulnerabilities><or><vulnerability id="268825759495696691835084776408394656988" name="v3"><vulner_values><impact>6</impact><cost>4</cost><risk>6</risk><probability>0.6</probability><defense_cost>15</defense_cost><exploitability>0.063930886292</exploitability></vulner_values></vulnerability><vulnerability id="146602589356486235982659368494317694787" name="v4"><vulner_values><impact>3</impact><cost>7</cost><risk>3</risk><probability>0.3</probability><defense_cost>15</defense_cost><exploitability>0.063930886292</exploitability></vulner_values></vulnerability><vulnerability id="268505046222106742043805969845101434259" name="v4"><vulner_values><impact>3</impact><cost>7</cost><risk>3</risk><probability>0.3</probability><defense_cost>15</defense_cost><exploitability>0.063930886292</exploitability></vulner_values></vulnerability><vulnerability id="85750531987895399781487473398609593696" name="v4"><vulner_values><impact>3</impact><cost>7</cost><risk>3</risk><probability>0.3</probability><defense_cost>15</defense_cost><exploitability>0.063930886292</exploitability></vulner_values></vulnerability><vulnerability id="285944522321510884270409982283780472355" name="v4"><vulner_values><impact>3</impact><cost>7</cost><risk>3</risk><probability>0.3</probability><defense_cost>15</defense_cost><exploitability>0.063930886292</exploitability></vulner_values></vulnerability><vulnerability id="285930145690192963831023437141463558726" name="v4"><vulner_values><impact>3</impact><cost>7</cost><risk>3</risk><probability>0.3</probability><defense_cost>15</defense_cost><exploitability>0.063930886292</exploitability></vulner_values></vulnerability></or></vulnerabilities></node><node id="213104350530264457545494051102173835030" name="AS1"><host_values><impact>6</impact><risk>6</risk><probability>0.932772</probability><defense_cost>15</defense_cost><cost>4</cost><threat_impact>{'E': 0.3, 'D': 0.2, 'I': 0.2, 'S': 0.0, 'R': 0.0, 'T': 0.3}</threat_impact><type>app server</type><exploitability>0.063930886292</exploitability></host_values><vulnerabilities><or><vulnerability id="103159135557931125314724572885701068227" name="v3"><vulner_values><impact>6</impact><cost>4</cost><risk>6</risk><probability>0.6</probability><defense_cost>15</defense_cost><exploitability>0.063930886292</exploitability></vulner_values></vulnerability><vulnerability id="236730754391883156945761076906350512777" name="v4"><vulner_values><impact>3</impact><cost>7</cost><risk>3</risk><probability>0.3</probability><defense_cost>15</defense_cost><exploitability>0.063930886292</exploitability></vulner_values></vulnerability><vulnerability id="89371503509130065644802072917196297480" name="v4"><vulner_values><impact>3</impact><cost>7</cost><risk>3</risk><probability>0.3</probability><defense_cost>15</defense_cost><exploitability>0.063930886292</exploitability></vulner_values></vulnerability><vulnerability id="122387600200599919319142346255323271140" name="v4"><vulner_values><impact>3</impact><cost>7</cost><risk>3</risk><probability>0.3</probability><defense_cost>15</defense_cost><exploitability>0.063930886292</exploitability></vulner_values></vulnerability><vulnerability id="329074232511808621531276493109808481683" name="v4"><vulner_values><impact>3</impact><cost>7</cost><risk>3</risk><probability>0.3</probability><defense_cost>15</defense_cost><exploitability>0.063930886292</exploitability></vulner_values></vulnerability><vulnerability id="187779405072111504600529780580929499771" name="v4"><vulner_values><impact>3</impact><cost>7</cost><risk>3</risk><probability>0.3</probability><defense_cost>15</defense_cost><exploitability>0.063930886292</exploitability></vulner_values></vulnerability></or></vulnerabilities></node><node id="91646852592808234975084049517455738" name="AS2"><host_values><impact>6</impact><risk>6</risk><probability>0.932772</probability><defense_cost>15</defense_cost><cost>4</cost><threat_impact>{'E': 0.3, 'D': 0.2, 'I': 0.2, 'S': 0.0, 'R': 0.0, 'T': 0.3}</threat_impact><type>app server</type><exploitability>0.063930886292</exploitability></host_values><vulnerabilities><or><vulnerability id="338069667149037791624473574636075115111" name="v3"><vulner_values><impact>6</impact><cost>4</cost><risk>6</risk><probability>0.6</probability><defense_cost>15</defense_cost><exploitability>0.063930886292</exploitability></vulner_values></vulnerability><vulnerability id="253269481376971930108308035595702084911" name="v4"><vulner_values><impact>3</impact><cost>7</cost><risk>3</risk><probability>0.3</probability><defense_cost>15</defense_cost><exploitability>0.063930886292</exploitability></vulner_values></vulnerability><vulnerability id="31840330194744319698060051168375622092" name="v4"><vulner_values><impact>3</impact><cost>7</cost><risk>3</risk><probability>0.3</probability><defense_cost>15</defense_cost><exploitability>0.063930886292</exploitability></vulner_values></vulnerability><vulnerability id="143596591007571162223920143240265236641" name="v4"><vulner_values><impact>3</impact><cost>7</cost><risk>3</risk><probability>0.3</probability><defense_cost>15</defense_cost><exploitability>0.063930886292</exploitability></vulner_values></vulnerability><vulnerability id="25842129362831177671715000617557540272" name="v4"><vulner_values><impact>3</impact><cost>7</cost><risk>3</risk><probability>0.3</probability><defense_cost>15</defense_cost><exploitability>0.063930886292</exploitability></vulner_values></vulnerability><vulnerability id="140992640237441239817978803166195981836" name="v4"><vulner_values><impact>3</impact><cost>7</cost><risk>3</risk><probability>0.3</probability><defense_cost>15</defense_cost><exploitability>0.063930886292</exploitability></vulner_values></vulnerability></or></vulnerabilities></node><node id="223982225346508611557799695269803019105" name="AS3"><host_values><impact>6</impact><risk>6</risk><probability>0.932772</probability><defense_cost>15</defense_cost><cost>4</cost><threat_impact>{'E': 0.3, 'D': 0.2, 'I': 0.2, 'S': 0.0, 'R': 0.0, 'T': 0.3}</threat_impact><type>app server</type><exploitability>0.063930886292</exploitability></host_values><vulnerabilities><or><vulnerability id="23333246622173422426626176319989517756" name="v3"><vulner_values><impact>6</impact><cost>4</cost><risk>6</risk><probability>0.6</probability><defense_cost>15</defense_cost><exploitability>0.063930886292</exploitability></vulner_values></vulnerability><vulnerability id="134783799556098764554533000385483551015" name="v4"><vulner_values><impact>3</impact><cost>7</cost><risk>3</risk><probability>0.3</probability><defense_cost>15</defense_cost><exploitability>0.063930886292</exploitability></vulner_values></vulnerability><vulnerability id="240623641143501229743554073240854594493" name="v4"><vulner_values><impact>3</impact><cost>7</cost><risk>3</risk><probability>0.3</probability><defense_cost>15</defense_cost><exploitability>0.063930886292</exploitability></vulner_values></vulnerability><vulnerability id="190301244083319286702878908470181661808" name="v4"><vulner_values><impact>3</impact><cost>7</cost><risk>3</risk><probability>0.3</probability><defense_cost>15</defense_cost><exploitability>0.063930886292</exploitability></vulner_values></vulnerability><vulnerability id="48443937017813548346064483881829989406" name="v4"><vulner_values><impact>3</impact><cost>7</cost><risk>3</risk><probability>0.3</probability><defense_cost>15</defense_cost><exploitability>0.063930886292</exploitability></vulner_values></vulnerability><vulnerability id="172076967921253651737546505580863061023" name="v4"><vulner_values><impact>3</impact><cost>7</cost><risk>3</risk><probability>0.3</probability><defense_cost>15</defense_cost><exploitability>0.063930886292</exploitability></vulner_values></vulnerability></or></vulnerabilities></node><node id="161932799907054597660858340959737047190" name="AS4"><host_values><impact>6</impact><risk>6</risk><probability>0.932772</probability><defense_cost>15</defense_cost><cost>4</cost><threat_impact>{'E': 0.3, 'D': 0.2, 'I': 0.2, 'S': 0.0, 'R': 0.0, 'T': 0.3}</threat_impact><type>app server</type><exploitability>0.063930886292</exploitability></host_values><vulnerabilities><or><vulnerability id="42031533844154807360201881930155035655" name="v3"><vulner_values><impact>6</impact><cost>4</cost><risk>6</risk><probability>0.6</probability><defense_cost>15</defense_cost><exploitability>0.063930886292</exploitability></vulner_values></vulnerability><vulnerability id="51745324356644445034200754428016011130" name="v4"><vulner_values><impact>3</impact><cost>7</cost><risk>3</risk><probability>0.3</probability><defense_cost>15</defense_cost><exploitability>0.063930886292</exploitability></vulner_values></vulnerability><vulnerability id="324816438291835632221604158815031645080" name="v4"><vulner_values><impact>3</impact><cost>7</cost><risk>3</risk><probability>0.3</probability><defense_cost>15</defense_cost><exploitability>0.063930886292</exploitability></vulner_values></vulnerability><vulnerability id="20291443708585782079461883879673669717" name="v4"><vulner_values><impact>3</impact><cost>7</cost><risk>3</risk><probability>0.3</probability><defense_cost>15</defense_cost><exploitability>0.063930886292</exploitability></vulner_values></vulnerability><vulnerability id="15229089467314729905242937847334871428" name="v4"><vulner_values><impact>3</impact><cost>7</cost><risk>3</risk><probability>0.3</probability><defense_cost>15</defense_cost><exploitability>0.063930886292</exploitability></vulner_values></vulnerability><vulnerability id="105874689471552399604401187283515475137" name="v4"><vulner_values><impact>3</impact><cost>7</cost><risk>3</risk><probability>0.3</probability><defense_cost>15</defense_cost><exploitability>0.063930886292</exploitability></vulner_values></vulnerability></or></vulnerabilities></node><node id="77650057454252419333189081519818165656" name="AS5"><host_values><impact>6</impact><risk>6</risk><probability>0.932772</probability><defense_cost>15</defense_cost><cost>4</cost><threat_impact>{'E': 0.3, 'D': 0.2, 'I': 0.2, 'S': 0.0, 'R': 0.0, 'T': 0.3}</threat_impact><type>app server</type><exploitability>0.063930886292</exploitability></host_values><vulnerabilities><or><vulnerability id="267864840283364365498039434682513261107" name="v3"><vulner_values><impact>6</impact><cost>4</cost><risk>6</risk><probability>0.6</probability><defense_cost>15</defense_cost><exploitability>0.063930886292</exploitability></vulner_values></vulnerability><vulnerability id="287130501571390961961543408311330498046" name="v4"><vulner_values><impact>3</impact><cost>7</cost><risk>3</risk><probability>0.3</probability><defense_cost>15</defense_cost><exploitability>0.063930886292</exploitability></vulner_values></vulnerability><vulnerability id="305096276291625170191715173706845716916" name="v4"><vulner_values><impact>3</impact><cost>7</cost><risk>3</risk><probability>0.3</probability><defense_cost>15</defense_cost><exploitability>0.063930886292</exploitability></vulner_values></vulnerability><vulnerability id="13847988905871451416194461846231267183" name="v4"><vulner_values><impact>3</impact><cost>7</cost><risk>3</risk><probability>0.3</probability><defense_cost>15</defense_cost><exploitability>0.063930886292</exploitability></vulner_values></vulnerability><vulnerability id="32321482895437606995800112689885196685" name="v4"><vulner_values><impact>3</impact><cost>7</cost><risk>3</risk><probability>0.3</probability><defense_cost>15</defense_cost><exploitability>0.063930886292</exploitability></vulner_values></vulnerability><vulnerability id="281818452708480390740072121335701910146" name="v4"><vulner_values><impact>3</impact><cost>7</cost><risk>3</risk><probability>0.3</probability><defense_cost>15</defense_cost><exploitability>0.063930886292</exploitability></vulner_values></vulnerability></or></vulnerabilities></node><node id="146397107848628599137598763911030310774" name="AS6"><host_values><impact>6</impact><risk>6</risk><probability>0.932772</probability><defense_cost>15</defense_cost><cost>4</cost><threat_impact>{'E': 0.3, 'D': 0.2, 'I': 0.2, 'S': 0.0, 'R': 0.0, 'T': 0.3}</threat_impact><type>app server</type><exploitability>0.063930886292</exploitability></host_values><vulnerabilities><or><vulnerability id="125403911539055087486612274219081907850" name="v3"><vulner_values><impact>6</impact><cost>4</cost><risk>6</risk><probability>0.6</probability><defense_cost>15</defense_cost><exploitability>0.063930886292</exploitability></vulner_values></vulnerability><vulnerability id="298644210109684906271558132002172955313" name="v4"><vulner_values><impact>3</impact><cost>7</cost><risk>3</risk><probability>0.3</probability><defense_cost>15</defense_cost><exploitability>0.063930886292</exploitability></vulner_values></vulnerability><vulnerability id="192755897240850648396348006812959676723" name="v4"><vulner_values><impact>3</impact><cost>7</cost><risk>3</risk><probability>0.3</probability><defense_cost>15</defense_cost><exploitability>0.063930886292</exploitability></vulner_values></vulnerability><vulnerability id="201727416099448489479825491406469954856" name="v4"><vulner_values><impact>3</impact><cost>7</cost><risk>3</risk><probability>0.3</probability><defense_cost>15</defense_cost><exploitability>0.063930886292</exploitability></vulner_values></vulnerability><vulnerability id="172374947492827815820528295611202946520" name="v4"><vulner_values><impact>3</impact><cost>7</cost><risk>3</risk><probability>0.3</probability><defense_cost>15</defense_cost><exploitability>0.063930886292</exploitability></vulner_values></vulnerability><vulnerability id="68166071743923502924553599635272090187" name="v4"><vulner_values><impact>3</impact><cost>7</cost><risk>3</risk><probability>0.3</probability><defense_cost>15</defense_cost><exploitability>0.063930886292</exploitability></vulner_values></vulnerability></or></vulnerabilities></node><node id="229885458104044952078289638260102635837" name="User0"><host_values><impact>6</impact><risk>6</risk><probability>0.95</probability><defense_cost>15</defense_cost><cost>4</cost><threat_impact>{'E': 0.4, 'D': 0.0, 'I': 0.2, 'S': 0.3, 'R': 0.1, 'T': 0.0}</threat_impact><type>user</type><exploitability>0.7009114148</exploitability></host_values><vulnerabilities><or><vulnerability id="138500565127905357092340333009660135671" name="v5"><vulner_values><impact>6</impact><cost>4</cost><risk>6</risk><probability>0.6</probability><defense_cost>15</defense_cost><exploitability>0.7009114148</exploitability></vulner_values></vulnerability><vulnerability id="211506079235541289068320157807603024669" name="v6"><vulner_values><impact>5</impact><cost>5</cost><risk>5</risk><probability>0.5</probability><defense_cost>15</defense_cost><exploitability>0.7009114148</exploitability></vulner_values></vulnerability><vulnerability id="265933107832151301288204177461014079672" name="v6"><vulner_values><impact>5</impact><cost>5</cost><risk>5</risk><probability>0.5</probability><defense_cost>15</defense_cost><exploitability>0.7009114148</exploitability></vulner_values></vulnerability><vulnerability id="101129117333256683440174627708954317556" name="v6"><vulner_values><impact>5</impact><cost>5</cost><risk>5</risk><probability>0.5</probability><defense_cost>15</defense_cost><exploitability>0.7009114148</exploitability></vulner_values></vulnerability></or></vulnerabilities></node><node id="237717755694711320651057949838281853244" name="User1"><host_values><impact>6</impact><risk>6</risk><probability>0.95</probability><defense_cost>15</defense_cost><cost>4</cost><threat_impact>{'E': 0.4, 'D': 0.0, 'I': 0.2, 'S': 0.3, 'R': 0.1, 'T': 0.0}</threat_impact><type>user</type><exploitability>0.7009114148</exploitability></host_values><vulnerabilities><or><vulnerability id="116953339607034759124122081872463958142" name="v5"><vulner_values><impact>6</impact><cost>4</cost><risk>6</risk><probability>0.6</probability><defense_cost>15</defense_cost><exploitability>0.7009114148</exploitability></vulner_values></vulnerability><vulnerability id="112337517827278936020872917066036320373" name="v6"><vulner_values><impact>5</impact><cost>5</cost><risk>5</risk><probability>0.5</probability><defense_cost>15</defense_cost><exploitability>0.7009114148</exploitability></vulner_values></vulnerability><vulnerability id="93772098176259846544260405037335610928" name="v6"><vulner_values><impact>5</impact><cost>5</cost><risk>5</risk><probability>0.5</probability><defense_cost>15</defense_cost><exploitability>0.7009114148</exploitability></vulner_values></vulnerability><vulnerability id="197530298670840405562413672284789454218" name="v6"><vulner_values><impact>5</impact><cost>5</cost><risk>5</risk><probability>0.5</probability><defense_cost>15</defense_cost><exploitability>0.7009114148</exploitability></vulner_values></vulnerability></or></vulnerabilities></node><node id="245613587592981615484954505604608208262" name="User2"><host_values><impact>6</impact><risk>6</risk><probability>0.95</probability><defense_cost>15</defense_cost><cost>4</cost><threat_impact>{'E': 0.4, 'D': 0.0, 'I': 0.2, 'S': 0.3, 'R': 0.1, 'T': 0.0}</threat_impact><type>user</type><exploitability>0.7009114148</exploitability></host_values><vulnerabilities><or><vulnerability id="60321064050132803693562867453041607984" name="v5"><vulner_values><impact>6</impact><cost>4</cost><risk>6</risk><probability>0.6</probability><defense_cost>15</defense_cost><exploitability>0.7009114148</exploitability></vulner_values></vulnerability><vulnerability id="230617336892727524099792039508728724737" name="v6"><vulner_values><impact>5</impact><cost>5</cost><risk>5</risk><probability>0.5</probability><defense_cost>15</defense_cost><exploitability>0.7009114148</exploitability></vulner_values></vulnerability><vulnerability id="235604642677779993509928728791307153004" name="v6"><vulner_values><impact>5</impact><cost>5</cost><risk>5</risk><probability>0.5</probability><defense_cost>15</defense_cost><exploitability>0.7009114148</exploitability></vulner_values></vulnerability><vulnerability id="162072340137632238690227245552144820856" name="v6"><vulner_values><impact>5</impact><cost>5</cost><risk>5</risk><probability>0.5</probability><defense_cost>15</defense_cost><exploitability>0.7009114148</exploitability></vulner_values></vulnerability></or></vulnerabilities></node><node id="15933029069824062991747590375268073431" name="User3"><host_values><impact>6</impact><risk>6</risk><probability>0.95</probability><defense_cost>15</defense_cost><cost>4</cost><threat_impact>{'E': 0.4, 'D': 0.0, 'I': 0.2, 'S': 0.3, 'R': 0.1, 'T': 0.0}</threat_impact><type>user</type><exploitability>0.7009114148</exploitability></host_values><vulnerabilities><or><vulnerability id="318823316096076694508025450452834381044" name="v5"><vulner_values><impact>6</impact><cost>4</cost><risk>6</risk><probability>0.6</probability><defense_cost>15</defense_cost><exploitability>0.7009114148</exploitability></vulner_values></vulnerability><vulnerability id="326017823948907282415687682017121507287" name="v6"><vulner_values><impact>5</impact><cost>5</cost><risk>5</risk><probability>0.5</probability><defense_cost>15</defense_cost><exploitability>0.7009114148</exploitability></vulner_values></vulnerability><vulnerability id="133324975882836406750477222561473784596" name="v6"><vulner_values><impact>5</impact><cost>5</cost><risk>5</risk><probability>0.5</probability><defense_cost>15</defense_cost><exploitability>0.7009114148</exploitability></vulner_values></vulnerability><vulnerability id="276672877312821407025479929251662899362" name="v6"><vulner_values><impact>5</impact><cost>5</cost><risk>5</risk><probability>0.5</probability><defense_cost>15</defense_cost><exploitability>0.7009114148</exploitability></vulner_values></vulnerability></or></vulnerabilities></node><node id="115225402458432417520367602892182959535" name="User4"><host_values><impact>6</impact><risk>6</risk><probability>0.95</probability><defense_cost>15</defense_cost><cost>4</cost><threat_impact>{'E': 0.4, 'D': 0.0, 'I': 0.2, 'S': 0.3, 'R': 0.1, 'T': 0.0}</threat_impact><type>user</type><exploitability>0.7009114148</exploitability></host_values><vulnerabilities><or><vulnerability id="10395257826285232441869232415463249490" name="v5"><vulner_values><impact>6</impact><cost>4</cost><risk>6</risk><probability>0.6</probability><defense_cost>15</defense_cost><exploitability>0.7009114148</exploitability></vulner_values></vulnerability><vulnerability id="175672571351882090220921098614822037444" name="v6"><vulner_values><impact>5</impact><cost>5</cost><risk>5</risk><probability>0.5</probability><defense_cost>15</defense_cost><exploitability>0.7009114148</exploitability></vulner_values></vulnerability><vulnerability id="137221756719423529860225068947003068447" name="v6"><vulner_values><impact>5</impact><cost>5</cost><risk>5</risk><probability>0.5</probability><defense_cost>15</defense_cost><exploitability>0.7009114148</exploitability></vulner_values></vulnerability><vulnerability id="144568371734111640499805846469953339602" name="v6"><vulner_values><impact>5</impact><cost>5</cost><risk>5</risk><probability>0.5</probability><defense_cost>15</defense_cost><exploitability>0.7009114148</exploitability></vulner_values></vulnerability></or></vulnerabilities></node><node id="305697329606272454475268187342941273573" name="User5"><host_values><impact>6</impact><risk>6</risk><probability>0.95</probability><defense_cost>15</defense_cost><cost>4</cost><threat_impact>{'E': 0.4, 'D': 0.0, 'I': 0.2, 'S': 0.3, 'R': 0.1, 'T': 0.0}</threat_impact><type>user</type><exploitability>0.7009114148</exploitability></host_values><vulnerabilities><or><vulnerability id="54578457678952359289202451530521445722" name="v5"><vulner_values><impact>6</impact><cost>4</cost><risk>6</risk><probability>0.6</probability><defense_cost>15</defense_cost><exploitability>0.7009114148</exploitability></vulner_values></vulnerability><vulnerability id="294500423103528219420920566617610219713" name="v6"><vulner_values><impact>5</impact><cost>5</cost><risk>5</risk><probability>0.5</probability><defense_cost>15</defense_cost><exploitability>0.7009114148</exploitability></vulner_values></vulnerability><vulnerability id="147419056254655648803034263859938013884" name="v6"><vulner_values><impact>5</impact><cost>5</cost><risk>5</risk><probability>0.5</probability><defense_cost>15</defense_cost><exploitability>0.7009114148</exploitability></vulner_values></vulnerability><vulnerability id="30235252247262937714674451046388217496" name="v6"><vulner_values><impact>5</impact><cost>5</cost><risk>5</risk><probability>0.5</probability><defense_cost>15</defense_cost><exploitability>0.7009114148</exploitability></vulner_values></vulnerability></or></vulnerabilities></node><node id="212382905386425610665988281795968968886" name="User6"><host_values><impact>6</impact><risk>6</risk><probability>0.95</probability><defense_cost>15</defense_cost><cost>4</cost><threat_impact>{'E': 0.4, 'D': 0.0, 'I': 0.2, 'S': 0.3, 'R': 0.1, 'T': 0.0}</threat_impact><type>user</type><exploitability>0.7009114148</exploitability></host_values><vulnerabilities><or><vulnerability id="227803320288597104426432883555224785345" name="v5"><vulner_values><impact>6</impact><cost>4</cost><risk>6</risk><probability>0.6</probability><defense_cost>15</defense_cost><exploitability>0.7009114148</exploitability></vulner_values></vulnerability><vulnerability id="55712946811061688138002422447246399726" name="v6"><vulner_values><impact>5</impact><cost>5</cost><risk>5</risk><probability>0.5</probability><defense_cost>15</defense_cost><exploitability>0.7009114148</exploitability></vulner_values></vulnerability><vulnerability id="163783223056627497905130633984849344580" name="v6"><vulner_values><impact>5</impact><cost>5</cost><risk>5</risk><probability>0.5</probability><defense_cost>15</defense_cost><exploitability>0.7009114148</exploitability></vulner_values></vulnerability><vulnerability id="81524666157001099046659696382893904267" name="v6"><vulner_values><impact>5</impact><cost>5</cost><risk>5</risk><probability>0.5</probability><defense_cost>15</defense_cost><exploitability>0.7009114148</exploitability></vulner_values></vulnerability></or></vulnerabilities></node><node id="144696106405220424987887237158926290968" name="DB0"><host_values><impact>7</impact><defense_cost>15</defense_cost><cost>3</cost><risk>7</risk><probability>0.88</probability><threat_impact>{'E': 0.0, 'D': 0.3, 'I': 0.3, 'S': 0.0, 'R': 0.0, 'T': 0.4}</threat_impact><exploitability>0.563847301814</exploitability></host_values><vulnerabilities><or><vulnerability id="221428348625399452823928122486721583067" name="v7"><vulner_values><impact>7</impact><cost>3</cost><risk>7</risk><probability>0.7</probability><defense_cost>15</defense_cost><exploitability>0.563847301814</exploitability></vulner_values></vulnerability><vulnerability id="235125871581963706423180090054627381205" name="v8"><vulner_values><impact>6</impact><cost>4</cost><risk>6</risk><probability>0.6</probability><defense_cost>15</defense_cost><exploitability>0.563847301814</exploitability></vulner_values></vulnerability></or></vulnerabilities></node><node id="141941915077091390912563445443958330836" name="DB1"><host_values><impact>7</impact><defense_cost>15</defense_cost><cost>3</cost><risk>7</risk><probability>0.88</probability><threat_impact>{'E': 0.0, 'D': 0.3, 'I': 0.3, 'S': 0.0, 'R': 0.0, 'T': 0.4}</threat_impact><exploitability>0.563847301814</exploitability></host_values><vulnerabilities><or><vulnerability id="62324975105668757940437103613261178865" name="v7"><vulner_values><impact>7</impact><cost>3</cost><risk>7</risk><probability>0.7</probability><defense_cost>15</defense_cost><exploitability>0.563847301814</exploitability></vulner_values></vulnerability><vulnerability id="238234482359003840636747588363703315108" name="v8"><vulner_values><impact>6</impact><cost>4</cost><risk>6</risk><probability>0.6</probability><defense_cost>15</defense_cost><exploitability>0.563847301814</exploitability></vulner_values></vulnerability></or></vulnerabilities></node><node id="188535728607854240071740863631252299508" name="DB2"><host_values><impact>7</impact><defense_cost>15</defense_cost><cost>3</cost><risk>7</risk><probability>0.88</probability><threat_impact>{'E': 0.0, 'D': 0.3, 'I': 0.3, 'S': 0.0, 'R': 0.0, 'T': 0.4}</threat_impact><exploitability>0.563847301814</exploitability></host_values><vulnerabilities><or><vulnerability id="32321136935160441937308200528978678911" name="v7"><vulner_values><impact>7</impact><cost>3</cost><risk>7</risk><probability>0.7</probability><defense_cost>15</defense_cost><exploitability>0.563847301814</exploitability></vulner_values></vulnerability><vulnerability id="51402254966204903295238561219001498286" name="v8"><vulner_values><impact>6</impact><cost>4</cost><risk>6</risk><probability>0.6</probability><defense_cost>15</defense_cost><exploitability>0.563847301814</exploitability></vulner_values></vulnerability></or></vulnerabilities></node><node id="189759304470269857915347528866485300635" name="DB3"><host_values><impact>7</impact><defense_cost>15</defense_cost><cost>3</cost><risk>7</risk><probability>0.88</probability><threat_impact>{'E': 0.0, 'D': 0.3, 'I': 0.3, 'S': 0.0, 'R': 0.0, 'T': 0.4}</threat_impact><exploitability>0.563847301814</exploitability></host_values><vulnerabilities><or><vulnerability id="202588994095044086833522962848800370626" name="v7"><vulner_values><impact>7</impact><cost>3</cost><risk>7</risk><probability>0.7</probability><defense_cost>15</defense_cost><exploitability>0.563847301814</exploitability></vulner_values></vulnerability><vulnerability id="260231144350244114956546532634629089746" name="v8"><vulner_values><impact>6</impact><cost>4</cost><risk>6</risk><probability>0.6</probability><defense_cost>15</defense_cost><exploitability>0.563847301814</exploitability></vulner_values></vulnerability></or></vulnerabilities></node><node id="205137669501984717522226378395699435424" name="DB4"><host_values><impact>7</impact><defense_cost>15</defense_cost><cost>3</cost><risk>7</risk><probability>0.88</probability><threat_impact>{'E': 0.0, 'D': 0.3, 'I': 0.3, 'S': 0.0, 'R': 0.0, 'T': 0.4}</threat_impact><exploitability>0.563847301814</exploitability></host_values><vulnerabilities><or><vulnerability id="100510806728662811314129288534246109922" name="v7"><vulner_values><impact>7</impact><cost>3</cost><risk>7</risk><probability>0.7</probability><defense_cost>15</defense_cost><exploitability>0.563847301814</exploitability></vulner_values></vulnerability><vulnerability id="287722907198290957753467299482055878570" name="v8"><vulner_values><impact>6</impact><cost>4</cost><risk>6</risk><probability>0.6</probability><defense_cost>15</defense_cost><exploitability>0.563847301814</exploitability></vulner_values></vulnerability></or></vulnerabilities></node><node id="188524487617585747169383693233961432151" name="DB5"><host_values><impact>7</impact><defense_cost>15</defense_cost><cost>3</cost><risk>7</risk><probability>0.88</probability><threat_impact>{'E': 0.0, 'D': 0.3, 'I': 0.3, 'S': 0.0, 'R': 0.0, 'T': 0.4}</threat_impact><exploitability>0.563847301814</exploitability></host_values><vulnerabilities><or><vulnerability id="277829463605459753305000525444727042490" name="v7"><vulner_values><impact>7</impact><cost>3</cost><risk>7</risk><probability>0.7</probability><defense_cost>15</defense_cost><exploitability>0.563847301814</exploitability></vulner_values></vulnerability><vulnerability id="155641415337401914789102930438448253105" name="v8"><vulner_values><impact>6</impact><cost>4</cost><risk>6</risk><probability>0.6</probability><defense_cost>15</defense_cost><exploitability>0.563847301814</exploitability></vulner_values></vulnerability></or></vulnerabilities></node><node id="135866561297798313625840691635802056608" name="DB6"><host_values><impact>7</impact><defense_cost>15</defense_cost><cost>3</cost><risk>7</risk><probability>0.88</probability><threat_impact>{'E': 0.0, 'D': 0.3, 'I': 0.3, 'S': 0.0, 'R': 0.0, 'T': 0.4}</threat_impact><exploitability>0.563847301814</exploitability></host_values><vulnerabilities><or><vulnerability id="267075674240973420712772534638034145052" name="v7"><vulner_values><impact>7</impact><cost>3</cost><risk>7</risk><probability>0.7</probability><defense_cost>15</defense_cost><exploitability>0.563847301814</exploitability></vulner_values></vulnerability><vulnerability id="284123909910533413066146771821519320778" name="v8"><vulner_values><impact>6</impact><cost>4</cost><risk>6</risk><probability>0.6</probability><defense_cost>15</defense_cost><exploitability>0.563847301814</exploitability></vulner_values></vulnerability></or></vulnerabilities></node></nodes><edges><edge><source>0</source><target>7</target></edge><edge><source>0</source><target>5</target></edge><edge><source>0</source><target>3</target></edge><edge><source>1</source><target>4</target></edge><edge><source>1</source><target>7</target></edge><edge><source>1</source><target>2</target></edge><edge><source>1</source><target>3</target></edge><edge><source>2</source><target>17</target></edge><edge><source>2</source><target>18</target></edge><edge><source>2</source><target>4</target></edge><edge><source>2</source><target>12</target></edge><edge><source>2</source><target>19</target></edge><edge><source>2</source><target>9</target></edge><edge><source>2</source><target>11</target></edge><edge><source>2</source><target>21</target></edge><edge><source>2</source><target>13</target></edge><edge><source>2</source><target>14</target></edge><edge><source>2</source><target>15</target></edge><edge><source>4</source><target>17</target></edge><edge><source>4</source><target>18</target></edge><edge><source>4</source><target>12</target></edge><edge><source>4</source><target>7</target></edge><edge><source>4</source><target>19</target></edge><edge><source>4</source><target>9</target></edge><edge><source>4</source><target>11</target></edge><edge><source>4</source><target>21</target></edge><edge><source>4</source><target>13</target></edge><edge><source>4</source><target>14</target></edge><edge><source>4</source><target>15</target></edge><edge><source>4</source><target>1</target></edge><edge><source>5</source><target>17</target></edge><edge><source>5</source><target>18</target></edge><edge><source>5</source><target>12</target></edge><edge><source>5</source><target>19</target></edge><edge><source>5</source><target>9</target></edge><edge><source>5</source><target>11</target></edge><edge><source>5</source><target>21</target></edge><edge><source>5</source><target>13</target></edge><edge><source>5</source><target>14</target></edge><edge><source>5</source><target>15</target></edge><edge><source>5</source><target>2</target></edge><edge><source>6</source><target>17</target></edge><edge><source>6</source><target>18</target></edge><edge><source>6</source><target>12</target></edge><edge><source>6</source><target>19</target></edge><edge><source>6</source><target>9</target></edge><edge><source>6</source><target>11</target></edge><edge><source>6</source><target>21</target></edge><edge><source>6</source><target>13</target></edge><edge><source>6</source><target>14</target></edge><edge><source>6</source><target>15</target></edge><edge><source>6</source><target>2</target></edge><edge><source>7</source><target>17</target></edge><edge><source>7</source><target>5</target></edge><edge><source>7</source><target>18</target></edge><edge><source>7</source><target>12</target></edge><edge><source>7</source><target>19</target></edge><edge><source>7</source><target>9</target></edge><edge><source>7</source><target>11</target></edge><edge><source>7</source><target>21</target></edge><edge><source>7</source><target>13</target></edge><edge><source>7</source><target>14</target></edge><edge><source>7</source><target>15</target></edge><edge><source>7</source><target>2</target></edge><edge><source>8</source><target>12</target></edge><edge><source>9</source><target>13</target></edge><edge><source>9</source><target>8</target></edge><edge><source>9</source><target>10</target></edge><edge><source>9</source><target>22</target></edge><edge><source>9</source><target>23</target></edge><edge><source>9</source><target>25</target></edge><edge><source>9</source><target>26</target></edge><edge><source>9</source><target>28</target></edge><edge><source>10</source><target>12</target></edge><edge><source>11</source><target>10</target></edge><edge><source>11</source><target>22</target></edge><edge><source>11</source><target>23</target></edge><edge><source>11</source><target>25</target></edge><edge><source>11</source><target>26</target></edge><edge><source>11</source><target>28</target></edge><edge><source>12</source><target>13</target></edge><edge><source>12</source><target>22</target></edge><edge><source>12</source><target>14</target></edge><edge><source>12</source><target>25</target></edge><edge><source>12</source><target>26</target></edge><edge><source>12</source><target>23</target></edge><edge><source>12</source><target>28</target></edge><edge><source>13</source><target>22</target></edge><edge><source>13</source><target>25</target></edge><edge><source>13</source><target>26</target></edge><edge><source>13</source><target>23</target></edge><edge><source>13</source><target>28</target></edge><edge><source>14</source><target>22</target></edge><edge><source>14</source><target>25</target></edge><edge><source>14</source><target>26</target></edge><edge><source>14</source><target>23</target></edge><edge><source>14</source><target>28</target></edge><edge><source>15</source><target>17</target></edge><edge><source>15</source><target>19</target></edge><edge><source>16</source><target>15</target></edge><edge><source>16</source><target>18</target></edge><edge><source>17</source><target>16</target></edge><edge><source>17</source><target>18</target></edge><edge><source>18</source><target>20</target></edge><edge><source>19</source><target>16</target></edge><edge><source>19</source><target>18</target></edge><edge><source>20</source><target>18</target></edge><edge><source>21</source><target>17</target></edge><edge><source>21</source><target>22</target></edge><edge><source>21</source><target>18</target></edge><edge><source>22</source><target>25</target></edge><edge><source>23</source><target>26</target></edge><edge><source>24</source><target>26</target></edge><edge><source>24</source><target>22</target></edge><edge><source>25</source><target>27</target></edge><edge><source>26</source><target>27</target></edge><edge><source>26</source><target>18</target></edge><edge><source>28</source><target>25</target></edge><edge><source>28</source><target>26</target></edge><edge><source>28</source><target>23</target></edge></edges></harm>