<harm><nodes><node id="133996501842293541309138437040020415304" name="User0"><host_values><impact>10.0</impact><risk>9.1</risk><probability>0.6922</probability><defense_cost>5.0</defense_cost><cost>1.0</cost><threat_impact>{'E': 0.4, 'D': 0.0, 'I': 0.2, 'S': 0.3, 'R': 0.1, 'T': 0.0}</threat_impact><type>user</type><exploitability>0.640166110387</exploitability></host_values><vulnerabilities><or><vulnerability id="56560789778225142722132816564716813507" name="CVE-2017-2003"><vulner_values><impact>9.0</impact><cost>4.0</cost><risk>6.0</risk><probability>0.4</probability><defense_cost>10</defense_cost><exploitability>0.640166110387</exploitability></vulner_values></vulnerability><vulnerability id="286814114698314693684755758966080498135" name="CVE-2015-2004"><vulner_values><impact>2</impact><cost>5.7</cost><risk>4.3</risk><probability>0.43</probability><defense_cost>5.0</defense_cost><exploitability>0.640166110387</exploitability></vulner_values></vulnerability><vulnerability id="256336258766574256855544243416569219108" name="CVE-2017-2005"><vulner_values><impact>10.0</impact><cost>1.0</cost><risk>9.1</risk><probability>0.1</probability><defense_cost>10</defense_cost><exploitability>0.640166110387</exploitability></vulner_values></vulnerability></or></vulnerabilities></node><node id="142420200354886939785623603881276515612" name="User1"><host_values><impact>10.0</impact><risk>9.1</risk><probability>0.6922</probability><defense_cost>5.0</defense_cost><cost>1.0</cost><threat_impact>{'E': 0.4, 'D': 0.0, 'I': 0.2, 'S': 0.3, 'R': 0.1, 'T': 0.0}</threat_impact><type>user</type><exploitability>0.640166110387</exploitability></host_values><vulnerabilities><or><vulnerability id="154741741241717881756668108743832397701" name="CVE-2017-2003"><vulner_values><impact>9.0</impact><cost>4.0</cost><risk>6.0</risk><probability>0.4</probability><defense_cost>10</defense_cost><exploitability>0.640166110387</exploitability></vulner_values></vulnerability><vulnerability id="323914360474629547100005807132646535296" name="CVE-2015-2004"><vulner_values><impact>2</impact><cost>5.7</cost><risk>4.3</risk><probability>0.43</probability><defense_cost>5.0</defense_cost><exploitability>0.640166110387</exploitability></vulner_values></vulnerability><vulnerability id="63131405521454456564461152891909079961" name="CVE-2017-2005"><vulner_values><impact>10.0</impact><cost>1.0</cost><risk>9.1</risk><probability>0.1</probability><defense_cost>10</defense_cost><exploitability>0.640166110387</exploitability></vulner_values></vulnerability></or></vulnerabilities></node><node id="52697047941061204844824904287739272606" name="User2"><host_values><impact>10.0</impact><risk>9.1</risk><probability>0.6922</probability><defense_cost>5.0</defense_cost><cost>1.0</cost><threat_impact>{'E': 0.4, 'D': 0.0, 'I': 0.2, 'S': 0.3, 'R': 0.1, 'T': 0.0}</threat_impact><type>user</type><exploitability>0.640166110387</exploitability></host_values><vulnerabilities><or><vulnerability id="189824897616628214015881056621791587494" name="CVE-2017-2003"><vulner_values><impact>9.0</impact><cost>4.0</cost><risk>6.0</risk><probability>0.4</probability><defense_cost>10</defense_cost><exploitability>0.640166110387</exploitability></vulner_values></vulnerability><vulnerability id="145477217586731034666977741048060002911" name="CVE-2015-2004"><vulner_values><impact>2</impact><cost>5.7</cost><risk>4.3</risk><probability>0.43</probability><defense_cost>5.0</defense_cost><exploitability>0.640166110387</exploitability></vulner_values></vulnerability><vulnerability id="43609410351370880984765754286162911611" name="CVE-2017-2005"><vulner_values><impact>10.0</impact><cost>1.0</cost><risk>9.1</risk><probability>0.1</probability><defense_cost>10</defense_cost><exploitability>0.640166110387</exploitability></vulner_values></vulnerability></or></vulnerabilities></node><node id="237712131295633991507433013038100224067" name="User3"><host_values><impact>10.0</impact><risk>9.1</risk><probability>0.6922</probability><defense_cost>5.0</defense_cost><cost>1.0</cost><threat_impact>{'E': 0.4, 'D': 0.0, 'I': 0.2, 'S': 0.3, 'R': 0.1, 'T': 0.0}</threat_impact><type>user</type><exploitability>0.640166110387</exploitability></host_values><vulnerabilities><or><vulnerability id="89179238122801516893289787427980008396" name="CVE-2017-2003"><vulner_values><impact>9.0</impact><cost>4.0</cost><risk>6.0</risk><probability>0.4</probability><defense_cost>10</defense_cost><exploitability>0.640166110387</exploitability></vulner_values></vulnerability><vulnerability id="231560508123993493601539844330870724164" name="CVE-2015-2004"><vulner_values><impact>2</impact><cost>5.7</cost><risk>4.3</risk><probability>0.43</probability><defense_cost>5.0</defense_cost><exploitability>0.640166110387</exploitability></vulner_values></vulnerability><vulnerability id="236599462949662631580999985735422081997" name="CVE-2017-2005"><vulner_values><impact>10.0</impact><cost>1.0</cost><risk>9.1</risk><probability>0.1</probability><defense_cost>10</defense_cost><exploitability>0.640166110387</exploitability></vulner_values></vulnerability></or></vulnerabilities></node><node id="305308102518550614934229647086153895510" name="User4"><host_values><impact>10.0</impact><risk>9.1</risk><probability>0.6922</probability><defense_cost>5.0</defense_cost><cost>1.0</cost><threat_impact>{'E': 0.4, 'D': 0.0, 'I': 0.2, 'S': 0.3, 'R': 0.1, 'T': 0.0}</threat_impact><type>user</type><exploitability>0.640166110387</exploitability></host_values><vulnerabilities><or><vulnerability id="223954879784443040921580415483940255487" name="CVE-2017-2003"><vulner_values><impact>9.0</impact><cost>4.0</cost><risk>6.0</risk><probability>0.4</probability><defense_cost>10</defense_cost><exploitability>0.640166110387</exploitability></vulner_values></vulnerability><vulnerability id="339895206996612768508458729633034847601" name="CVE-2015-2004"><vulner_values><impact>2</impact><cost>5.7</cost><risk>4.3</risk><probability>0.43</probability><defense_cost>5.0</defense_cost><exploitability>0.640166110387</exploitability></vulner_values></vulnerability><vulnerability id="246887678931249634249507023121498926618" name="CVE-2017-2005"><vulner_values><impact>10.0</impact><cost>1.0</cost><risk>9.1</risk><probability>0.1</probability><defense_cost>10</defense_cost><exploitability>0.640166110387</exploitability></vulner_values></vulnerability></or></vulnerabilities></node><node id="164790348340563662392476903617980661155" name="User5"><host_values><impact>10.0</impact><risk>9.1</risk><probability>0.6922</probability><defense_cost>5.0</defense_cost><cost>1.0</cost><threat_impact>{'E': 0.4, 'D': 0.0, 'I': 0.2, 'S': 0.3, 'R': 0.1, 'T': 0.0}</threat_impact><type>user</type><exploitability>0.640166110387</exploitability></host_values><vulnerabilities><or><vulnerability id="144423828505693870827663539433923377393" name="CVE-2017-2003"><vulner_values><impact>9.0</impact><cost>4.0</cost><risk>6.0</risk><probability>0.4</probability><defense_cost>10</defense_cost><exploitability>0.640166110387</exploitability></vulner_values></vulnerability><vulnerability id="252907776665381124163744724538692170885" name="CVE-2015-2004"><vulner_values><impact>2</impact><cost>5.7</cost><risk>4.3</risk><probability>0.43</probability><defense_cost>5.0</defense_cost><exploitability>0.640166110387</exploitability></vulner_values></vulnerability><vulnerability id="204684407329863908337065325248688233592" name="CVE-2017-2005"><vulner_values><impact>10.0</impact><cost>1.0</cost><risk>9.1</risk><probability>0.1</probability><defense_cost>10</defense_cost><exploitability>0.640166110387</exploitability></vulner_values></vulnerability></or></vulnerabilities></node><node id="251363096626883406830192786546704384466" name="User6"><host_values><impact>10.0</impact><risk>9.1</risk><probability>0.6922</probability><defense_cost>5.0</defense_cost><cost>1.0</cost><threat_impact>{'E': 0.4, 'D': 0.0, 'I': 0.2, 'S': 0.3, 'R': 0.1, 'T': 0.0}</threat_impact><type>user</type><exploitability>0.640166110387</exploitability></host_values><vulnerabilities><or><vulnerability id="253351752359027408127731526005017216145" name="CVE-2017-2003"><vulner_values><impact>9.0</impact><cost>4.0</cost><risk>6.0</risk><probability>0.4</probability><defense_cost>10</defense_cost><exploitability>0.640166110387</exploitability></vulner_values></vulnerability><vulnerability id="212190417760565304546612125703138379754" name="CVE-2015-2004"><vulner_values><impact>2</impact><cost>5.7</cost><risk>4.3</risk><probability>0.43</probability><defense_cost>5.0</defense_cost><exploitability>0.640166110387</exploitability></vulner_values></vulnerability><vulnerability id="228367855143134731552480706845344455655" name="CVE-2017-2005"><vulner_values><impact>10.0</impact><cost>1.0</cost><risk>9.1</risk><probability>0.1</probability><defense_cost>10</defense_cost><exploitability>0.640166110387</exploitability></vulner_values></vulnerability></or></vulnerabilities></node><node id="303736021477387904752245500851629262074" name="User7"><host_values><impact>10.0</impact><risk>9.1</risk><probability>0.6922</probability><defense_cost>5.0</defense_cost><cost>1.0</cost><threat_impact>{'E': 0.4, 'D': 0.0, 'I': 0.2, 'S': 0.3, 'R': 0.1, 'T': 0.0}</threat_impact><type>user</type><exploitability>0.640166110387</exploitability></host_values><vulnerabilities><or><vulnerability id="83516842662340081997337507184009868469" name="CVE-2017-2003"><vulner_values><impact>9.0</impact><cost>4.0</cost><risk>6.0</risk><probability>0.4</probability><defense_cost>10</defense_cost><exploitability>0.640166110387</exploitability></vulner_values></vulnerability><vulnerability id="125985019706466582511762013348176944461" name="CVE-2015-2004"><vulner_values><impact>2</impact><cost>5.7</cost><risk>4.3</risk><probability>0.43</probability><defense_cost>5.0</defense_cost><exploitability>0.640166110387</exploitability></vulner_values></vulnerability><vulnerability id="336458878318523980460004637379114279568" name="CVE-2017-2005"><vulner_values><impact>10.0</impact><cost>1.0</cost><risk>9.1</risk><probability>0.1</probability><defense_cost>10</defense_cost><exploitability>0.640166110387</exploitability></vulner_values></vulnerability></or></vulnerabilities></node><node id="232926701438689413550354373946681669812" name="DB0"><host_values><impact>5.9</impact><risk>8.5</risk><probability>0.920395</probability><defense_cost>10</defense_cost><cost>2.5</cost><threat_impact>{'E': 0.0, 'D': 0.3, 'I': 0.3, 'S': 0.0, 'R': 0.0, 'T': 0.4}</threat_impact><type>database</type><exploitability>0.640166110387</exploitability></host_values><vulnerabilities><or><vulnerability id="290077626776725388985219490294798984903" name="CVE-2017-2006"><vulner_values><impact>5.0</impact><cost>2.5</cost><risk>8.5</risk><probability>0.85</probability><defense_cost>10</defense_cost><exploitability>0.640166110387</exploitability></vulner_values></vulnerability><vulnerability id="212841092587982788693940087403278259365" name="CVE-2017-10810"><vulner_values><impact>3.6</impact><cost>2.5</cost><risk>7.5</risk><probability>0.39</probability><defense_cost>15</defense_cost><exploitability>0.640166110387</exploitability></vulner_values></vulnerability><vulnerability id="142971821169806261498904035250517929017" name="CVE-2017-1297"><vulner_values><impact>5.9</impact><cost>2.8</cost><risk>7.3</risk><probability>0.13</probability><defense_cost>15</defense_cost><exploitability>0.640166110387</exploitability></vulner_values></vulnerability></or></vulnerabilities></node><node id="183014381222942923526584350717094826123" name="DB1"><host_values><impact>5.9</impact><risk>8.5</risk><probability>0.920395</probability><defense_cost>10</defense_cost><cost>2.5</cost><threat_impact>{'E': 0.0, 'D': 0.3, 'I': 0.3, 'S': 0.0, 'R': 0.0, 'T': 0.4}</threat_impact><type>database</type><exploitability>0.640166110387</exploitability></host_values><vulnerabilities><or><vulnerability id="100894682369330912181877599545093873826" name="CVE-2017-2006"><vulner_values><impact>5.0</impact><cost>2.5</cost><risk>8.5</risk><probability>0.85</probability><defense_cost>10</defense_cost><exploitability>0.640166110387</exploitability></vulner_values></vulnerability><vulnerability id="202936683541887344281759493719821177487" name="CVE-2017-10810"><vulner_values><impact>3.6</impact><cost>2.5</cost><risk>7.5</risk><probability>0.39</probability><defense_cost>15</defense_cost><exploitability>0.640166110387</exploitability></vulner_values></vulnerability><vulnerability id="332433925874076351976191007397316504151" name="CVE-2017-1297"><vulner_values><impact>5.9</impact><cost>2.8</cost><risk>7.3</risk><probability>0.13</probability><defense_cost>15</defense_cost><exploitability>0.640166110387</exploitability></vulner_values></vulnerability></or></vulnerabilities></node><node id="130264759204980321590674539850086596263" name="DB2"><host_values><impact>5.9</impact><risk>8.5</risk><probability>0.920395</probability><defense_cost>10</defense_cost><cost>2.5</cost><threat_impact>{'E': 0.0, 'D': 0.3, 'I': 0.3, 'S': 0.0, 'R': 0.0, 'T': 0.4}</threat_impact><type>database</type><exploitability>0.640166110387</exploitability></host_values><vulnerabilities><or><vulnerability id="28376672812840541531768873476191237772" name="CVE-2017-2006"><vulner_values><impact>5.0</impact><cost>2.5</cost><risk>8.5</risk><probability>0.85</probability><defense_cost>10</defense_cost><exploitability>0.640166110387</exploitability></vulner_values></vulnerability><vulnerability id="200049846146036359689374211846067812013" name="CVE-2017-10810"><vulner_values><impact>3.6</impact><cost>2.5</cost><risk>7.5</risk><probability>0.39</probability><defense_cost>15</defense_cost><exploitability>0.640166110387</exploitability></vulner_values></vulnerability><vulnerability id="279934054593310495323581310731388572141" name="CVE-2017-1297"><vulner_values><impact>5.9</impact><cost>2.8</cost><risk>7.3</risk><probability>0.13</probability><defense_cost>15</defense_cost><exploitability>0.640166110387</exploitability></vulner_values></vulnerability></or></vulnerabilities></node><node id="249323764163765666672700473002261759957" name="D 1"><host_values><impact>10.0</impact><risk>10.0</risk><probability>1.0</probability><asset_value>20</asset_value><cost>0.1</cost><defense_cost>10</defense_cost><type>user</type><exploitability>0.72</exploitability></host_values><vulnerabilities><or><vulnerability id="283011612680168881512533080138600019531" name="CVE-2017-2020"><vulner_values><impact>10.0</impact><cost>0.1</cost><risk>10.0</risk><probability>1.0</probability><defense_cost>10</defense_cost><exploitability>0.72</exploitability></vulner_values></vulnerability></or></vulnerabilities></node><node id="209572250801783806464458042657643454831" name="D 2"><host_values><impact>10.0</impact><risk>10.0</risk><probability>1.0</probability><asset_value>20</asset_value><cost>0.1</cost><defense_cost>10</defense_cost><type>user</type><exploitability>0.72</exploitability></host_values><vulnerabilities><or><vulnerability id="181778431809526967503873227538583510960" name="CVE-2017-2020"><vulner_values><impact>10.0</impact><cost>0.1</cost><risk>10.0</risk><probability>1.0</probability><defense_cost>10</defense_cost><exploitability>0.72</exploitability></vulner_values></vulnerability></or></vulnerabilities></node><node id="312710387720886032216001031572470642473" name="D 0"><host_values><impact>10.0</impact><risk>10.0</risk><probability>1.0</probability><asset_value>20</asset_value><cost>0.1</cost><defense_cost>10</defense_cost><type>user</type><exploitability>0.72</exploitability></host_values><vulnerabilities><or><vulnerability id="155221314208913752068191606931328934273" name="CVE-2017-2020"><vulner_values><impact>10.0</impact><cost>0.1</cost><risk>10.0</risk><probability>1.0</probability><defense_cost>10</defense_cost><exploitability>0.72</exploitability></vulner_values></vulnerability></or></vulnerabilities></node><node id="40293333864194748910646474619081045728" name="Attacker"/><node id="111473647108270541857686044692432157758" name="WS0"><host_values><impact>10.0</impact><risk>10.0</risk><probability>1.0</probability><defense_cost>10</defense_cost><cost>0.1</cost><threat_impact>{'E': 0.4, 'D': 0.2, 'I': 0.2, 'S': 0.2, 'R': 0.0, 'T': 0.0}</threat_impact><type>web server</type><exploitability>0.640166110387</exploitability></host_values><vulnerabilities><or><vulnerability id="157220419425925834671960810424048392373" name="CVE-2017-8589"><vulner_values><impact>10.0</impact><cost>0.1</cost><risk>10.0</risk><probability>1.0</probability><defense_cost>10</defense_cost><exploitability>0.640166110387</exploitability></vulner_values></vulnerability><vulnerability id="171370711592113034775980774288003587017" name="CVE-2017-9953"><vulner_values><impact>5.0</impact><cost>5.0</cost><risk>5.0</risk><probability>0.5</probability><defense_cost>10</defense_cost><exploitability>0.640166110387</exploitability></vulner_values></vulnerability><vulnerability id="162475768052325539490466469772298132689" name="CVE-2017-8464"><vulner_values><impact>9.0</impact><cost>0.7</cost><risk>9.3</risk><probability>0.93</probability><defense_cost>10</defense_cost><exploitability>0.640166110387</exploitability></vulner_values></vulnerability></or></vulnerabilities></node><node id="44749548618145719853268335420645026945" name="WS1"><host_values><impact>10.0</impact><risk>10.0</risk><probability>1.0</probability><defense_cost>10</defense_cost><cost>0.1</cost><threat_impact>{'E': 0.4, 'D': 0.2, 'I': 0.2, 'S': 0.2, 'R': 0.0, 'T': 0.0}</threat_impact><type>web server</type><exploitability>0.640166110387</exploitability></host_values><vulnerabilities><or><vulnerability id="182102429092033149388933701161833141056" name="CVE-2017-8589"><vulner_values><impact>10.0</impact><cost>0.1</cost><risk>10.0</risk><probability>1.0</probability><defense_cost>10</defense_cost><exploitability>0.640166110387</exploitability></vulner_values></vulnerability><vulnerability id="292044016980672237688163339300500670789" name="CVE-2017-9953"><vulner_values><impact>5.0</impact><cost>5.0</cost><risk>5.0</risk><probability>0.5</probability><defense_cost>10</defense_cost><exploitability>0.640166110387</exploitability></vulner_values></vulnerability><vulnerability id="153757506899668616905300634249191964933" name="CVE-2017-8464"><vulner_values><impact>9.0</impact><cost>0.7</cost><risk>9.3</risk><probability>0.93</probability><defense_cost>10</defense_cost><exploitability>0.640166110387</exploitability></vulner_values></vulnerability></or></vulnerabilities></node><node id="40627568656389298515226765154046973863" name="WS2"><host_values><impact>10.0</impact><risk>10.0</risk><probability>1.0</probability><defense_cost>10</defense_cost><cost>0.1</cost><threat_impact>{'E': 0.4, 'D': 0.2, 'I': 0.2, 'S': 0.2, 'R': 0.0, 'T': 0.0}</threat_impact><type>web server</type><exploitability>0.640166110387</exploitability></host_values><vulnerabilities><or><vulnerability id="177872886476780313622885992243901568714" name="CVE-2017-8589"><vulner_values><impact>10.0</impact><cost>0.1</cost><risk>10.0</risk><probability>1.0</probability><defense_cost>10</defense_cost><exploitability>0.640166110387</exploitability></vulner_values></vulnerability><vulnerability id="53742412070096079477082319084687620609" name="CVE-2017-9953"><vulner_values><impact>5.0</impact><cost>5.0</cost><risk>5.0</risk><probability>0.5</probability><defense_cost>10</defense_cost><exploitability>0.640166110387</exploitability></vulner_values></vulnerability><vulnerability id="8221021109758333460168722148050673737" name="CVE-2017-8464"><vulner_values><impact>9.0</impact><cost>0.7</cost><risk>9.3</risk><probability>0.93</probability><defense_cost>10</defense_cost><exploitability>0.640166110387</exploitability></vulner_values></vulnerability></or></vulnerabilities></node><node id="141793790802459499392460147803286942151" name="WS3"><host_values><impact>10.0</impact><risk>10.0</risk><probability>1.0</probability><defense_cost>10</defense_cost><cost>0.1</cost><threat_impact>{'E': 0.4, 'D': 0.2, 'I': 0.2, 'S': 0.2, 'R': 0.0, 'T': 0.0}</threat_impact><type>web server</type><exploitability>0.640166110387</exploitability></host_values><vulnerabilities><or><vulnerability id="199834917318742733569384146352390368946" name="CVE-2017-8589"><vulner_values><impact>10.0</impact><cost>0.1</cost><risk>10.0</risk><probability>1.0</probability><defense_cost>10</defense_cost><exploitability>0.640166110387</exploitability></vulner_values></vulnerability><vulnerability id="59001764629565190514183934363246065653" name="CVE-2017-9953"><vulner_values><impact>5.0</impact><cost>5.0</cost><risk>5.0</risk><probability>0.5</probability><defense_cost>10</defense_cost><exploitability>0.640166110387</exploitability></vulner_values></vulnerability><vulnerability id="240490337802179406716065432956557828667" name="CVE-2017-8464"><vulner_values><impact>9.0</impact><cost>0.7</cost><risk>9.3</risk><probability>0.93</probability><defense_cost>10</defense_cost><exploitability>0.640166110387</exploitability></vulner_values></vulnerability></or></vulnerabilities></node><node id="43488700461555080769586000101317972475" name="WS4"><host_values><impact>10.0</impact><risk>10.0</risk><probability>1.0</probability><defense_cost>10</defense_cost><cost>0.1</cost><threat_impact>{'E': 0.4, 'D': 0.2, 'I': 0.2, 'S': 0.2, 'R': 0.0, 'T': 0.0}</threat_impact><type>web server</type><exploitability>0.640166110387</exploitability></host_values><vulnerabilities><or><vulnerability id="211096912504805992980657437953776203787" name="CVE-2017-8589"><vulner_values><impact>10.0</impact><cost>0.1</cost><risk>10.0</risk><probability>1.0</probability><defense_cost>10</defense_cost><exploitability>0.640166110387</exploitability></vulner_values></vulnerability><vulnerability id="183495729881044466304214200178636480291" name="CVE-2017-9953"><vulner_values><impact>5.0</impact><cost>5.0</cost><risk>5.0</risk><probability>0.5</probability><defense_cost>10</defense_cost><exploitability>0.640166110387</exploitability></vulner_values></vulnerability><vulnerability id="5529482771066616539301588061876304795" name="CVE-2017-8464"><vulner_values><impact>9.0</impact><cost>0.7</cost><risk>9.3</risk><probability>0.93</probability><defense_cost>10</defense_cost><exploitability>0.640166110387</exploitability></vulner_values></vulnerability></or></vulnerabilities></node><node id="249720890825350607941909755818243806196" name="WS5"><host_values><impact>10.0</impact><risk>10.0</risk><probability>1.0</probability><defense_cost>10</defense_cost><cost>0.1</cost><threat_impact>{'E': 0.4, 'D': 0.2, 'I': 0.2, 'S': 0.2, 'R': 0.0, 'T': 0.0}</threat_impact><type>web server</type><exploitability>0.640166110387</exploitability></host_values><vulnerabilities><or><vulnerability id="39994505504481293487544558936843823868" name="CVE-2017-8589"><vulner_values><impact>10.0</impact><cost>0.1</cost><risk>10.0</risk><probability>1.0</probability><defense_cost>10</defense_cost><exploitability>0.640166110387</exploitability></vulner_values></vulnerability><vulnerability id="35594549036342157971999019939740729881" name="CVE-2017-9953"><vulner_values><impact>5.0</impact><cost>5.0</cost><risk>5.0</risk><probability>0.5</probability><defense_cost>10</defense_cost><exploitability>0.640166110387</exploitability></vulner_values></vulnerability><vulnerability id="209553599439520366041074579026556502038" name="CVE-2017-8464"><vulner_values><impact>9.0</impact><cost>0.7</cost><risk>9.3</risk><probability>0.93</probability><defense_cost>10</defense_cost><exploitability>0.640166110387</exploitability></vulner_values></vulnerability></or></vulnerabilities></node><node id="80085117928392650094937214342229731953" name="WS6"><host_values><impact>10.0</impact><risk>10.0</risk><probability>1.0</probability><defense_cost>10</defense_cost><cost>0.1</cost><threat_impact>{'E': 0.4, 'D': 0.2, 'I': 0.2, 'S': 0.2, 'R': 0.0, 'T': 0.0}</threat_impact><type>web server</type><exploitability>0.640166110387</exploitability></host_values><vulnerabilities><or><vulnerability id="188280279830154010907269913268961040646" name="CVE-2017-8589"><vulner_values><impact>10.0</impact><cost>0.1</cost><risk>10.0</risk><probability>1.0</probability><defense_cost>10</defense_cost><exploitability>0.640166110387</exploitability></vulner_values></vulnerability><vulnerability id="80953181966814468841298974056075099581" name="CVE-2017-9953"><vulner_values><impact>5.0</impact><cost>5.0</cost><risk>5.0</risk><probability>0.5</probability><defense_cost>10</defense_cost><exploitability>0.640166110387</exploitability></vulner_values></vulnerability><vulnerability id="130957778624368935782125948443274544401" name="CVE-2017-8464"><vulner_values><impact>9.0</impact><cost>0.7</cost><risk>9.3</risk><probability>0.93</probability><defense_cost>10</defense_cost><exploitability>0.640166110387</exploitability></vulner_values></vulnerability></or></vulnerabilities></node><node id="302227181994081015268643637959450994489" name="WS7"><host_values><impact>10.0</impact><risk>10.0</risk><probability>1.0</probability><defense_cost>10</defense_cost><cost>0.1</cost><threat_impact>{'E': 0.4, 'D': 0.2, 'I': 0.2, 'S': 0.2, 'R': 0.0, 'T': 0.0}</threat_impact><type>web server</type><exploitability>0.640166110387</exploitability></host_values><vulnerabilities><or><vulnerability id="21164064319834355987034560223867447818" name="CVE-2017-8589"><vulner_values><impact>10.0</impact><cost>0.1</cost><risk>10.0</risk><probability>1.0</probability><defense_cost>10</defense_cost><exploitability>0.640166110387</exploitability></vulner_values></vulnerability><vulnerability id="152943665913075327189028173251428569862" name="CVE-2017-9953"><vulner_values><impact>5.0</impact><cost>5.0</cost><risk>5.0</risk><probability>0.5</probability><defense_cost>10</defense_cost><exploitability>0.640166110387</exploitability></vulner_values></vulnerability><vulnerability id="101128679036677305195691573709985679546" name="CVE-2017-8464"><vulner_values><impact>9.0</impact><cost>0.7</cost><risk>9.3</risk><probability>0.93</probability><defense_cost>10</defense_cost><exploitability>0.640166110387</exploitability></vulner_values></vulnerability></or></vulnerabilities></node><node id="237966517295594238007183348874959105802" name="WS8"><host_values><impact>10.0</impact><risk>10.0</risk><probability>1.0</probability><defense_cost>10</defense_cost><cost>0.1</cost><threat_impact>{'E': 0.4, 'D': 0.2, 'I': 0.2, 'S': 0.2, 'R': 0.0, 'T': 0.0}</threat_impact><type>web server</type><exploitability>0.640166110387</exploitability></host_values><vulnerabilities><or><vulnerability id="116936338333028087861480544374896899986" name="CVE-2017-8589"><vulner_values><impact>10.0</impact><cost>0.1</cost><risk>10.0</risk><probability>1.0</probability><defense_cost>10</defense_cost><exploitability>0.640166110387</exploitability></vulner_values></vulnerability><vulnerability id="138862034605485587698634216490298503982" name="CVE-2017-9953"><vulner_values><impact>5.0</impact><cost>5.0</cost><risk>5.0</risk><probability>0.5</probability><defense_cost>10</defense_cost><exploitability>0.640166110387</exploitability></vulner_values></vulnerability><vulnerability id="191000431554699872373327821721198902189" name="CVE-2017-8464"><vulner_values><impact>9.0</impact><cost>0.7</cost><risk>9.3</risk><probability>0.93</probability><defense_cost>10</defense_cost><exploitability>0.640166110387</exploitability></vulner_values></vulnerability></or></vulnerabilities></node><node id="270251138880021200021332587540163910267" name="WS9"><host_values><impact>10.0</impact><risk>10.0</risk><probability>1.0</probability><defense_cost>10</defense_cost><cost>0.1</cost><threat_impact>{'E': 0.4, 'D': 0.2, 'I': 0.2, 'S': 0.2, 'R': 0.0, 'T': 0.0}</threat_impact><type>web server</type><exploitability>0.640166110387</exploitability></host_values><vulnerabilities><or><vulnerability id="129633803466928002640658323882838273922" name="CVE-2017-8589"><vulner_values><impact>10.0</impact><cost>0.1</cost><risk>10.0</risk><probability>1.0</probability><defense_cost>10</defense_cost><exploitability>0.640166110387</exploitability></vulner_values></vulnerability><vulnerability id="184146462515933797845663923380559215068" name="CVE-2017-9953"><vulner_values><impact>5.0</impact><cost>5.0</cost><risk>5.0</risk><probability>0.5</probability><defense_cost>10</defense_cost><exploitability>0.640166110387</exploitability></vulner_values></vulnerability><vulnerability id="65871285060824959757604261188210508914" name="CVE-2017-8464"><vulner_values><impact>9.0</impact><cost>0.7</cost><risk>9.3</risk><probability>0.93</probability><defense_cost>10</defense_cost><exploitability>0.640166110387</exploitability></vulner_values></vulnerability></or></vulnerabilities></node><node id="174351964652388181766352210036127508463" name="WS10"><host_values><impact>10.0</impact><risk>10.0</risk><probability>1.0</probability><defense_cost>10</defense_cost><cost>0.1</cost><threat_impact>{'E': 0.4, 'D': 0.2, 'I': 0.2, 'S': 0.2, 'R': 0.0, 'T': 0.0}</threat_impact><type>web server</type><exploitability>0.640166110387</exploitability></host_values><vulnerabilities><or><vulnerability id="48625725264034487702267937901545596220" name="CVE-2017-8589"><vulner_values><impact>10.0</impact><cost>0.1</cost><risk>10.0</risk><probability>1.0</probability><defense_cost>10</defense_cost><exploitability>0.640166110387</exploitability></vulner_values></vulnerability><vulnerability id="207708429896023480920229189898639720816" name="CVE-2017-9953"><vulner_values><impact>5.0</impact><cost>5.0</cost><risk>5.0</risk><probability>0.5</probability><defense_cost>10</defense_cost><exploitability>0.640166110387</exploitability></vulner_values></vulnerability><vulnerability id="48726640778604326111197498726138313294" name="CVE-2017-8464"><vulner_values><impact>9.0</impact><cost>0.7</cost><risk>9.3</risk><probability>0.93</probability><defense_cost>10</defense_cost><exploitability>0.640166110387</exploitability></vulner_values></vulnerability></or></vulnerabilities></node><node id="163960019061142932020182931859262786281" name="WS11"><host_values><impact>10.0</impact><risk>10.0</risk><probability>1.0</probability><defense_cost>10</defense_cost><cost>0.1</cost><threat_impact>{'E': 0.4, 'D': 0.2, 'I': 0.2, 'S': 0.2, 'R': 0.0, 'T': 0.0}</threat_impact><type>web server</type><exploitability>0.640166110387</exploitability></host_values><vulnerabilities><or><vulnerability id="174675120955013540957827344407746597401" name="CVE-2017-8589"><vulner_values><impact>10.0</impact><cost>0.1</cost><risk>10.0</risk><probability>1.0</probability><defense_cost>10</defense_cost><exploitability>0.640166110387</exploitability></vulner_values></vulnerability><vulnerability id="256584526683863948862442000923769842299" name="CVE-2017-9953"><vulner_values><impact>5.0</impact><cost>5.0</cost><risk>5.0</risk><probability>0.5</probability><defense_cost>10</defense_cost><exploitability>0.640166110387</exploitability></vulner_values></vulnerability><vulnerability id="299766190462039389566879070991866404399" name="CVE-2017-8464"><vulner_values><impact>9.0</impact><cost>0.7</cost><risk>9.3</risk><probability>0.93</probability><defense_cost>10</defense_cost><exploitability>0.640166110387</exploitability></vulner_values></vulnerability></or></vulnerabilities></node><node id="287264476111963192146887961804761832672" name="WS12"><host_values><impact>10.0</impact><risk>10.0</risk><probability>1.0</probability><defense_cost>10</defense_cost><cost>0.1</cost><threat_impact>{'E': 0.4, 'D': 0.2, 'I': 0.2, 'S': 0.2, 'R': 0.0, 'T': 0.0}</threat_impact><type>web server</type><exploitability>0.640166110387</exploitability></host_values><vulnerabilities><or><vulnerability id="34994905291789057054198781473890694049" name="CVE-2017-8589"><vulner_values><impact>10.0</impact><cost>0.1</cost><risk>10.0</risk><probability>1.0</probability><defense_cost>10</defense_cost><exploitability>0.640166110387</exploitability></vulner_values></vulnerability><vulnerability id="21434438222331583926158894272788487774" name="CVE-2017-9953"><vulner_values><impact>5.0</impact><cost>5.0</cost><risk>5.0</risk><probability>0.5</probability><defense_cost>10</defense_cost><exploitability>0.640166110387</exploitability></vulner_values></vulnerability><vulnerability id="265609736666205514083123322139959384673" name="CVE-2017-8464"><vulner_values><impact>9.0</impact><cost>0.7</cost><risk>9.3</risk><probability>0.93</probability><defense_cost>10</defense_cost><exploitability>0.640166110387</exploitability></vulner_values></vulnerability></or></vulnerabilities></node><node id="213465343516925981651593065110661981614" name="WS13"><host_values><impact>10.0</impact><risk>10.0</risk><probability>1.0</probability><defense_cost>10</defense_cost><cost>0.1</cost><threat_impact>{'E': 0.4, 'D': 0.2, 'I': 0.2, 'S': 0.2, 'R': 0.0, 'T': 0.0}</threat_impact><type>web server</type><exploitability>0.640166110387</exploitability></host_values><vulnerabilities><or><vulnerability id="186684232932614627640305662511782999178" name="CVE-2017-8589"><vulner_values><impact>10.0</impact><cost>0.1</cost><risk>10.0</risk><probability>1.0</probability><defense_cost>10</defense_cost><exploitability>0.640166110387</exploitability></vulner_values></vulnerability><vulnerability id="188895791959135831368597578301927597599" name="CVE-2017-9953"><vulner_values><impact>5.0</impact><cost>5.0</cost><risk>5.0</risk><probability>0.5</probability><defense_cost>10</defense_cost><exploitability>0.640166110387</exploitability></vulner_values></vulnerability><vulnerability id="199602287942933220148293581464575744923" name="CVE-2017-8464"><vulner_values><impact>9.0</impact><cost>0.7</cost><risk>9.3</risk><probability>0.93</probability><defense_cost>10</defense_cost><exploitability>0.640166110387</exploitability></vulner_values></vulnerability></or></vulnerabilities></node><node id="101110920427698769540954607587478440713" name="WS14"><host_values><impact>10.0</impact><risk>10.0</risk><probability>1.0</probability><defense_cost>10</defense_cost><cost>0.1</cost><threat_impact>{'E': 0.4, 'D': 0.2, 'I': 0.2, 'S': 0.2, 'R': 0.0, 'T': 0.0}</threat_impact><type>web server</type><exploitability>0.640166110387</exploitability></host_values><vulnerabilities><or><vulnerability id="116001361492240023550149369262590589816" name="CVE-2017-8589"><vulner_values><impact>10.0</impact><cost>0.1</cost><risk>10.0</risk><probability>1.0</probability><defense_cost>10</defense_cost><exploitability>0.640166110387</exploitability></vulner_values></vulnerability><vulnerability id="69712597132927322725543435791626394507" name="CVE-2017-9953"><vulner_values><impact>5.0</impact><cost>5.0</cost><risk>5.0</risk><probability>0.5</probability><defense_cost>10</defense_cost><exploitability>0.640166110387</exploitability></vulner_values></vulnerability><vulnerability id="222982386732127413659750798224478573870" name="CVE-2017-8464"><vulner_values><impact>9.0</impact><cost>0.7</cost><risk>9.3</risk><probability>0.93</probability><defense_cost>10</defense_cost><exploitability>0.640166110387</exploitability></vulner_values></vulnerability></or></vulnerabilities></node><node id="262042906087411167488525976366070621383" name="WS15"><host_values><impact>10.0</impact><risk>10.0</risk><probability>1.0</probability><defense_cost>10</defense_cost><cost>0.1</cost><threat_impact>{'E': 0.4, 'D': 0.2, 'I': 0.2, 'S': 0.2, 'R': 0.0, 'T': 0.0}</threat_impact><type>web server</type><exploitability>0.640166110387</exploitability></host_values><vulnerabilities><or><vulnerability id="49079278846709789947590249196675240705" name="CVE-2017-8589"><vulner_values><impact>10.0</impact><cost>0.1</cost><risk>10.0</risk><probability>1.0</probability><defense_cost>10</defense_cost><exploitability>0.640166110387</exploitability></vulner_values></vulnerability><vulnerability id="75643365729284529609966649833465045134" name="CVE-2017-9953"><vulner_values><impact>5.0</impact><cost>5.0</cost><risk>5.0</risk><probability>0.5</probability><defense_cost>10</defense_cost><exploitability>0.640166110387</exploitability></vulner_values></vulnerability><vulnerability id="190530681371253596447228985908840672631" name="CVE-2017-8464"><vulner_values><impact>9.0</impact><cost>0.7</cost><risk>9.3</risk><probability>0.93</probability><defense_cost>10</defense_cost><exploitability>0.640166110387</exploitability></vulner_values></vulnerability></or></vulnerabilities></node><node id="82837835558730021126479203557973302424" name="AS0"><host_values><impact>10.0</impact><risk>10.0</risk><probability>1.0</probability><defense_cost>5.0</defense_cost><cost>1</cost><threat_impact>{'E': 0.3, 'D': 0.2, 'I': 0.2, 'S': 0.0, 'R': 0.0, 'T': 0.3}</threat_impact><type>app server</type><exploitability>0.640166110387</exploitability></host_values><vulnerabilities><or><vulnerability id="274808554292278944928676316154454531941" name="CVE-2015-5479"><vulner_values><impact>2</impact><cost>5.7</cost><risk>4.3</risk><probability>0.43</probability><defense_cost>5.0</defense_cost><exploitability>0.640166110387</exploitability></vulner_values></vulnerability><vulnerability id="310186604392569446142986707798072331862" name="CVE-2017-2001"><vulner_values><impact>10.0</impact><cost>1</cost><risk>10.0</risk><probability>1.0</probability><defense_cost>10</defense_cost><exploitability>0.640166110387</exploitability></vulner_values></vulnerability><vulnerability id="109516416463282214623345147719146411470" name="CVE-2017-2002"><vulner_values><impact>5.0</impact><cost>3.0</cost><risk>7.0</risk><probability>0.7</probability><defense_cost>10</defense_cost><exploitability>0.640166110387</exploitability></vulner_values></vulnerability></or></vulnerabilities></node><node id="165279262402166047281887125470116885741" name="AS1"><host_values><impact>10.0</impact><risk>10.0</risk><probability>1.0</probability><defense_cost>5.0</defense_cost><cost>1</cost><threat_impact>{'E': 0.3, 'D': 0.2, 'I': 0.2, 'S': 0.0, 'R': 0.0, 'T': 0.3}</threat_impact><type>app server</type><exploitability>0.640166110387</exploitability></host_values><vulnerabilities><or><vulnerability id="269997628619909084565468884860146950157" name="CVE-2015-5479"><vulner_values><impact>2</impact><cost>5.7</cost><risk>4.3</risk><probability>0.43</probability><defense_cost>5.0</defense_cost><exploitability>0.640166110387</exploitability></vulner_values></vulnerability><vulnerability id="86787361619774579044407368415869842304" name="CVE-2017-2001"><vulner_values><impact>10.0</impact><cost>1</cost><risk>10.0</risk><probability>1.0</probability><defense_cost>10</defense_cost><exploitability>0.640166110387</exploitability></vulner_values></vulnerability><vulnerability id="260128867310157462993488438929273754664" name="CVE-2017-2002"><vulner_values><impact>5.0</impact><cost>3.0</cost><risk>7.0</risk><probability>0.7</probability><defense_cost>10</defense_cost><exploitability>0.640166110387</exploitability></vulner_values></vulnerability></or></vulnerabilities></node><node id="140646996258442997749732517795240200090" name="AS2"><host_values><impact>10.0</impact><risk>10.0</risk><probability>1.0</probability><defense_cost>5.0</defense_cost><cost>1</cost><threat_impact>{'E': 0.3, 'D': 0.2, 'I': 0.2, 'S': 0.0, 'R': 0.0, 'T': 0.3}</threat_impact><type>app server</type><exploitability>0.640166110387</exploitability></host_values><vulnerabilities><or><vulnerability id="169542193194810679685981535558532648703" name="CVE-2015-5479"><vulner_values><impact>2</impact><cost>5.7</cost><risk>4.3</risk><probability>0.43</probability><defense_cost>5.0</defense_cost><exploitability>0.640166110387</exploitability></vulner_values></vulnerability><vulnerability id="30723811511167481645600611037578185275" name="CVE-2017-2001"><vulner_values><impact>10.0</impact><cost>1</cost><risk>10.0</risk><probability>1.0</probability><defense_cost>10</defense_cost><exploitability>0.640166110387</exploitability></vulner_values></vulnerability><vulnerability id="78691668034796263276870885107789730626" name="CVE-2017-2002"><vulner_values><impact>5.0</impact><cost>3.0</cost><risk>7.0</risk><probability>0.7</probability><defense_cost>10</defense_cost><exploitability>0.640166110387</exploitability></vulner_values></vulnerability></or></vulnerabilities></node><node id="111897494591182287128682015892417439354" name="AS3"><host_values><impact>10.0</impact><risk>10.0</risk><probability>1.0</probability><defense_cost>5.0</defense_cost><cost>1</cost><threat_impact>{'E': 0.3, 'D': 0.2, 'I': 0.2, 'S': 0.0, 'R': 0.0, 'T': 0.3}</threat_impact><type>app server</type><exploitability>0.640166110387</exploitability></host_values><vulnerabilities><or><vulnerability id="30915792832875282501895661824680061733" name="CVE-2015-5479"><vulner_values><impact>2</impact><cost>5.7</cost><risk>4.3</risk><probability>0.43</probability><defense_cost>5.0</defense_cost><exploitability>0.640166110387</exploitability></vulner_values></vulnerability><vulnerability id="225111151554654172642103555452287608411" name="CVE-2017-2001"><vulner_values><impact>10.0</impact><cost>1</cost><risk>10.0</risk><probability>1.0</probability><defense_cost>10</defense_cost><exploitability>0.640166110387</exploitability></vulner_values></vulnerability><vulnerability id="296374010042463665134763384984387671617" name="CVE-2017-2002"><vulner_values><impact>5.0</impact><cost>3.0</cost><risk>7.0</risk><probability>0.7</probability><defense_cost>10</defense_cost><exploitability>0.640166110387</exploitability></vulner_values></vulnerability></or></vulnerabilities></node><node id="151991253146518309832972368201664442416" name="AS4"><host_values><impact>10.0</impact><risk>10.0</risk><probability>1.0</probability><defense_cost>5.0</defense_cost><cost>1</cost><threat_impact>{'E': 0.3, 'D': 0.2, 'I': 0.2, 'S': 0.0, 'R': 0.0, 'T': 0.3}</threat_impact><type>app server</type><exploitability>0.640166110387</exploitability></host_values><vulnerabilities><or><vulnerability id="191299145815554467768937383456100988911" name="CVE-2015-5479"><vulner_values><impact>2</impact><cost>5.7</cost><risk>4.3</risk><probability>0.43</probability><defense_cost>5.0</defense_cost><exploitability>0.640166110387</exploitability></vulner_values></vulnerability><vulnerability id="9983113048605107202978363889479465396" name="CVE-2017-2001"><vulner_values><impact>10.0</impact><cost>1</cost><risk>10.0</risk><probability>1.0</probability><defense_cost>10</defense_cost><exploitability>0.640166110387</exploitability></vulner_values></vulnerability><vulnerability id="110160245119725559684310029798798100615" name="CVE-2017-2002"><vulner_values><impact>5.0</impact><cost>3.0</cost><risk>7.0</risk><probability>0.7</probability><defense_cost>10</defense_cost><exploitability>0.640166110387</exploitability></vulner_values></vulnerability></or></vulnerabilities></node><node id="15637446174394082157933346280139315130" name="AS5"><host_values><impact>10.0</impact><risk>10.0</risk><probability>1.0</probability><defense_cost>5.0</defense_cost><cost>1</cost><threat_impact>{'E': 0.3, 'D': 0.2, 'I': 0.2, 'S': 0.0, 'R': 0.0, 'T': 0.3}</threat_impact><type>app server</type><exploitability>0.640166110387</exploitability></host_values><vulnerabilities><or><vulnerability id="250966603191308630539606602623426012198" name="CVE-2015-5479"><vulner_values><impact>2</impact><cost>5.7</cost><risk>4.3</risk><probability>0.43</probability><defense_cost>5.0</defense_cost><exploitability>0.640166110387</exploitability></vulner_values></vulnerability><vulnerability id="226922455203943869350812358643839142586" name="CVE-2017-2001"><vulner_values><impact>10.0</impact><cost>1</cost><risk>10.0</risk><probability>1.0</probability><defense_cost>10</defense_cost><exploitability>0.640166110387</exploitability></vulner_values></vulnerability><vulnerability id="90328952306161971100531676725596807380" name="CVE-2017-2002"><vulner_values><impact>5.0</impact><cost>3.0</cost><risk>7.0</risk><probability>0.7</probability><defense_cost>10</defense_cost><exploitability>0.640166110387</exploitability></vulner_values></vulnerability></or></vulnerabilities></node><node id="165723824032299031776430263990323520525" name="AS6"><host_values><impact>10.0</impact><risk>10.0</risk><probability>1.0</probability><defense_cost>5.0</defense_cost><cost>1</cost><threat_impact>{'E': 0.3, 'D': 0.2, 'I': 0.2, 'S': 0.0, 'R': 0.0, 'T': 0.3}</threat_impact><type>app server</type><exploitability>0.640166110387</exploitability></host_values><vulnerabilities><or><vulnerability id="310310256505211861354127501389352742037" name="CVE-2015-5479"><vulner_values><impact>2</impact><cost>5.7</cost><risk>4.3</risk><probability>0.43</probability><defense_cost>5.0</defense_cost><exploitability>0.640166110387</exploitability></vulner_values></vulnerability><vulnerability id="147916053991303639057389929605146077041" name="CVE-2017-2001"><vulner_values><impact>10.0</impact><cost>1</cost><risk>10.0</risk><probability>1.0</probability><defense_cost>10</defense_cost><exploitability>0.640166110387</exploitability></vulner_values></vulnerability><vulnerability id="118855211827614845068932493030364154000" name="CVE-2017-2002"><vulner_values><impact>5.0</impact><cost>3.0</cost><risk>7.0</risk><probability>0.7</probability><defense_cost>10</defense_cost><exploitability>0.640166110387</exploitability></vulner_values></vulnerability></or></vulnerabilities></node><node id="281421529569178745993304962767752907353" name="AS7"><host_values><impact>10.0</impact><risk>10.0</risk><probability>1.0</probability><defense_cost>5.0</defense_cost><cost>1</cost><threat_impact>{'E': 0.3, 'D': 0.2, 'I': 0.2, 'S': 0.0, 'R': 0.0, 'T': 0.3}</threat_impact><type>app server</type><exploitability>0.640166110387</exploitability></host_values><vulnerabilities><or><vulnerability id="330431938789365981619624573849080194928" name="CVE-2015-5479"><vulner_values><impact>2</impact><cost>5.7</cost><risk>4.3</risk><probability>0.43</probability><defense_cost>5.0</defense_cost><exploitability>0.640166110387</exploitability></vulner_values></vulnerability><vulnerability id="143104952785250107140667964552032433592" name="CVE-2017-2001"><vulner_values><impact>10.0</impact><cost>1</cost><risk>10.0</risk><probability>1.0</probability><defense_cost>10</defense_cost><exploitability>0.640166110387</exploitability></vulner_values></vulnerability><vulnerability id="273153242953558207661297281519497888531" name="CVE-2017-2002"><vulner_values><impact>5.0</impact><cost>3.0</cost><risk>7.0</risk><probability>0.7</probability><defense_cost>10</defense_cost><exploitability>0.640166110387</exploitability></vulner_values></vulnerability></or></vulnerabilities></node><node id="221735632647150788724025950610130968447" name="AS8"><host_values><impact>10.0</impact><risk>10.0</risk><probability>1.0</probability><defense_cost>5.0</defense_cost><cost>1</cost><threat_impact>{'E': 0.3, 'D': 0.2, 'I': 0.2, 'S': 0.0, 'R': 0.0, 'T': 0.3}</threat_impact><type>app server</type><exploitability>0.640166110387</exploitability></host_values><vulnerabilities><or><vulnerability id="26427609136901610522180840468307770744" name="CVE-2015-5479"><vulner_values><impact>2</impact><cost>5.7</cost><risk>4.3</risk><probability>0.43</probability><defense_cost>5.0</defense_cost><exploitability>0.640166110387</exploitability></vulner_values></vulnerability><vulnerability id="92977790848598865795804224279225553734" name="CVE-2017-2001"><vulner_values><impact>10.0</impact><cost>1</cost><risk>10.0</risk><probability>1.0</probability><defense_cost>10</defense_cost><exploitability>0.640166110387</exploitability></vulner_values></vulnerability><vulnerability id="290473487148207478299195422457180637388" name="CVE-2017-2002"><vulner_values><impact>5.0</impact><cost>3.0</cost><risk>7.0</risk><probability>0.7</probability><defense_cost>10</defense_cost><exploitability>0.640166110387</exploitability></vulner_values></vulnerability></or></vulnerabilities></node><node id="262193338411349411213665435956146677724" name="AS9"><host_values><impact>10.0</impact><risk>10.0</risk><probability>1.0</probability><defense_cost>5.0</defense_cost><cost>1</cost><threat_impact>{'E': 0.3, 'D': 0.2, 'I': 0.2, 'S': 0.0, 'R': 0.0, 'T': 0.3}</threat_impact><type>app server</type><exploitability>0.640166110387</exploitability></host_values><vulnerabilities><or><vulnerability id="59993908981858494846961247503193694722" name="CVE-2015-5479"><vulner_values><impact>2</impact><cost>5.7</cost><risk>4.3</risk><probability>0.43</probability><defense_cost>5.0</defense_cost><exploitability>0.640166110387</exploitability></vulner_values></vulnerability><vulnerability id="110829364284476950369469060732503981486" name="CVE-2017-2001"><vulner_values><impact>10.0</impact><cost>1</cost><risk>10.0</risk><probability>1.0</probability><defense_cost>10</defense_cost><exploitability>0.640166110387</exploitability></vulner_values></vulnerability><vulnerability id="3974830961322228910968811420195003876" name="CVE-2017-2002"><vulner_values><impact>5.0</impact><cost>3.0</cost><risk>7.0</risk><probability>0.7</probability><defense_cost>10</defense_cost><exploitability>0.640166110387</exploitability></vulner_values></vulnerability></or></vulnerabilities></node><node id="77571351985409204851938886542689752130" name="AS10"><host_values><impact>10.0</impact><risk>10.0</risk><probability>1.0</probability><defense_cost>5.0</defense_cost><cost>1</cost><threat_impact>{'E': 0.3, 'D': 0.2, 'I': 0.2, 'S': 0.0, 'R': 0.0, 'T': 0.3}</threat_impact><type>app server</type><exploitability>0.640166110387</exploitability></host_values><vulnerabilities><or><vulnerability id="5474361006866582932021577430394870087" name="CVE-2015-5479"><vulner_values><impact>2</impact><cost>5.7</cost><risk>4.3</risk><probability>0.43</probability><defense_cost>5.0</defense_cost><exploitability>0.640166110387</exploitability></vulner_values></vulnerability><vulnerability id="220897043533306498005211732438555005403" name="CVE-2017-2001"><vulner_values><impact>10.0</impact><cost>1</cost><risk>10.0</risk><probability>1.0</probability><defense_cost>10</defense_cost><exploitability>0.640166110387</exploitability></vulner_values></vulnerability><vulnerability id="215840515770624076343720609467317473458" name="CVE-2017-2002"><vulner_values><impact>5.0</impact><cost>3.0</cost><risk>7.0</risk><probability>0.7</probability><defense_cost>10</defense_cost><exploitability>0.640166110387</exploitability></vulner_values></vulnerability></or></vulnerabilities></node><node id="298786747445442920034714356605376864510" name="AS11"><host_values><impact>10.0</impact><risk>10.0</risk><probability>1.0</probability><defense_cost>5.0</defense_cost><cost>1</cost><threat_impact>{'E': 0.3, 'D': 0.2, 'I': 0.2, 'S': 0.0, 'R': 0.0, 'T': 0.3}</threat_impact><type>app server</type><exploitability>0.640166110387</exploitability></host_values><vulnerabilities><or><vulnerability id="60584966275811519966444706358332561134" name="CVE-2015-5479"><vulner_values><impact>2</impact><cost>5.7</cost><risk>4.3</risk><probability>0.43</probability><defense_cost>5.0</defense_cost><exploitability>0.640166110387</exploitability></vulner_values></vulnerability><vulnerability id="202427003991963188717815908818092467979" name="CVE-2017-2001"><vulner_values><impact>10.0</impact><cost>1</cost><risk>10.0</risk><probability>1.0</probability><defense_cost>10</defense_cost><exploitability>0.640166110387</exploitability></vulner_values></vulnerability><vulnerability id="153613773104139918478228934668503885213" name="CVE-2017-2002"><vulner_values><impact>5.0</impact><cost>3.0</cost><risk>7.0</risk><probability>0.7</probability><defense_cost>10</defense_cost><exploitability>0.640166110387</exploitability></vulner_values></vulnerability></or></vulnerabilities></node></nodes><edges><edge><source>0</source><target>6</target></edge><edge><source>0</source><target>7</target></edge><edge><source>1</source><target>6</target></edge><edge><source>2</source><target>4</target></edge><edge><source>2</source><target>6</target></edge><edge><source>2</source><target>5</target></edge><edge><source>4</source><target>3</target></edge><edge><source>5</source><target>30</target></edge><edge><source>5</source><target>13</target></edge><edge><source>5</source><target>0</target></edge><edge><source>5</source><target>1</target></edge><edge><source>5</source><target>7</target></edge><edge><source>6</source><target>2</target></edge><edge><source>6</source><target>5</target></edge><edge><source>7</source><target>4</target></edge><edge><source>7</source><target>3</target></edge><edge><source>7</source><target>5</target></edge><edge><source>8</source><target>9</target></edge><edge><source>14</source><target>18</target></edge><edge><source>15</source><target>30</target></edge><edge><source>15</source><target>6</target></edge><edge><source>15</source><target>39</target></edge><edge><source>15</source><target>5</target></edge><edge><source>15</source><target>36</target></edge><edge><source>16</source><target>23</target></edge><edge><source>16</source><target>12</target></edge><edge><source>16</source><target>11</target></edge><edge><source>17</source><target>15</target></edge><edge><source>17</source><target>27</target></edge><edge><source>18</source><target>26</target></edge><edge><source>19</source><target>30</target></edge><edge><source>19</source><target>29</target></edge><edge><source>20</source><target>19</target></edge><edge><source>20</source><target>21</target></edge><edge><source>21</source><target>19</target></edge><edge><source>21</source><target>36</target></edge><edge><source>21</source><target>39</target></edge><edge><source>21</source><target>5</target></edge><edge><source>21</source><target>6</target></edge><edge><source>21</source><target>17</target></edge><edge><source>21</source><target>18</target></edge><edge><source>22</source><target>24</target></edge><edge><source>23</source><target>16</target></edge><edge><source>23</source><target>21</target></edge><edge><source>23</source><target>11</target></edge><edge><source>23</source><target>40</target></edge><edge><source>23</source><target>15</target></edge><edge><source>23</source><target>28</target></edge><edge><source>24</source><target>19</target></edge><edge><source>24</source><target>28</target></edge><edge><source>24</source><target>17</target></edge><edge><source>25</source><target>15</target></edge><edge><source>25</source><target>26</target></edge><edge><source>25</source><target>16</target></edge><edge><source>26</source><target>16</target></edge><edge><source>26</source><target>29</target></edge><edge><source>27</source><target>15</target></edge><edge><source>27</source><target>26</target></edge><edge><source>27</source><target>21</target></edge><edge><source>30</source><target>26</target></edge><edge><source>30</source><target>28</target></edge><edge><source>30</source><target>22</target></edge><edge><source>31</source><target>41</target></edge><edge><source>32</source><target>31</target></edge><edge><source>33</source><target>38</target></edge><edge><source>33</source><target>39</target></edge><edge><source>34</source><target>33</target></edge><edge><source>34</source><target>36</target></edge><edge><source>34</source><target>37</target></edge><edge><source>35</source><target>33</target></edge><edge><source>35</source><target>32</target></edge><edge><source>36</source><target>8</target></edge><edge><source>36</source><target>39</target></edge><edge><source>36</source><target>10</target></edge><edge><source>36</source><target>42</target></edge><edge><source>37</source><target>34</target></edge><edge><source>37</source><target>40</target></edge><edge><source>38</source><target>42</target></edge><edge><source>39</source><target>8</target></edge><edge><source>39</source><target>10</target></edge><edge><source>39</source><target>40</target></edge><edge><source>40</source><target>41</target></edge><edge><source>40</source><target>31</target></edge><edge><source>41</source><target>34</target></edge><edge><source>41</source><target>38</target></edge><edge><source>41</source><target>31</target></edge><edge><source>41</source><target>39</target></edge></edges></harm>