<harm><nodes><node id="101106876172463255460841105385449366674" name="VM 3"><host_values><impact>2</impact><risk>2.1</risk><probability>0.21</probability><variant>2</variant><asset_value>20</asset_value><cost>7.9</cost><defense_cost>10</defense_cost><exploitability>0.38</exploitability></host_values><vulnerabilities><or><vulnerability id="165525551669625042051477565854875982606" name="CVE-2014-5270"><vulner_values><impact>2</impact><cost>7.9</cost><risk>2.1</risk><probability>0.21</probability><defense_cost>10</defense_cost><exploitability>0.38</exploitability></vulner_values></vulnerability></or></vulnerabilities></node><node id="105360291770060419479467700170392020605" name="VM 2"><host_values><impact>2</impact><risk>2.1</risk><probability>0.21</probability><variant>2</variant><asset_value>20</asset_value><cost>7.9</cost><defense_cost>10</defense_cost><exploitability>0.37</exploitability></host_values><vulnerabilities><or><vulnerability id="33968144498384314915988831344184388163" name="CVE-2014-5270"><vulner_values><impact>2</impact><cost>7.9</cost><risk>2.1</risk><probability>0.21</probability><defense_cost>10</defense_cost><exploitability>0.37</exploitability></vulner_values></vulnerability></or></vulnerabilities></node><node id="326064600165726026493624139218905977666" name="VM 0"><host_values><impact>2</impact><risk>2.1</risk><probability>0.21</probability><variant>3</variant><asset_value>20</asset_value><cost>7.9</cost><defense_cost>10</defense_cost><exploitability>0.24</exploitability></host_values><vulnerabilities><or><vulnerability id="195838728618008345953951728936955974308" name="CVE-2014-5270"><vulner_values><impact>2</impact><cost>7.9</cost><risk>2.1</risk><probability>0.21</probability><defense_cost>10</defense_cost><exploitability>0.24</exploitability></vulner_values></vulnerability></or></vulnerabilities></node><node id="46559371108562239140871027458960530912" name="VM 12"><host_values><impact>2</impact><risk>2.1</risk><probability>0.21</probability><variant>2</variant><asset_value>20</asset_value><cost>7.9</cost><defense_cost>10</defense_cost><exploitability>0.26</exploitability></host_values><vulnerabilities><or><vulnerability id="13078962865112794304962271621621925130" name="CVE-2014-5270"><vulner_values><impact>2</impact><cost>7.9</cost><risk>2.1</risk><probability>0.21</probability><defense_cost>10</defense_cost><exploitability>0.26</exploitability></vulner_values></vulnerability></or></vulnerabilities></node><node id="7465364990715861551370166740718860210" name="VM 8"><host_values><impact>2</impact><risk>2.1</risk><probability>0.21</probability><variant>1</variant><asset_value>20</asset_value><cost>7.9</cost><defense_cost>10</defense_cost><exploitability>0.23</exploitability></host_values><vulnerabilities><or><vulnerability id="310157577673217433170535515749949290137" name="CVE-2014-5270"><vulner_values><impact>2</impact><cost>7.9</cost><risk>2.1</risk><probability>0.21</probability><defense_cost>10</defense_cost><exploitability>0.23</exploitability></vulner_values></vulnerability></or></vulnerabilities></node><node id="283408634865048649958261438661086728034" name="VM 13"><host_values><impact>2</impact><risk>2.1</risk><probability>0.21</probability><variant>2</variant><asset_value>20</asset_value><cost>7.9</cost><defense_cost>10</defense_cost><exploitability>0.8</exploitability></host_values><vulnerabilities><or><vulnerability id="126446151239365647371689840882317504056" name="CVE-2014-5270"><vulner_values><impact>2</impact><cost>7.9</cost><risk>2.1</risk><probability>0.21</probability><defense_cost>10</defense_cost><exploitability>0.8</exploitability></vulner_values></vulnerability></or></vulnerabilities></node><node id="132253493983527320318871013717988501263" name="VM 9"><host_values><impact>2</impact><risk>2.1</risk><probability>0.21</probability><variant>1</variant><asset_value>20</asset_value><cost>7.9</cost><defense_cost>10</defense_cost><exploitability>0.93</exploitability></host_values><vulnerabilities><or><vulnerability id="336440404174538845330991576299096957471" name="CVE-2014-5270"><vulner_values><impact>2</impact><cost>7.9</cost><risk>2.1</risk><probability>0.21</probability><defense_cost>10</defense_cost><exploitability>0.93</exploitability></vulner_values></vulnerability></or></vulnerabilities></node><node id="31185347823924689616958219368514509398" name="VM 7"><host_values><impact>2</impact><risk>2.1</risk><probability>0.21</probability><variant>3</variant><asset_value>20</asset_value><cost>7.9</cost><defense_cost>10</defense_cost><exploitability>0.11</exploitability></host_values><vulnerabilities><or><vulnerability id="67501138212641407335129948313838186763" name="CVE-2014-5270"><vulner_values><impact>2</impact><cost>7.9</cost><risk>2.1</risk><probability>0.21</probability><defense_cost>10</defense_cost><exploitability>0.11</exploitability></vulner_values></vulnerability></or></vulnerabilities></node><node id="177657593460801178890984153084954962630" name="Attacker"/><node id="234055987556788704984055515716262684128" name="VM 6"><host_values><impact>2</impact><risk>2.1</risk><probability>0.21</probability><variant>3</variant><asset_value>20</asset_value><cost>7.9</cost><defense_cost>10</defense_cost><exploitability>0.37</exploitability></host_values><vulnerabilities><or><vulnerability id="233989034381752238283478972437108483206" name="CVE-2014-5270"><vulner_values><impact>2</impact><cost>7.9</cost><risk>2.1</risk><probability>0.21</probability><defense_cost>10</defense_cost><exploitability>0.37</exploitability></vulner_values></vulnerability></or></vulnerabilities></node><node id="203513811723648740153772700150188062434" name="VM 15"><host_values><impact>2</impact><risk>2.1</risk><probability>0.21</probability><variant>3</variant><asset_value>20</asset_value><cost>7.9</cost><defense_cost>10</defense_cost><exploitability>0.98</exploitability></host_values><vulnerabilities><or><vulnerability id="85174488390007668821361862793115176190" name="CVE-2014-5270"><vulner_values><impact>2</impact><cost>7.9</cost><risk>2.1</risk><probability>0.21</probability><defense_cost>10</defense_cost><exploitability>0.98</exploitability></vulner_values></vulnerability></or></vulnerabilities></node><node id="279724790720811447366688004677713486590" name="VM 14"><host_values><impact>2</impact><risk>2.1</risk><probability>0.21</probability><variant>1</variant><asset_value>20</asset_value><cost>7.9</cost><defense_cost>10</defense_cost><exploitability>0.64</exploitability></host_values><vulnerabilities><or><vulnerability id="86260388207049618085359761556678425612" name="CVE-2014-5270"><vulner_values><impact>2</impact><cost>7.9</cost><risk>2.1</risk><probability>0.21</probability><defense_cost>10</defense_cost><exploitability>0.64</exploitability></vulner_values></vulnerability></or></vulnerabilities></node><node id="109451949579218759121926051959434110240" name="VM 16"><host_values><impact>2</impact><risk>2.1</risk><probability>0.21</probability><variant>3</variant><asset_value>20</asset_value><cost>7.9</cost><defense_cost>10</defense_cost><exploitability>0.24</exploitability></host_values><vulnerabilities><or><vulnerability id="336402069325629509552713276570588165219" name="CVE-2014-5270"><vulner_values><impact>2</impact><cost>7.9</cost><risk>2.1</risk><probability>0.21</probability><defense_cost>10</defense_cost><exploitability>0.24</exploitability></vulner_values></vulnerability></or></vulnerabilities></node><node id="246715739879010395101829415371657034010" name="VM 1"><host_values><impact>2</impact><risk>2.1</risk><probability>0.21</probability><variant>1</variant><asset_value>20</asset_value><cost>7.9</cost><defense_cost>10</defense_cost><exploitability>0.77</exploitability></host_values><vulnerabilities><or><vulnerability id="338434315864327537944357917835007197812" name="CVE-2014-5270"><vulner_values><impact>2</impact><cost>7.9</cost><risk>2.1</risk><probability>0.21</probability><defense_cost>10</defense_cost><exploitability>0.77</exploitability></vulner_values></vulnerability></or></vulnerabilities></node><node id="54835934176731549498906973195022769268" name="VM 5"><host_values><impact>2</impact><risk>2.1</risk><probability>0.21</probability><variant>1</variant><asset_value>20</asset_value><cost>7.9</cost><defense_cost>10</defense_cost><exploitability>0.37</exploitability></host_values><vulnerabilities><or><vulnerability id="216847263343148493265709372395662317183" name="CVE-2014-5270"><vulner_values><impact>2</impact><cost>7.9</cost><risk>2.1</risk><probability>0.21</probability><defense_cost>10</defense_cost><exploitability>0.37</exploitability></vulner_values></vulnerability></or></vulnerabilities></node><node id="298634021202807625431700950449321956677" name="VM 18"><host_values><impact>2</impact><risk>2.1</risk><probability>0.21</probability><variant>3</variant><asset_value>20</asset_value><cost>7.9</cost><defense_cost>10</defense_cost><exploitability>0.17</exploitability></host_values><vulnerabilities><or><vulnerability id="293255444117858376745985208694993980061" name="CVE-2014-5270"><vulner_values><impact>2</impact><cost>7.9</cost><risk>2.1</risk><probability>0.21</probability><defense_cost>10</defense_cost><exploitability>0.17</exploitability></vulner_values></vulnerability></or></vulnerabilities></node><node id="285565493108106879765432940444829765410" name="VM 10"><host_values><impact>2</impact><risk>2.1</risk><probability>0.21</probability><variant>3</variant><asset_value>20</asset_value><cost>7.9</cost><defense_cost>10</defense_cost><exploitability>0.02</exploitability></host_values><vulnerabilities><or><vulnerability id="172305742819739139507408920443549074671" name="CVE-2014-5270"><vulner_values><impact>2</impact><cost>7.9</cost><risk>2.1</risk><probability>0.21</probability><defense_cost>10</defense_cost><exploitability>0.02</exploitability></vulner_values></vulnerability></or></vulnerabilities></node><node id="134357676953669680591111611447139001193" name="VM 17"><host_values><impact>2</impact><risk>2.1</risk><probability>0.21</probability><variant>2</variant><asset_value>20</asset_value><cost>7.9</cost><defense_cost>10</defense_cost><exploitability>0.87</exploitability></host_values><vulnerabilities><or><vulnerability id="337378182921328937594214388865781524387" name="CVE-2014-5270"><vulner_values><impact>2</impact><cost>7.9</cost><risk>2.1</risk><probability>0.21</probability><defense_cost>10</defense_cost><exploitability>0.87</exploitability></vulner_values></vulnerability></or></vulnerabilities></node><node id="199255713528027360762119626044493455083" name="VM 19"><host_values><impact>2</impact><risk>2.1</risk><probability>0.21</probability><variant>2</variant><asset_value>20</asset_value><cost>7.9</cost><defense_cost>10</defense_cost><exploitability>0.94</exploitability></host_values><vulnerabilities><or><vulnerability id="95235600425006507319548186681289997588" name="CVE-2014-5270"><vulner_values><impact>2</impact><cost>7.9</cost><risk>2.1</risk><probability>0.21</probability><defense_cost>10</defense_cost><exploitability>0.94</exploitability></vulner_values></vulnerability></or></vulnerabilities></node><node id="40063612690380640675779397576914581534" name="VM 11"><host_values><impact>2</impact><risk>2.1</risk><probability>0.21</probability><variant>2</variant><asset_value>20</asset_value><cost>7.9</cost><defense_cost>10</defense_cost><exploitability>0.09</exploitability></host_values><vulnerabilities><or><vulnerability id="321840853090399028762357252987283437105" name="CVE-2014-5270"><vulner_values><impact>2</impact><cost>7.9</cost><risk>2.1</risk><probability>0.21</probability><defense_cost>10</defense_cost><exploitability>0.09</exploitability></vulner_values></vulnerability></or></vulnerabilities></node><node id="203798427200953442954808085346453753519" name="VM 4"><host_values><impact>2</impact><risk>2.1</risk><probability>0.21</probability><variant>3</variant><asset_value>20</asset_value><cost>7.9</cost><defense_cost>10</defense_cost><exploitability>0.61</exploitability></host_values><vulnerabilities><or><vulnerability id="133879758862295573304167349031755585157" name="CVE-2014-5270"><vulner_values><impact>2</impact><cost>7.9</cost><risk>2.1</risk><probability>0.21</probability><defense_cost>10</defense_cost><exploitability>0.61</exploitability></vulner_values></vulnerability></or></vulnerabilities></node></nodes><edges><edge><source>0</source><target>12</target></edge><edge><source>0</source><target>7</target></edge><edge><source>1</source><target>16</target></edge><edge><source>2</source><target>0</target></edge><edge><source>2</source><target>16</target></edge><edge><source>2</source><target>6</target></edge><edge><source>2</source><target>11</target></edge><edge><source>3</source><target>9</target></edge><edge><source>3</source><target>10</target></edge><edge><source>3</source><target>5</target></edge><edge><source>3</source><target>6</target></edge><edge><source>3</source><target>7</target></edge><edge><source>4</source><target>18</target></edge><edge><source>5</source><target>9</target></edge><edge><source>5</source><target>2</target></edge><edge><source>7</source><target>0</target></edge><edge><source>8</source><target>4</target></edge><edge><source>8</source><target>20</target></edge><edge><source>9</source><target>15</target></edge><edge><source>10</source><target>20</target></edge><edge><source>10</source><target>4</target></edge><edge><source>10</source><target>7</target></edge><edge><source>10</source><target>19</target></edge><edge><source>10</source><target>18</target></edge><edge><source>10</source><target>3</target></edge><edge><source>11</source><target>20</target></edge><edge><source>12</source><target>9</target></edge><edge><source>12</source><target>15</target></edge><edge><source>12</source><target>6</target></edge><edge><source>12</source><target>10</target></edge><edge><source>13</source><target>15</target></edge><edge><source>13</source><target>1</target></edge><edge><source>14</source><target>4</target></edge><edge><source>14</source><target>15</target></edge><edge><source>14</source><target>17</target></edge><edge><source>14</source><target>2</target></edge><edge><source>15</source><target>9</target></edge><edge><source>15</source><target>6</target></edge><edge><source>16</source><target>3</target></edge><edge><source>16</source><target>1</target></edge><edge><source>16</source><target>19</target></edge><edge><source>17</source><target>4</target></edge><edge><source>17</source><target>14</target></edge><edge><source>18</source><target>14</target></edge><edge><source>18</source><target>1</target></edge><edge><source>18</source><target>5</target></edge><edge><source>20</source><target>17</target></edge></edges></harm>